08-21-2026 19:59:35 RAM 4259/15389MB (lfb 1168x4MB) SWAP 0/7694MB (cached 0MB) CPU [0%@1984,0%@1984,0%@1984,0%@1984,0%@1958,0%@1958,0%@1958,0%@1958] EMC_FREQ 0% GR3D_FREQ 0% GR3D2_FREQ 0%@0 CV0@55.281C CPU@58.031C SOC2@56.343C SOC0@57.218C CV1@55.375C GPU@55.687C tj@58.656C SOC1@58.656C CV2@55.687C
08-21-2026 19:59:35 RAM 4260/15389MB (lfb 1168x4MB) SWAP 0/7694MB (cached 0MB) CPU [0%@1984,0%@1984,0%@1984,0%@1984,0%@1804,0%@1804,0%@1804,0%@1804] EMC_FREQ 0% GR3D_FREQ 0% GR3D2_FREQ 0%@0 CV0@55.218C CPU@58.281C SOC2@56.406C SOC0@57.281C CV1@55.5C GPU@55.781C tj@58.593C SOC1@58.593C CV2@55.531C
08-21-2026 19:59:35 RAM 4260/15389MB (lfb 1168x4MB) SWAP 0/7694MB (cached 0MB) CPU [0%@1984,33%@1984,0%@1984,0%@1984,50%@1497,0%@1497,0%@1497,0%@1497] EMC_FREQ 0% GR3D_FREQ 0% GR3D2_FREQ 0%@0 CV0@55.437C CPU@58.25C SOC2@56.406C SOC0@57.125C CV1@55.406C GPU@55.937C tj@58.718C SOC1@58.718C CV2@55.531C
08-21-2026 19:59:35 RAM 4260/15389MB (lfb 1168x4MB) SWAP 0/7694MB (cached 0MB) CPU [0%@1984,0%@1984,0%@1984,100%@1984,0%@1651,0%@1651,50%@1651,0%@1651] EMC_FREQ 0% GR3D_FREQ 0% GR3D2_FREQ 0%@0 CV0@55.375C CPU@58.031C SOC2@56.375C SOC0@57.281C CV1@55.531C GPU@55.781C tj@58.687C SOC1@58.687C CV2@55.531C
08-21-2026 19:59:35 RAM 4260/15389MB (lfb 1168x4MB) SWAP 0/7694MB (cached 0MB) CPU [0%@883,0%@883,0%@883,0%@883,0%@960,0%@960,0%@960,0%@960] EMC_FREQ 0% GR3D_FREQ 0% GR3D2_FREQ 0%@0 CV0@55.375C CPU@58.156C SOC2@56.312C SOC0@57.312C CV1@55.375C GPU@55.875C tj@58.843C SOC1@58.843C CV2@55.531C
08-21-2026 19:59:35 RAM 4260/15389MB (lfb 1168x4MB) SWAP 0/7694MB (cached 0MB) CPU [0%@1036,50%@1036,0%@1036,50%@1036,0%@883,0%@883,0%@883,0%@883] EMC_FREQ 0% GR3D_FREQ 0% GR3D2_FREQ 0%@0 CV0@55.281C CPU@58.187C SOC2@56.406C SOC0@57.312C CV1@55.312C GPU@55.812C tj@58.812C SOC1@58.812C CV2@55.531C
08-21-2026 19:59:35 RAM 4260/15389MB (lfb 1168x4MB) SWAP 0/7694MB (cached 0MB) CPU [0%@1984,0%@1984,0%@1984,0%@1984,0%@806,0%@806,50%@806,0%@806] EMC_FREQ 0% GR3D_FREQ 0% GR3D2_FREQ 0%@0 CV0@55.218C CPU@58.062C SOC2@56.406C SOC0@57.281C CV1@55.25C GPU@55.968C tj@58.781C SOC1@58.781C CV2@55.625C
08-21-2026 19:59:35 RAM 4260/15389MB (lfb 1168x4MB) SWAP 0/7694MB (cached 0MB) CPU [50%@806,0%@806,0%@806,50%@806,33%@806,0%@806,50%@806,0%@806] EMC_FREQ 0% GR3D_FREQ 0% GR3D2_FREQ 0%@0 CV0@55.343C CPU@58.031C SOC2@56.343C SOC0@57.218C CV1@55.281C GPU@55.781C tj@58.75C SOC1@58.75C CV2@55.625C
08-21-2026 19:59:35 RAM 4260/15389MB (lfb 1168x4MB) SWAP 0/7694MB (cached 0MB) CPU [0%@729,0%@729,0%@729,0%@729,0%@729,0%@729,0%@729,50%@729] EMC_FREQ 0% GR3D_FREQ 0% GR3D2_FREQ 0%@0 CV0@55.312C CPU@58.093C SOC2@56.375C SOC0@57.281C CV1@55.312C GPU@55.718C tj@58.656C SOC1@58.656C CV2@55.593C
08-21-2026 19:59:35 RAM 4260/15389MB (lfb 1168x4MB) SWAP 0/7694MB (cached 0MB) CPU [100%@1984,0%@1984,0%@1984,50%@1984,0%@729,0%@729,50%@729,0%@729] EMC_FREQ 0% GR3D_FREQ 0% GR3D2_FREQ 0%@0 CV0@55.281C CPU@57.937C SOC2@56.531C SOC0@57.25C CV1@55.25C GPU@55.875C tj@58.75C SOC1@58.75C CV2@55.593C
08-21-2026 19:59:35 RAM 4260/15389MB (lfb 1168x4MB) SWAP 0/7694MB (cached 0MB) CPU [50%@1036,0%@1036,0%@1036,0%@1036,0%@729,0%@729,0%@729,100%@729] EMC_FREQ 0% GR3D_FREQ 0% GR3D2_FREQ 0%@0 CV0@55.25C CPU@58.156C SOC2@56.406C SOC0@57.281C CV1@55.437C GPU@55.625C tj@58.718C SOC1@58.656C CV2@55.531C
08-21-2026 19:59:35 RAM 4260/15389MB (lfb 1168x4MB) SWAP 0/7694MB (cached 0MB) CPU [0%@1984,0%@1984,0%@1984,33%@1984,0%@806,50%@806,0%@806,50%@806] EMC_FREQ 0% GR3D_FREQ 0% GR3D2_FREQ 0%@0 CV0@55.375C CPU@58.156C SOC2@56.468C SOC0@57.281C CV1@55.406C GPU@55.781C tj@58.75C SOC1@58.75C CV2@55.593C
08-21-2026 19:59:35 RAM 4260/15389MB (lfb 1168x4MB) SWAP 0/7694MB (cached 0MB) CPU [0%@806,50%@806,100%@806,0%@806,0%@729,0%@729,0%@729,0%@729] EMC_FREQ 0% GR3D_FREQ 0% GR3D2_FREQ 0%@0 CV0@55.343C CPU@58.156C SOC2@56.437C SOC0@57.187C CV1@55.343C GPU@55.781C tj@58.625C SOC1@58.625C CV2@55.562C
08-21-2026 19:59:35 RAM 4260/15389MB (lfb 1168x4MB) SWAP 0/7694MB (cached 0MB) CPU [0%@729,0%@729,50%@729,0%@729,0%@729,0%@729,0%@729,100%@729] EMC_FREQ 0% GR3D_FREQ 0% GR3D2_FREQ 0%@0 CV0@55.281C CPU@58.093C SOC2@56.468C SOC0@57.187C CV1@55.343C GPU@56C tj@58.75C SOC1@58.75C CV2@55.625C
08-21-2026 19:59:35 RAM 4260/15389MB (lfb 1168x4MB) SWAP 0/7694MB (cached 0MB) CPU [0%@1984,0%@1984,0%@1984,0%@1984,0%@729,50%@729,0%@729,50%@729] EMC_FREQ 0% GR3D_FREQ 0% GR3D2_FREQ 0%@0 CV0@55.312C CPU@58.125C SOC2@56.343C SOC0@57.156C CV1@55.281C GPU@55.875C tj@58.562C SOC1@58.562C CV2@55.531C
08-21-2026 19:59:35 RAM 4260/15389MB (lfb 1168x4MB) SWAP 0/7694MB (cached 0MB) CPU [0%@960,0%@960,50%@960,0%@960,0%@729,0%@729,0%@729,0%@729] EMC_FREQ 0% GR3D_FREQ 0% GR3D2_FREQ 0%@0 CV0@55.375C CPU@58.125C SOC2@56.406C SOC0@57.406C CV1@55.406C GPU@55.718C tj@58.937C SOC1@58.937C CV2@55.468C
08-21-2026 19:59:35 RAM 4260/15389MB (lfb 1168x4MB) SWAP 0/7694MB (cached 0MB) CPU [0%@883,0%@883,0%@883,0%@883,0%@729,0%@729,0%@729,0%@729] EMC_FREQ 0% GR3D_FREQ 0% GR3D2_FREQ 0%@0 CV0@55.312C CPU@58.187C SOC2@56.312C SOC0@57.312C CV1@55.312C GPU@55.812C tj@58.781C SOC1@58.781C CV2@55.468C
08-21-2026 19:59:35 RAM 4260/15389MB (lfb 1168x4MB) SWAP 0/7694MB (cached 0MB) CPU [50%@883,0%@883,100%@883,0%@883,50%@729,0%@729,0%@729,50%@729] EMC_FREQ 0% GR3D_FREQ 0% GR3D2_FREQ 0%@0 CV0@55.25C CPU@57.968C SOC2@56.406C SOC0@57.25C CV1@55.187C GPU@55.812C tj@58.781C SOC1@58.781C CV2@55.656C
08-21-2026 19:59:36 RAM 4260/15389MB (lfb 1168x4MB) SWAP 0/7694MB (cached 0MB) CPU [0%@1984,0%@1984,0%@1984,0%@1984,0%@729,0%@729,0%@729,100%@729] EMC_FREQ 0% GR3D_FREQ 0% GR3D2_FREQ 0%@0 CV0@55.281C CPU@58.093C SOC2@56.312C SOC0@57.281C CV1@55.281C GPU@55.968C tj@58.625C SOC1@58.625C CV2@55.687C
08-21-2026 19:59:36 RAM 4260/15389MB (lfb 1168x4MB) SWAP 0/7694MB (cached 0MB) CPU [50%@883,50%@883,50%@883,0%@883,0%@729,50%@729,0%@729,0%@729] EMC_FREQ 0% GR3D_FREQ 0% GR3D2_FREQ 0%@0 CV0@55.218C CPU@58.062C SOC2@56.343C SOC0@57.156C CV1@55.25C GPU@55.75C tj@58.718C SOC1@58.718C CV2@55.625C
08-21-2026 19:59:36 RAM 4260/15389MB (lfb 1168x4MB) SWAP 0/7694MB (cached 0MB) CPU [0%@1984,0%@1984,50%@1984,0%@1984,0%@729,0%@729,0%@729,0%@729] EMC_FREQ 0% GR3D_FREQ 0% GR3D2_FREQ 0%@0 CV0@55.218C CPU@58.25C SOC2@56.437C SOC0@57.25C CV1@55.375C GPU@55.906C tj@58.75C SOC1@58.75C CV2@55.562C
08-21-2026 19:59:36 RAM 4260/15389MB (lfb 1168x4MB) SWAP 0/7694MB (cached 0MB) CPU [50%@1984,0%@1984,0%@1984,0%@1984,0%@729,50%@729,0%@729,100%@729] EMC_FREQ 0% GR3D_FREQ 0% GR3D2_FREQ 0%@0 CV0@55.25C CPU@58.281C SOC2@56.375C SOC0@57.312C CV1@55.406C GPU@55.843C tj@58.687C SOC1@58.687C CV2@55.5C
08-21-2026 19:59:36 RAM 4260/15389MB (lfb 1168x4MB) SWAP 0/7694MB (cached 0MB) CPU [0%@960,50%@960,100%@960,0%@960,0%@729,0%@729,0%@729,0%@729] EMC_FREQ 0% GR3D_FREQ 0% GR3D2_FREQ 0%@0 CV0@55.468C CPU@58.125C SOC2@56.375C SOC0@57.218C CV1@55.343C GPU@55.718C tj@58.687C SOC1@58.687C CV2@55.531C
08-21-2026 19:59:36 RAM 4260/15389MB (lfb 1168x4MB) SWAP 0/7694MB (cached 0MB) CPU [0%@1984,0%@1984,0%@1984,0%@1984,0%@729,0%@729,0%@729,50%@729] EMC_FREQ 0% GR3D_FREQ 0% GR3D2_FREQ 0%@0 CV0@55.312C CPU@58.156C SOC2@56.312C SOC0@57.218C CV1@55.312C GPU@55.781C tj@58.75C SOC1@58.75C CV2@55.468C
08-21-2026 19:59:36 RAM 4260/15389MB (lfb 1168x4MB) SWAP 0/7694MB (cached 0MB) CPU [0%@729,0%@729,50%@729,0%@729,50%@729,0%@729,0%@729,0%@729] EMC_FREQ 0% GR3D_FREQ 0% GR3D2_FREQ 0%@0 CV0@55.25C CPU@58.156C SOC2@56.343C SOC0@57.312C CV1@55.343C GPU@56.031C tj@58.843C SOC1@58.843C CV2@55.531C
08-21-2026 19:59:36 RAM 4260/15389MB (lfb 1168x4MB) SWAP 0/7694MB (cached 0MB) CPU [0%@1984,50%@1984,0%@1984,0%@1984,0%@729,0%@729,0%@729,0%@729] EMC_FREQ 0% GR3D_FREQ 0% GR3D2_FREQ 0%@0 CV0@55.312C CPU@58.062C SOC2@56.312C SOC0@57.218C CV1@55.312C GPU@55.968C tj@58.937C SOC1@58.937C CV2@55.531C
08-21-2026 19:59:36 RAM 4260/15389MB (lfb 1168x4MB) SWAP 0/7694MB (cached 0MB) CPU [0%@1984,0%@1984,0%@1984,0%@1984,0%@729,0%@729,0%@729,50%@729] EMC_FREQ 0% GR3D_FREQ 0% GR3D2_FREQ 0%@0 CV0@55.218C CPU@58.062C SOC2@56.343C SOC0@57.281C CV1@55.375C GPU@55.687C tj@58.718C SOC1@58.718C CV2@55.531C
08-21-2026 19:59:36 RAM 4260/15389MB (lfb 1168x4MB) SWAP 0/7694MB (cached 0MB) CPU [0%@1984,0%@1984,0%@1984,50%@1984,0%@729,33%@729,0%@729,0%@729] EMC_FREQ 0% GR3D_FREQ 0% GR3D2_FREQ 0%@0 CV0@55.343C CPU@58.406C SOC2@56.281C SOC0@57.281C CV1@55.312C GPU@55.875C tj@58.812C SOC1@58.812C CV2@55.656C
08-21-2026 19:59:36 RAM 4260/15389MB (lfb 1168x4MB) SWAP 0/7694MB (cached 0MB) CPU [100%@1984,0%@1984,0%@1984,100%@1984,0%@729,0%@729,0%@729,100%@729] EMC_FREQ 0% GR3D_FREQ 0% GR3D2_FREQ 0%@0 CV0@55.25C CPU@58.312C SOC2@56.375C SOC0@57.281C CV1@55.406C GPU@55.687C tj@58.781C SOC1@58.781C CV2@55.531C
08-21-2026 19:59:36 RAM 4260/15389MB (lfb 1168x4MB) SWAP 0/7694MB (cached 0MB) CPU [0%@1113,0%@1113,0%@1113,0%@1113,0%@806,0%@806,0%@806,0%@806] EMC_FREQ 0% GR3D_FREQ 0% GR3D2_FREQ 0%@0 CV0@55.187C CPU@58.343C SOC2@56.375C SOC0@57.25C CV1@55.406C GPU@55.718C tj@58.687C SOC1@58.687C CV2@55.531C
08-21-2026 19:59:36 RAM 4260/15389MB (lfb 1168x4MB) SWAP 0/7694MB (cached 0MB) CPU [0%@1036,0%@1036,0%@1036,50%@1036,0%@729,0%@729,0%@729,50%@729] EMC_FREQ 0% GR3D_FREQ 0% GR3D2_FREQ 0%@0 CV0@55.218C CPU@58.218C SOC2@56.437C SOC0@57.281C CV1@55.406C GPU@55.718C tj@58.656C SOC1@58.656C CV2@55.531C
08-21-2026 19:59:36 RAM 4260/15389MB (lfb 1168x4MB) SWAP 0/7694MB (cached 0MB) CPU [50%@1984,0%@1984,0%@1984,0%@1984,0%@729,0%@729,0%@729,100%@729] EMC_FREQ 0% GR3D_FREQ 0% GR3D2_FREQ 0%@0 CV0@55.312C CPU@58.25C SOC2@56.437C SOC0@57.187C CV1@55.406C GPU@56C tj@58.656C SOC1@58.656C CV2@55.531C
08-21-2026 19:59:36 RAM 4260/15389MB (lfb 1168x4MB) SWAP 0/7694MB (cached 0MB) CPU [0%@1984,0%@1984,0%@1984,50%@1984,0%@729,0%@729,0%@729,50%@729] EMC_FREQ 0% GR3D_FREQ 0% GR3D2_FREQ 0%@0 CV0@55.343C CPU@58.156C SOC2@56.343C SOC0@57.406C CV1@55.312C GPU@55.843C tj@58.656C SOC1@58.656C CV2@55.531C
08-21-2026 19:59:36 RAM 4260/15389MB (lfb 1168x4MB) SWAP 0/7694MB (cached 0MB) CPU [66%@883,0%@883,0%@883,100%@883,0%@806,0%@806,50%@806,0%@806] EMC_FREQ 0% GR3D_FREQ 0% GR3D2_FREQ 0%@0 CV0@55.312C CPU@58.25C SOC2@56.375C SOC0@57.375C CV1@55.343C GPU@55.656C tj@58.812C SOC1@58.812C CV2@55.531C
08-21-2026 19:59:36 RAM 4260/15389MB (lfb 1168x4MB) SWAP 0/7694MB (cached 0MB) CPU [0%@883,0%@883,0%@883,0%@883,50%@729,0%@729,0%@729,50%@729] EMC_FREQ 0% GR3D_FREQ 0% GR3D2_FREQ 0%@0 CV0@55.218C CPU@58.25C SOC2@56.343C SOC0@57.375C CV1@55.218C GPU@55.781C tj@58.75C SOC1@58.75C CV2@55.5C
08-21-2026 19:59:36 RAM 4260/15389MB (lfb 1168x4MB) SWAP 0/7694MB (cached 0MB) CPU [0%@1984,0%@1984,50%@1984,50%@1984,0%@729,0%@729,0%@729,0%@729] EMC_FREQ 0% GR3D_FREQ 0% GR3D2_FREQ 0%@0 CV0@55.312C CPU@58.125C SOC2@56.312C SOC0@57.25C CV1@55.218C GPU@55.656C tj@58.875C SOC1@58.875C CV2@55.531C
08-21-2026 19:59:36 RAM 4260/15389MB (lfb 1168x4MB) SWAP 0/7694MB (cached 0MB) CPU [0%@1984,0%@1984,0%@1984,0%@1984,0%@729,0%@729,0%@729,50%@729] EMC_FREQ 0% GR3D_FREQ 0% GR3D2_FREQ 0%@0 CV0@55.312C CPU@58C SOC2@56.531C SOC0@57.218C CV1@55.218C GPU@56C tj@58.656C SOC1@58.656C CV2@55.656C
08-21-2026 19:59:36 RAM 4260/15389MB (lfb 1168x4MB) SWAP 0/7694MB (cached 0MB) CPU [0%@1984,50%@1984,0%@1984,50%@1984,0%@729,0%@729,0%@729,50%@729] EMC_FREQ 0% GR3D_FREQ 0% GR3D2_FREQ 0%@0 CV0@55.218C CPU@58.312C SOC2@56.343C SOC0@57.312C CV1@55.437C GPU@55.812C tj@58.656C SOC1@58.656C CV2@55.562C
08-21-2026 19:59:36 RAM 4260/15389MB (lfb 1168x4MB) SWAP 0/7694MB (cached 0MB) CPU [0%@1984,0%@1984,0%@1984,0%@1984,0%@729,0%@729,0%@729,0%@729] EMC_FREQ 0% GR3D_FREQ 0% GR3D2_FREQ 0%@0 CV0@55.187C CPU@58.312C SOC2@56.406C SOC0@57.281C CV1@55.343C GPU@55.937C tj@58.531C SOC1@58.531C CV2@55.531C
08-21-2026 19:59:36 RAM 4260/15389MB (lfb 1168x4MB) SWAP 0/7694MB (cached 0MB) CPU [0%@729,0%@729,0%@729,0%@729,0%@729,0%@729,0%@729,50%@729] EMC_FREQ 0% GR3D_FREQ 0% GR3D2_FREQ 0%@0 CV0@55.437C CPU@58.343C SOC2@56.312C SOC0@57.281C CV1@55.406C GPU@55.75C tj@58.593C SOC1@58.593C CV2@55.562C
08-21-2026 19:59:36 RAM 4260/15389MB (lfb 1168x4MB) SWAP 0/7694MB (cached 0MB) CPU [0%@1984,0%@1984,0%@1984,50%@1984,0%@729,0%@729,0%@729,50%@729] EMC_FREQ 0% GR3D_FREQ 0% GR3D2_FREQ 0%@0 CV0@55.375C CPU@58.25C SOC2@56.343C SOC0@57.375C CV1@55.343C GPU@55.843C tj@58.625C SOC1@58.625C CV2@55.437C
08-21-2026 19:59:36 RAM 4260/15389MB (lfb 1168x4MB) SWAP 0/7694MB (cached 0MB) CPU [50%@883,0%@883,0%@883,0%@883,33%@729,0%@729,0%@729,0%@729] EMC_FREQ 0% GR3D_FREQ 0% GR3D2_FREQ 0%@0 CV0@55.343C CPU@58.125C SOC2@56.312C SOC0@57.343C CV1@55.312C GPU@55.687C tj@58.812C SOC1@58.812C CV2@55.531C
08-21-2026 19:59:36 RAM 4260/15389MB (lfb 1168x4MB) SWAP 0/7694MB (cached 0MB) CPU [0%@1984,0%@1984,0%@1984,0%@1984,0%@729,0%@729,0%@729,50%@729] EMC_FREQ 0% GR3D_FREQ 0% GR3D2_FREQ 0%@0 CV0@55.281C CPU@58.062C SOC2@56.312C SOC0@57.281C CV1@55.218C GPU@56.125C tj@58.687C SOC1@58.687C CV2@55.531C
08-21-2026 19:59:36 RAM 4260/15389MB (lfb 1168x4MB) SWAP 0/7694MB (cached 0MB) CPU [0%@1984,0%@1984,0%@1984,50%@1984,0%@729,0%@729,0%@729,50%@729] EMC_FREQ 0% GR3D_FREQ 0% GR3D2_FREQ 0%@0 CV0@55.25C CPU@57.937C SOC2@56.312C SOC0@57.281C CV1@55.281C GPU@55.75C tj@58.781C SOC1@58.781C CV2@55.593C
08-21-2026 19:59:36 RAM 4260/15389MB (lfb 1168x4MB) SWAP 0/7694MB (cached 0MB) CPU [0%@1036,50%@1036,0%@1036,0%@1036,0%@729,0%@729,0%@729,0%@729] EMC_FREQ 0% GR3D_FREQ 0% GR3D2_FREQ 0%@0 CV0@55.156C CPU@58C SOC2@56.437C SOC0@57.25C CV1@55.437C GPU@55.875C tj@58.812C SOC1@58.812C CV2@55.625C
08-21-2026 19:59:36 RAM 4260/15389MB (lfb 1168x4MB) SWAP 0/7694MB (cached 0MB) CPU [0%@883,0%@883,0%@883,50%@883,0%@729,0%@729,0%@729,100%@729] EMC_FREQ 0% GR3D_FREQ 0% GR3D2_FREQ 0%@0 CV0@55.187C CPU@57.968C SOC2@56.437C SOC0@57.281C CV1@55.437C GPU@55.843C tj@58.687C SOC1@58.687C CV2@55.625C
08-21-2026 19:59:36 RAM 4260/15389MB (lfb 1168x4MB) SWAP 0/7694MB (cached 0MB) CPU [0%@883,0%@883,0%@883,50%@883,0%@729,0%@729,50%@729,0%@729] EMC_FREQ 0% GR3D_FREQ 0% GR3D2_FREQ 0%@0 CV0@55.218C CPU@57.906C SOC2@56.375C SOC0@57.281C CV1@55.468C GPU@55.656C tj@58.718C SOC1@58.718C CV2@55.531C
08-21-2026 19:59:36 RAM 4260/15389MB (lfb 1168x4MB) SWAP 0/7694MB (cached 0MB) CPU [0%@1984,66%@1984,50%@1984,0%@1984,0%@729,0%@729,0%@729,50%@729] EMC_FREQ 0% GR3D_FREQ 0% GR3D2_FREQ 0%@0 CV0@55.437C CPU@58.343C SOC2@56.406C SOC0@57.218C CV1@55.375C GPU@55.75C tj@58.718C SOC1@58.718C CV2@55.531C
08-21-2026 19:59:36 RAM 4259/15389MB (lfb 1168x4MB) SWAP 0/7694MB (cached 0MB) CPU [0%@1984,0%@1984,0%@1984,0%@1984,0%@729,0%@729,0%@729,100%@729] EMC_FREQ 0% GR3D_FREQ 0% GR3D2_FREQ 0%@0 CV0@55.312C CPU@58.062C SOC2@56.375C SOC0@57.125C CV1@55.25C GPU@56C tj@58.656C SOC1@58.656C CV2@55.531C
08-21-2026 19:59:36 RAM 4259/15389MB (lfb 1168x4MB) SWAP 0/7694MB (cached 0MB) CPU [0%@1984,0%@1984,0%@1984,0%@1984,0%@729,0%@729,0%@729,0%@729] EMC_FREQ 0% GR3D_FREQ 0% GR3D2_FREQ 0%@0 CV0@55.312C CPU@58.156C SOC2@56.468C SOC0@57.312C CV1@55.25C GPU@55.656C tj@58.937C SOC1@58.937C CV2@55.562C
08-21-2026 19:59:36 RAM 4259/15389MB (lfb 1168x4MB) SWAP 0/7694MB (cached 0MB) CPU [0%@1984,0%@1984,0%@1984,0%@1984,0%@729,0%@729,0%@729,0%@729] EMC_FREQ 0% GR3D_FREQ 0% GR3D2_FREQ 0%@0 CV0@55.312C CPU@58.156C SOC2@56.281C SOC0@57.312C CV1@55.25C GPU@55.937C tj@58.687C SOC1@58.687C CV2@55.531C
08-21-2026 19:59:36 RAM 4259/15389MB (lfb 1168x4MB) SWAP 0/7694MB (cached 0MB) CPU [0%@1984,0%@1984,0%@1984,100%@1984,0%@729,0%@729,0%@729,100%@729] EMC_FREQ 0% GR3D_FREQ 0% GR3D2_FREQ 0%@0 CV0@55.25C CPU@58.156C SOC2@56.406C SOC0@57.406C CV1@55.281C GPU@55.906C tj@58.687C SOC1@58.687C CV2@55.687C
08-21-2026 19:59:36 RAM 4259/15389MB (lfb 1168x4MB) SWAP 0/7694MB (cached 0MB) CPU [0%@1984,0%@1984,0%@1984,0%@1984,50%@729,0%@729,0%@729,0%@729] EMC_FREQ 0% GR3D_FREQ 0% GR3D2_FREQ 0%@0 CV0@55.25C CPU@57.937C SOC2@56.437C SOC0@57.218C CV1@55.406C GPU@55.656C tj@58.875C SOC1@58.875C CV2@55.531C
08-21-2026 19:59:36 RAM 4259/15389MB (lfb 1168x4MB) SWAP 0/7694MB (cached 0MB) CPU [0%@883,0%@883,0%@883,0%@883,0%@729,0%@729,0%@729,50%@729] EMC_FREQ 0% GR3D_FREQ 0% GR3D2_FREQ 0%@0 CV0@55.187C CPU@58.25C SOC2@56.468C SOC0@57.25C CV1@55.375C GPU@55.812C tj@58.812C SOC1@58.812C CV2@55.531C
08-21-2026 19:59:36 RAM 4259/15389MB (lfb 1168x4MB) SWAP 0/7694MB (cached 0MB) CPU [50%@1984,0%@1984,0%@1984,50%@1984,0%@729,0%@729,0%@729,50%@729] EMC_FREQ 0% GR3D_FREQ 0% GR3D2_FREQ 0%@0 CV0@55.406C CPU@58.156C SOC2@56.343C SOC0@57.187C CV1@55.375C GPU@56.062C tj@58.781C SOC1@58.781C CV2@55.531C
08-21-2026 19:59:36 RAM 4259/15389MB (lfb 1168x4MB) SWAP 0/7694MB (cached 0MB) CPU [50%@1984,0%@1984,0%@1984,0%@1984,0%@729,0%@729,0%@729,0%@729] EMC_FREQ 0% GR3D_FREQ 0% GR3D2_FREQ 0%@0 CV0@55.343C CPU@58.187C SOC2@56.343C SOC0@57.218C CV1@55.281C GPU@55.75C tj@58.562C SOC1@58.562C CV2@55.562C
08-21-2026 19:59:36 RAM 4259/15389MB (lfb 1168x4MB) SWAP 0/7694MB (cached 0MB) CPU [0%@1113,50%@1113,50%@1113,50%@1113,0%@729,0%@729,50%@729,50%@729] EMC_FREQ 0% GR3D_FREQ 0% GR3D2_FREQ 0%@0 CV0@55.375C CPU@58.218C SOC2@56.437C SOC0@57.343C CV1@55.375C GPU@55.687C tj@58.812C SOC1@58.812C CV2@55.531C
08-21-2026 19:59:36 RAM 4259/15389MB (lfb 1168x4MB) SWAP 0/7694MB (cached 0MB) CPU [0%@1036,0%@1036,0%@1036,50%@1036,0%@729,0%@729,0%@729,0%@729] EMC_FREQ 0% GR3D_FREQ 0% GR3D2_FREQ 0%@0 CV0@55.281C CPU@58.125C SOC2@56.468C SOC0@57.375C CV1@55.281C GPU@55.937C tj@58.781C SOC1@58.75C CV2@55.5C
08-21-2026 19:59:36 RAM 4259/15389MB (lfb 1168x4MB) SWAP 0/7694MB (cached 0MB) CPU [0%@960,0%@960,0%@960,50%@960,0%@729,0%@729,50%@729,0%@729] EMC_FREQ 0% GR3D_FREQ 0% GR3D2_FREQ 0%@0 CV0@55.281C CPU@58.25C SOC2@56.375C SOC0@57.218C CV1@55.25C GPU@55.687C tj@58.718C SOC1@58.718C CV2@55.593C
08-21-2026 19:59:36 RAM 4259/15389MB (lfb 1168x4MB) SWAP 0/7694MB (cached 0MB) CPU [66%@806,0%@806,0%@806,0%@806,50%@729,0%@729,0%@729,0%@729] EMC_FREQ 0% GR3D_FREQ 0% GR3D2_FREQ 0%@0 CV0@55.312C CPU@58.031C SOC2@56.281C SOC0@57.375C CV1@55.25C GPU@55.656C tj@58.843C SOC1@58.843C CV2@55.75C
08-21-2026 19:59:36 RAM 4259/15389MB (lfb 1168x4MB) SWAP 0/7694MB (cached 0MB) CPU [0%@1984,0%@1984,0%@1984,50%@1984,0%@729,0%@729,0%@729,66%@729] EMC_FREQ 0% GR3D_FREQ 0% GR3D2_FREQ 0%@0 CV0@55.187C CPU@58.281C SOC2@56.375C SOC0@57.281C CV1@55.281C GPU@55.781C tj@58.625C SOC1@58.625C CV2@55.656C
08-21-2026 19:59:36 RAM 4260/15389MB (lfb 1168x4MB) SWAP 0/7694MB (cached 0MB) CPU [50%@729,50%@729,0%@729,0%@729,50%@729,0%@729,0%@729,0%@729] EMC_FREQ 0% GR3D_FREQ 0% GR3D2_FREQ 0%@0 CV0@55.312C CPU@58.187C SOC2@56.531C SOC0@57.281C CV1@55.343C GPU@56C tj@58.781C SOC1@58.781C CV2@55.531C
08-21-2026 19:59:36 RAM 4260/15389MB (lfb 1168x4MB) SWAP 0/7694MB (cached 0MB) CPU [0%@729,0%@729,0%@729,0%@729,0%@729,0%@729,0%@729,0%@729] EMC_FREQ 0% GR3D_FREQ 0% GR3D2_FREQ 0%@0 CV0@55.218C CPU@58.281C SOC2@56.406C SOC0@57.218C CV1@55.468C GPU@55.906C tj@58.75C SOC1@58.75C CV2@55.531C
08-21-2026 19:59:36 RAM 4260/15389MB (lfb 1168x4MB) SWAP 0/7694MB (cached 0MB) CPU [0%@1984,0%@1984,0%@1984,100%@1984,0%@729,0%@729,50%@729,50%@729] EMC_FREQ 0% GR3D_FREQ 0% GR3D2_FREQ 0%@0 CV0@55.187C CPU@58.25C SOC2@56.468C SOC0@57.25C CV1@55.437C GPU@55.75C tj@58.656C SOC1@58.656C CV2@55.593C
08-21-2026 19:59:36 RAM 4260/15389MB (lfb 1168x4MB) SWAP 0/7694MB (cached 0MB) CPU [0%@883,0%@883,0%@883,50%@883,0%@729,0%@729,0%@729,0%@729] EMC_FREQ 0% GR3D_FREQ 0% GR3D2_FREQ 0%@0 CV0@55.375C CPU@58.156C SOC2@56.406C SOC0@57.281C CV1@55.312C GPU@55.843C tj@58.687C SOC1@58.687C CV2@55.562C
08-21-2026 19:59:36 RAM 4260/15389MB (lfb 1168x4MB) SWAP 0/7694MB (cached 0MB) CPU [0%@806,0%@806,0%@806,0%@806,0%@729,0%@729,0%@729,50%@729] EMC_FREQ 0% GR3D_FREQ 0% GR3D2_FREQ 0%@0 CV0@55.343C CPU@58.125C SOC2@56.406C SOC0@57.343C CV1@55.281C GPU@55.625C tj@58.625C SOC1@58.625C CV2@55.531C
08-21-2026 19:59:36 RAM 4260/15389MB (lfb 1168x4MB) SWAP 0/7694MB (cached 0MB) CPU [0%@1984,0%@1984,0%@1984,50%@1984,0%@729,0%@729,0%@729,100%@729] EMC_FREQ 0% GR3D_FREQ 0% GR3D2_FREQ 0%@0 CV0@55.25C CPU@58.156C SOC2@56.375C SOC0@57.312C CV1@55.25C GPU@56C tj@58.937C SOC1@58.937C CV2@55.5C
08-21-2026 19:59:36 RAM 4260/15389MB (lfb 1168x4MB) SWAP 0/7694MB (cached 0MB) CPU [50%@1984,0%@1984,0%@1984,0%@1984,50%@729,0%@729,0%@729,50%@729] EMC_FREQ 0% GR3D_FREQ 0% GR3D2_FREQ 0%@0 CV0@55.281C CPU@58.25C SOC2@56.375C SOC0@57.281C CV1@55.25C GPU@55.781C tj@58.687C SOC1@58.687C CV2@55.562C
08-21-2026 19:59:36 RAM 4260/15389MB (lfb 1168x4MB) SWAP 0/7694MB (cached 0MB) CPU [0%@960,0%@960,0%@960,0%@960,0%@729,0%@729,50%@729,0%@729] EMC_FREQ 0% GR3D_FREQ 0% GR3D2_FREQ 0%@0 CV0@55.312C CPU@57.937C SOC2@56.343C SOC0@57.281C CV1@55.281C GPU@55.906C tj@58.781C SOC1@58.781C CV2@55.625C
08-21-2026 19:59:36 RAM 4260/15389MB (lfb 1168x4MB) SWAP 0/7694MB (cached 0MB) CPU [0%@806,50%@806,0%@806,0%@806,0%@729,0%@729,0%@729,50%@729] EMC_FREQ 0% GR3D_FREQ 0% GR3D2_FREQ 0%@0 CV0@55.156C CPU@58.343C SOC2@56.468C SOC0@57.218C CV1@55.281C GPU@55.687C tj@58.75C SOC1@58.75C CV2@55.562C
08-21-2026 19:59:36 RAM 4260/15389MB (lfb 1168x4MB) SWAP 0/7694MB (cached 0MB) CPU [0%@1984,0%@1984,0%@1984,0%@1984,0%@729,0%@729,0%@729,0%@729] EMC_FREQ 0% GR3D_FREQ 0% GR3D2_FREQ 0%@0 CV0@55.25C CPU@58.312C SOC2@56.343C SOC0@57.281C CV1@55.468C GPU@55.656C tj@58.625C SOC1@58.718C CV2@55.656C
08-21-2026 19:59:36 RAM 4260/15389MB (lfb 1168x4MB) SWAP 0/7694MB (cached 0MB) CPU [0%@806,0%@806,0%@806,0%@806,50%@729,0%@729,0%@729,0%@729] EMC_FREQ 0% GR3D_FREQ 0% GR3D2_FREQ 0%@0 CV0@55.343C CPU@58.343C SOC2@56.406C SOC0@57.187C CV1@55.406C GPU@55.75C tj@58.593C SOC1@58.593C CV2@55.593C
08-21-2026 19:59:36 RAM 4260/15389MB (lfb 1168x4MB) SWAP 0/7694MB (cached 0MB) CPU [0%@1036,0%@1036,0%@1036,0%@1036,0%@729,0%@729,0%@729,50%@729] EMC_FREQ 0% GR3D_FREQ 0% GR3D2_FREQ 0%@0 CV0@55.375C CPU@58.218C SOC2@56.375C SOC0@57.25C CV1@55.281C GPU@55.968C tj@58.75C SOC1@58.718C CV2@55.5C
08-21-2026 19:59:36 RAM 4260/15389MB (lfb 1168x4MB) SWAP 0/7694MB (cached 0MB) CPU [0%@1984,50%@1984,50%@1984,50%@1984,0%@729,0%@729,0%@729,100%@729] EMC_FREQ 0% GR3D_FREQ 0% GR3D2_FREQ 0%@0 CV0@55.343C CPU@58.187C SOC2@56.406C SOC0@57.218C CV1@55.343C GPU@55.718C tj@58.562C SOC1@58.562C CV2@55.531C
08-21-2026 19:59:36 RAM 4260/15389MB (lfb 1168x4MB) SWAP 0/7694MB (cached 0MB) CPU [0%@1984,50%@1984,0%@1984,100%@1984,0%@729,0%@729,50%@729,0%@729] EMC_FREQ 0% GR3D_FREQ 0% GR3D2_FREQ 0%@0 CV0@55.343C CPU@58C SOC2@56.375C SOC0@57.312C CV1@55.25C GPU@55.718C tj@58.875C SOC1@58.875C CV2@55.468C
08-21-2026 19:59:36 RAM 4260/15389MB (lfb 1168x4MB) SWAP 0/7694MB (cached 0MB) CPU [0%@1984,0%@1984,0%@1984,0%@1984,0%@729,0%@729,0%@729,50%@729] EMC_FREQ 0% GR3D_FREQ 0% GR3D2_FREQ 0%@0 CV0@55.343C CPU@58.062C SOC2@56.375C SOC0@57.25C CV1@55.281C GPU@55.968C tj@58.875C SOC1@58.875C CV2@55.531C
08-21-2026 19:59:36 RAM 4260/15389MB (lfb 1168x4MB) SWAP 0/7694MB (cached 0MB) CPU [0%@1984,0%@1984,0%@1984,0%@1984,0%@729,0%@729,0%@729,0%@729] EMC_FREQ 0% GR3D_FREQ 0% GR3D2_FREQ 0%@0 CV0@55.25C CPU@58.125C SOC2@56.375C SOC0@57.25C CV1@55.25C GPU@55.687C tj@58.812C SOC1@58.812C CV2@55.656C
08-21-2026 19:59:36 RAM 4260/15389MB (lfb 1168x4MB) SWAP 0/7694MB (cached 0MB) CPU [0%@1984,0%@1984,0%@1984,50%@1984,0%@883,0%@883,50%@883,50%@883] EMC_FREQ 0% GR3D_FREQ 0% GR3D2_FREQ 0%@0 CV0@55.156C CPU@58.062C SOC2@56.531C SOC0@57.25C CV1@55.281C GPU@55.781C tj@58.812C SOC1@58.812C CV2@55.593C
08-21-2026 19:59:36 RAM 4260/15389MB (lfb 1168x4MB) SWAP 0/7694MB (cached 0MB) CPU [0%@1984,0%@1984,0%@1984,100%@1984,0%@729,0%@729,0%@729,0%@729] EMC_FREQ 0% GR3D_FREQ 0% GR3D2_FREQ 0%@0 CV0@55.25C CPU@58.125C SOC2@56.406C SOC0@57.281C CV1@55.468C GPU@55.656C tj@58.781C SOC1@58.781C CV2@55.562C
08-21-2026 19:59:36 RAM 4260/15389MB (lfb 1168x4MB) SWAP 0/7694MB (cached 0MB) CPU [0%@1984,0%@1984,0%@1984,0%@1984,0%@729,0%@729,0%@729,0%@729] EMC_FREQ 0% GR3D_FREQ 0% GR3D2_FREQ 0%@0 CV0@55.406C CPU@58.437C SOC2@56.437C SOC0@57.156C CV1@55.375C GPU@55.718C tj@58.656C SOC1@58.656C CV2@55.562C
08-21-2026 19:59:36 RAM 4260/15389MB (lfb 1168x4MB) SWAP 0/7694MB (cached 0MB) CPU [66%@1984,0%@1984,0%@1984,50%@1984,100%@806,0%@806,0%@806,0%@806] EMC_FREQ 0% GR3D_FREQ 0% GR3D2_FREQ 0%@0 CV0@55.406C CPU@58.156C SOC2@56.468C SOC0@57.312C CV1@55.343C GPU@55.75C tj@58.656C SOC1@58.656C CV2@55.625C
08-21-2026 19:59:36 RAM 4260/15389MB (lfb 1168x4MB) SWAP 0/7694MB (cached 0MB) CPU [0%@1984,0%@1984,0%@1984,0%@1984,50%@806,0%@806,50%@806,50%@806] EMC_FREQ 0% GR3D_FREQ 0% GR3D2_FREQ 0%@0 CV0@55.343C CPU@58C SOC2@56.375C SOC0@57.281C CV1@55.281C GPU@55.875C tj@58.843C SOC1@58.843C CV2@55.5C
08-21-2026 19:59:36 RAM 4260/15389MB (lfb 1168x4MB) SWAP 0/7694MB (cached 0MB) CPU [0%@883,50%@883,0%@883,100%@883,0%@729,0%@729,0%@729,0%@729] EMC_FREQ 0% GR3D_FREQ 0% GR3D2_FREQ 0%@0 CV0@55.25C CPU@58.218C SOC2@56.343C SOC0@57.25C CV1@55.281C GPU@55.781C tj@58.718C SOC1@58.718C CV2@55.468C
08-21-2026 19:59:36 RAM 4260/15389MB (lfb 1168x4MB) SWAP 0/7694MB (cached 0MB) CPU [0%@729,0%@729,0%@729,0%@729,0%@806,0%@806,0%@806,0%@806] EMC_FREQ 0% GR3D_FREQ 0% GR3D2_FREQ 0%@0 CV0@55.281C CPU@58.031C SOC2@56.312C SOC0@57.281C CV1@55.218C GPU@55.781C tj@58.812C SOC1@58.812C CV2@55.625C
08-21-2026 19:59:36 RAM 4260/15389MB (lfb 1168x4MB) SWAP 0/7694MB (cached 0MB) CPU [0%@1984,0%@1984,0%@1984,0%@1984,0%@806,50%@806,0%@806,0%@806] EMC_FREQ 0% GR3D_FREQ 0% GR3D2_FREQ 0%@0 CV0@55.187C CPU@58.125C SOC2@56.406C SOC0@57.281C CV1@55.25C GPU@55.781C tj@58.656C SOC1@58.656C CV2@55.656C
08-21-2026 19:59:36 RAM 4260/15389MB (lfb 1168x4MB) SWAP 0/7694MB (cached 0MB) CPU [50%@1984,0%@1984,0%@1984,100%@1984,0%@729,0%@729,0%@729,0%@729] EMC_FREQ 0% GR3D_FREQ 0% GR3D2_FREQ 0%@0 CV0@55.343C CPU@58.062C SOC2@56.406C SOC0@57.375C CV1@55.343C GPU@55.968C tj@58.718C SOC1@58.718C CV2@55.687C
08-21-2026 19:59:36 RAM 4260/15389MB (lfb 1168x4MB) SWAP 0/7694MB (cached 0MB) CPU [0%@1036,0%@1984,0%@1984,50%@1984,0%@729,0%@729,0%@729,50%@729] EMC_FREQ 0% GR3D_FREQ 0% GR3D2_FREQ 0%@0 CV0@55.25C CPU@58.031C SOC2@56.5C SOC0@57.281C CV1@55.437C GPU@55.781C tj@58.718C SOC1@58.718C CV2@55.531C
08-21-2026 19:59:36 RAM 4260/15389MB (lfb 1168x4MB) SWAP 0/7694MB (cached 0MB) CPU [0%@1036,0%@1036,0%@1036,0%@1036,0%@729,50%@729,0%@729,0%@729] EMC_FREQ 0% GR3D_FREQ 0% GR3D2_FREQ 0%@0 CV0@55.187C CPU@58.156C SOC2@56.375C SOC0@57.25C CV1@55.343C GPU@55.875C tj@58.656C SOC1@58.656C CV2@55.437C
08-21-2026 19:59:36 RAM 4260/15389MB (lfb 1168x4MB) SWAP 0/7694MB (cached 0MB) CPU [0%@883,0%@883,0%@883,50%@883,0%@729,0%@729,50%@729,0%@729] EMC_FREQ 0% GR3D_FREQ 0% GR3D2_FREQ 0%@0 CV0@55.343C CPU@58.218C SOC2@56.375C SOC0@57.187C CV1@55.312C GPU@55.906C tj@58.656C SOC1@58.656C CV2@55.531C
08-21-2026 19:59:36 RAM 4260/15389MB (lfb 1168x4MB) SWAP 0/7694MB (cached 0MB) CPU [0%@1984,0%@1984,0%@1984,50%@1984,0%@729,0%@729,0%@729,0%@729] EMC_FREQ 0% GR3D_FREQ 0% GR3D2_FREQ 0%@0 CV0@55.281C CPU@58.093C SOC2@56.343C SOC0@57.437C CV1@55.281C GPU@55.687C tj@58.625C SOC1@58.625C CV2@55.5C
08-21-2026 19:59:36 RAM 4260/15389MB (lfb 1168x4MB) SWAP 0/7694MB (cached 0MB) CPU [0%@883,0%@883,0%@883,0%@883,0%@729,0%@729,50%@729,33%@729] EMC_FREQ 0% GR3D_FREQ 0% GR3D2_FREQ 0%@0 CV0@55.218C CPU@58.156C SOC2@56.343C SOC0@57.343C CV1@55.281C GPU@55.75C tj@58.75C SOC1@58.75C CV2@55.593C
08-21-2026 19:59:36 RAM 4260/15389MB (lfb 1168x4MB) SWAP 0/7694MB (cached 0MB) CPU [0%@1984,0%@1984,0%@1984,0%@1984,0%@729,0%@729,100%@729,0%@729] EMC_FREQ 0% GR3D_FREQ 0% GR3D2_FREQ 0%@0 CV0@55.281C CPU@58.093C SOC2@56.375C SOC0@57.281C CV1@55.312C GPU@56.031C tj@58.906C SOC1@58.906C CV2@55.562C
08-21-2026 19:59:36 RAM 4260/15389MB (lfb 1168x4MB) SWAP 0/7694MB (cached 0MB) CPU [0%@883,33%@883,0%@883,50%@883,50%@729,0%@729,50%@729,0%@729] EMC_FREQ 0% GR3D_FREQ 0% GR3D2_FREQ 0%@0 CV0@55.25C CPU@58C SOC2@56.375C SOC0@57.343C CV1@55.187C GPU@55.937C tj@58.812C SOC1@58.812C CV2@55.718C
08-21-2026 19:59:36 RAM 4260/15389MB (lfb 1168x4MB) SWAP 0/7694MB (cached 0MB) CPU [0%@1984,0%@1984,0%@1984,0%@1984,0%@729,0%@729,0%@729,0%@729] EMC_FREQ 0% GR3D_FREQ 0% GR3D2_FREQ 0%@0 CV0@55.25C CPU@58.062C SOC2@56.437C SOC0@57.25C CV1@55.281C GPU@55.75C tj@58.718C SOC1@58.718C CV2@55.656C
08-21-2026 19:59:36 RAM 4260/15389MB (lfb 1168x4MB) SWAP 0/7694MB (cached 0MB) CPU [66%@1984,0%@1984,0%@1984,100%@1984,0%@729,0%@729,0%@729,0%@729] EMC_FREQ 0% GR3D_FREQ 0% GR3D2_FREQ 0%@0 CV0@55.343C CPU@58.156C SOC2@56.406C SOC0@57.281C CV1@55.406C GPU@55.875C tj@58.843C SOC1@58.843C CV2@55.625C
08-21-2026 19:59:36 RAM 4260/15389MB (lfb 1168x4MB) SWAP 0/7694MB (cached 0MB) CPU [50%@1984,0%@1984,0%@1984,0%@1984,0%@729,0%@729,100%@729,0%@729] EMC_FREQ 0% GR3D_FREQ 0% GR3D2_FREQ 0%@0 CV0@55.218C CPU@58.25C SOC2@56.406C SOC0@57.25C CV1@55.437C GPU@55.687C tj@58.562C SOC1@58.562C CV2@55.5C
08-21-2026 19:59:37 RAM 4260/15389MB (lfb 1168x4MB) SWAP 0/7694MB (cached 0MB) CPU [0%@1984,0%@1984,0%@1984,50%@1984,0%@729,0%@729,50%@729,0%@729] EMC_FREQ 0% GR3D_FREQ 0% GR3D2_FREQ 0%@0 CV0@55.375C CPU@58.062C SOC2@56.406C SOC0@57.187C CV1@55.375C GPU@55.718C tj@58.718C SOC1@58.718C CV2@55.468C
08-21-2026 19:59:37 RAM 4260/15389MB (lfb 1168x4MB) SWAP 0/7694MB (cached 0MB) CPU [0%@1984,50%@1984,0%@1984,50%@1984,0%@729,0%@729,0%@729,50%@729] EMC_FREQ 0% GR3D_FREQ 0% GR3D2_FREQ 0%@0 CV0@55.406C CPU@58.093C SOC2@56.375C SOC0@57.406C CV1@55.312C GPU@55.687C tj@58.562C SOC1@58.562C CV2@55.5C
08-21-2026 19:59:37 RAM 4260/15389MB (lfb 1168x4MB) SWAP 0/7694MB (cached 0MB) CPU [0%@1984,0%@1984,33%@1984,0%@1984,0%@729,0%@729,100%@729,0%@729] EMC_FREQ 0% GR3D_FREQ 0% GR3D2_FREQ 0%@0 CV0@55.312C CPU@58.25C SOC2@56.281C SOC0@57.343C CV1@55.312C GPU@55.906C tj@58.812C SOC1@58.812C CV2@55.562C
08-21-2026 19:59:37 RAM 4260/15389MB (lfb 1168x4MB) SWAP 0/7694MB (cached 0MB) CPU [0%@883,0%@883,0%@883,0%@883,66%@729,0%@729,0%@729,0%@729] EMC_FREQ 0% GR3D_FREQ 0% GR3D2_FREQ 0%@0 CV0@55.343C CPU@58.187C SOC2@56.25C SOC0@57.312C CV1@55.218C GPU@55.718C tj@58.75C SOC1@58.75C CV2@55.531C
08-21-2026 19:59:37 RAM 4260/15389MB (lfb 1168x4MB) SWAP 0/7694MB (cached 0MB) CPU [0%@1036,50%@1036,0%@1036,100%@1036,0%@729,0%@729,50%@729,50%@729] EMC_FREQ 0% GR3D_FREQ 0% GR3D2_FREQ 0%@0 CV0@55.312C CPU@58.125C SOC2@56.312C SOC0@57.312C CV1@55.281C GPU@55.687C tj@58.75C SOC1@58.75C CV2@55.562C
08-21-2026 19:59:37 RAM 4260/15389MB (lfb 1168x4MB) SWAP 0/7694MB (cached 0MB) CPU [0%@1984,0%@1984,0%@1984,0%@1984,0%@729,0%@729,0%@729,0%@729] EMC_FREQ 0% GR3D_FREQ 0% GR3D2_FREQ 0%@0 CV0@55.281C CPU@58.375C SOC2@56.218C SOC0@57.281C CV1@55.187C GPU@55.812C tj@58.843C SOC1@58.843C CV2@55.593C
08-21-2026 19:59:37 RAM 4260/15389MB (lfb 1168x4MB) SWAP 0/7694MB (cached 0MB) CPU [0%@1984,0%@1984,0%@1984,50%@1984,0%@729,0%@729,50%@729,0%@729] EMC_FREQ 0% GR3D_FREQ 0% GR3D2_FREQ 0%@0 CV0@55.25C CPU@58.312C SOC2@56.468C SOC0@57.187C CV1@55.406C GPU@55.656C tj@58.656C SOC1@58.656C CV2@55.562C
08-21-2026 19:59:37 RAM 4260/15389MB (lfb 1168x4MB) SWAP 0/7694MB (cached 0MB) CPU [0%@1984,0%@1984,0%@1984,0%@1984,0%@729,0%@729,0%@729,0%@729] EMC_FREQ 0% GR3D_FREQ 0% GR3D2_FREQ 0%@0 CV0@55.125C CPU@58.281C SOC2@56.375C SOC0@57.25C CV1@55.406C GPU@55.781C tj@58.718C SOC1@58.718C CV2@55.5C
08-21-2026 19:59:37 RAM 4260/15389MB (lfb 1168x4MB) SWAP 0/7694MB (cached 0MB) CPU [0%@1984,50%@1984,33%@1984,100%@1984,0%@729,0%@729,50%@729,0%@729] EMC_FREQ 0% GR3D_FREQ 0% GR3D2_FREQ 0%@0 CV0@55.468C CPU@58.281C SOC2@56.343C SOC0@57.218C CV1@55.281C GPU@56C tj@58.75C SOC1@58.75C CV2@55.531C
08-21-2026 19:59:37 RAM 4260/15389MB (lfb 1168x4MB) SWAP 0/7694MB (cached 0MB) CPU [0%@883,0%@883,50%@883,0%@883,0%@729,0%@729,0%@729,0%@729] EMC_FREQ 0% GR3D_FREQ 0% GR3D2_FREQ 0%@0 CV0@55.468C CPU@58.281C SOC2@56.437C SOC0@57.218C CV1@55.343C GPU@56C tj@58.656C SOC1@58.656C CV2@55.531C
08-21-2026 19:59:37 RAM 4260/15389MB (lfb 1168x4MB) SWAP 0/7694MB (cached 0MB) CPU [75%@1984,0%@1984,0%@1984,50%@1984,0%@729,0%@729,66%@729,0%@729] EMC_FREQ 0% GR3D_FREQ 0% GR3D2_FREQ 0%@0 CV0@55.468C CPU@58.281C SOC2@56.437C SOC0@57.218C CV1@55.25C GPU@55.687C tj@58.875C SOC1@58.875C CV2@55.468C
08-21-2026 19:59:37 RAM 4260/15389MB (lfb 1168x4MB) SWAP 0/7694MB (cached 0MB) CPU [0%@806,0%@806,0%@806,0%@806,0%@729,0%@729,0%@729,0%@729] EMC_FREQ 0% GR3D_FREQ 0% GR3D2_FREQ 0%@0 CV0@55.281C CPU@58.125C SOC2@56.437C SOC0@57.375C CV1@55.375C GPU@55.937C tj@58.687C SOC1@58.968C CV2@55.5C
08-21-2026 19:59:37 RAM 4260/15389MB (lfb 1168x4MB) SWAP 0/7694MB (cached 0MB) CPU [0%@1984,0%@1984,0%@1984,0%@1984,0%@729,0%@729,100%@729,0%@729] EMC_FREQ 0% GR3D_FREQ 0% GR3D2_FREQ 0%@0 CV0@55.343C CPU@58.125C SOC2@56.375C SOC0@57.25C CV1@55.25C GPU@55.656C tj@58.875C SOC1@58.875C CV2@55.656C
08-21-2026 19:59:37 RAM 4260/15389MB (lfb 1168x4MB) SWAP 0/7694MB (cached 0MB) CPU [0%@1984,0%@1984,0%@1984,0%@1984,50%@729,0%@729,0%@729,0%@729] EMC_FREQ 0% GR3D_FREQ 0% GR3D2_FREQ 0%@0 CV0@55.281C CPU@58C SOC2@56.437C SOC0@57.218C CV1@55.25C GPU@56.062C tj@58.718C SOC1@58.718C CV2@55.75C
08-21-2026 19:59:37 RAM 4260/15389MB (lfb 1168x4MB) SWAP 0/7694MB (cached 0MB) CPU [0%@1984,0%@1984,0%@1984,50%@1984,0%@729,0%@729,0%@729,50%@729] EMC_FREQ 0% GR3D_FREQ 0% GR3D2_FREQ 0%@0 CV0@55.218C CPU@58.031C SOC2@56.531C SOC0@57.25C CV1@55.437C GPU@55.781C tj@58.781C SOC1@58.781C CV2@55.656C
08-21-2026 19:59:37 RAM 4260/15389MB (lfb 1168x4MB) SWAP 0/7694MB (cached 0MB) CPU [0%@1984,0%@1984,0%@1984,0%@1984,0%@729,0%@729,100%@729,0%@729] EMC_FREQ 0% GR3D_FREQ 0% GR3D2_FREQ 0%@0 CV0@55.218C CPU@58.406C SOC2@56.312C SOC0@57.218C CV1@55.312C GPU@55.937C tj@58.718C SOC1@58.718C CV2@55.5C
08-21-2026 19:59:37 RAM 4260/15389MB (lfb 1168x4MB) SWAP 0/7694MB (cached 0MB) CPU [0%@1984,50%@1984,0%@1984,100%@1984,50%@729,0%@729,50%@729,50%@729] EMC_FREQ 0% GR3D_FREQ 0% GR3D2_FREQ 0%@0 CV0@55.375C CPU@58.25C SOC2@56.468C SOC0@57.25C CV1@55.406C GPU@55.781C tj@58.718C SOC1@58.718C CV2@55.531C
08-21-2026 19:59:37 RAM 4260/15389MB (lfb 1168x4MB) SWAP 0/7694MB (cached 0MB) CPU [0%@1984,0%@1984,33%@1984,50%@1984,0%@729,0%@729,0%@729,0%@729] EMC_FREQ 0% GR3D_FREQ 0% GR3D2_FREQ 0%@0 CV0@55.187C CPU@58.062C SOC2@56.468C SOC0@57.281C CV1@55.312C GPU@55.812C tj@58.906C SOC1@58.906C CV2@55.5C
08-21-2026 19:59:37 RAM 4260/15389MB (lfb 1168x4MB) SWAP 0/7694MB (cached 0MB) CPU [0%@1984,50%@1984,0%@1984,0%@1984,0%@729,0%@729,0%@729,0%@729] EMC_FREQ 0% GR3D_FREQ 0% GR3D2_FREQ 0%@0 CV0@55.25C CPU@58.031C SOC2@56.343C SOC0@57.375C CV1@55.343C GPU@55.843C tj@58.906C SOC1@58.906C CV2@55.531C
08-21-2026 19:59:37 RAM 4260/15389MB (lfb 1168x4MB) SWAP 0/7694MB (cached 0MB) CPU [0%@1984,0%@1984,0%@1984,0%@1984,0%@729,0%@729,100%@729,0%@729] EMC_FREQ 0% GR3D_FREQ 0% GR3D2_FREQ 0%@0 CV0@55.312C CPU@58.031C SOC2@56.406C SOC0@57.281C CV1@55.218C GPU@56.031C tj@58.906C SOC1@58.906C CV2@55.468C
08-21-2026 19:59:37 RAM 4260/15389MB (lfb 1168x4MB) SWAP 0/7694MB (cached 0MB) CPU [0%@960,0%@960,0%@960,0%@960,33%@729,0%@729,50%@729,0%@729] EMC_FREQ 0% GR3D_FREQ 0% GR3D2_FREQ 0%@0 CV0@55.375C CPU@58.093C SOC2@56.406C SOC0@57.187C CV1@55.312C GPU@55.718C tj@58.781C SOC1@58.781C CV2@55.687C
08-21-2026 19:59:37 RAM 4260/15389MB (lfb 1168x4MB) SWAP 0/7694MB (cached 0MB) CPU [0%@1984,0%@1984,0%@1984,100%@1984,0%@729,0%@729,0%@729,0%@729] EMC_FREQ 0% GR3D_FREQ 0% GR3D2_FREQ 0%@0 CV0@55.25C CPU@58.031C SOC2@56.468C SOC0@57.281C CV1@55.187C GPU@55.906C tj@58.75C SOC1@58.781C CV2@55.656C
08-21-2026 19:59:37 RAM 4260/15389MB (lfb 1168x4MB) SWAP 0/7694MB (cached 0MB) CPU [50%@1984,0%@1984,0%@1984,0%@1984,0%@729,0%@729,0%@729,0%@729] EMC_FREQ 0% GR3D_FREQ 0% GR3D2_FREQ 0%@0 CV0@55.25C CPU@57.968C SOC2@56.468C SOC0@57.281C CV1@55.312C GPU@55.875C tj@58.625C SOC1@58.625C CV2@55.531C
08-21-2026 19:59:37 RAM 4260/15389MB (lfb 1168x4MB) SWAP 0/7694MB (cached 0MB) CPU [50%@1984,0%@1984,0%@1984,0%@1984,0%@729,0%@729,50%@729,0%@729] EMC_FREQ 0% GR3D_FREQ 0% GR3D2_FREQ 0%@0 CV0@55.281C CPU@58.25C SOC2@56.406C SOC0@57.218C CV1@55.312C GPU@55.687C tj@58.75C SOC1@58.75C CV2@55.562C
08-21-2026 19:59:37 RAM 4260/15389MB (lfb 1168x4MB) SWAP 0/7694MB (cached 0MB) CPU [0%@1984,0%@1984,0%@1984,66%@1984,0%@729,0%@729,50%@729,0%@729] EMC_FREQ 0% GR3D_FREQ 0% GR3D2_FREQ 0%@0 CV0@55.281C CPU@58.25C SOC2@56.375C SOC0@57.125C CV1@55.312C GPU@55.781C tj@58.593C SOC1@58.593C CV2@55.625C
08-21-2026 19:59:37 RAM 4260/15389MB (lfb 1168x4MB) SWAP 0/7694MB (cached 0MB) CPU [0%@1984,0%@1984,0%@1984,50%@1984,50%@729,0%@729,0%@729,0%@729] EMC_FREQ 0% GR3D_FREQ 0% GR3D2_FREQ 0%@0 CV0@55.406C CPU@58.156C SOC2@56.406C SOC0@57.406C CV1@55.343C GPU@56C tj@58.531C SOC1@58.531C CV2@55.562C
08-21-2026 19:59:37 RAM 4260/15389MB (lfb 1168x4MB) SWAP 0/7694MB (cached 0MB) CPU [0%@729,50%@729,0%@729,0%@729,0%@729,0%@729,100%@729,0%@729] EMC_FREQ 0% GR3D_FREQ 0% GR3D2_FREQ 0%@0 CV0@55.406C CPU@58.062C SOC2@56.375C SOC0@57.281C CV1@55.375C GPU@55.843C tj@58.968C SOC1@58.968C CV2@55.531C
08-21-2026 19:59:37 RAM 4260/15389MB (lfb 1168x4MB) SWAP 0/7694MB (cached 0MB) CPU [50%@729,0%@729,0%@729,0%@729,0%@729,0%@729,50%@729,0%@729] EMC_FREQ 0% GR3D_FREQ 0% GR3D2_FREQ 0%@0 CV0@55.281C CPU@58.093C SOC2@56.312C SOC0@57.343C CV1@55.312C GPU@55.718C tj@58.875C SOC1@58.875C CV2@55.468C
08-21-2026 19:59:37 RAM 4260/15389MB (lfb 1168x4MB) SWAP 0/7694MB (cached 0MB) CPU [50%@1984,0%@1984,0%@1984,0%@1984,0%@729,0%@729,0%@729,50%@729] EMC_FREQ 0% GR3D_FREQ 0% GR3D2_FREQ 0%@0 CV0@55.343C CPU@58.093C SOC2@56.437C SOC0@57.406C CV1@55.343C GPU@55.875C tj@58.843C SOC1@58.843C CV2@55.625C
08-21-2026 19:59:37 RAM 4260/15389MB (lfb 1168x4MB) SWAP 0/7694MB (cached 0MB) CPU [33%@1984,0%@1984,0%@1984,0%@1984,0%@729,0%@729,100%@729,0%@729] EMC_FREQ 0% GR3D_FREQ 0% GR3D2_FREQ 0%@0 CV0@55.218C CPU@58.187C SOC2@56.375C SOC0@57.25C CV1@55.343C GPU@55.687C tj@58.656C SOC1@58.656C CV2@55.718C
08-21-2026 19:59:37 RAM 4260/15389MB (lfb 1168x4MB) SWAP 0/7694MB (cached 0MB) CPU [0%@1984,0%@1984,0%@1984,100%@1984,0%@729,0%@729,0%@729,0%@729] EMC_FREQ 0% GR3D_FREQ 0% GR3D2_FREQ 0%@0 CV0@55.281C CPU@58.187C SOC2@56.343C SOC0@57.125C CV1@55.375C GPU@55.75C tj@58.593C SOC1@58.593C CV2@55.656C
08-21-2026 19:59:37 RAM 4260/15389MB (lfb 1168x4MB) SWAP 0/7694MB (cached 0MB) CPU [0%@1984,0%@1984,0%@1984,0%@1984,0%@729,0%@729,50%@729,0%@729] EMC_FREQ 0% GR3D_FREQ 0% GR3D2_FREQ 0%@0 CV0@55.25C CPU@58.187C SOC2@56.406C SOC0@57.25C CV1@55.437C GPU@55.843C tj@58.812C SOC1@58.812C CV2@55.593C
08-21-2026 19:59:37 RAM 4260/15389MB (lfb 1168x4MB) SWAP 0/7694MB (cached 0MB) CPU [0%@806,50%@1984,0%@1984,0%@1984,50%@729,0%@729,0%@729,0%@729] EMC_FREQ 0% GR3D_FREQ 0% GR3D2_FREQ 0%@0 CV0@55.375C CPU@58.187C SOC2@56.468C SOC0@57.156C CV1@55.281C GPU@56C tj@58.531C SOC1@58.531C CV2@55.5C
08-21-2026 19:59:37 RAM 4260/15389MB (lfb 1168x4MB) SWAP 0/7694MB (cached 0MB) CPU [0%@1984,0%@1984,0%@1984,50%@1984,0%@729,50%@729,50%@729,50%@729] EMC_FREQ 0% GR3D_FREQ 0% GR3D2_FREQ 0%@0 CV0@55.343C CPU@58.187C SOC2@56.343C SOC0@57.375C CV1@55.312C GPU@55.687C tj@58.593C SOC1@58.593C CV2@55.562C
08-21-2026 19:59:37 RAM 4260/15389MB (lfb 1168x4MB) SWAP 0/7694MB (cached 0MB) CPU [0%@806,0%@806,0%@806,0%@806,0%@806,0%@806,0%@806,0%@806] EMC_FREQ 0% GR3D_FREQ 0% GR3D2_FREQ 0%@0 CV0@55.406C CPU@58.187C SOC2@56.406C SOC0@57.281C CV1@55.281C GPU@55.906C tj@58.75C SOC1@58.906C CV2@55.562C
08-21-2026 19:59:37 RAM 4260/15389MB (lfb 1168x4MB) SWAP 0/7694MB (cached 0MB) CPU [66%@1984,0%@1984,0%@1984,0%@1984,0%@729,0%@729,50%@729,0%@729] EMC_FREQ 0% GR3D_FREQ 0% GR3D2_FREQ 0%@0 CV0@55.375C CPU@58.093C SOC2@56.531C SOC0@57.312C CV1@55.25C GPU@55.75C tj@58.781C SOC1@58.781C CV2@55.562C
08-21-2026 19:59:37 RAM 4260/15389MB (lfb 1168x4MB) SWAP 0/7694MB (cached 0MB) CPU [0%@1984,0%@1984,0%@1984,100%@1984,0%@806,0%@806,0%@806,0%@806] EMC_FREQ 0% GR3D_FREQ 0% GR3D2_FREQ 0%@0 CV0@55.281C CPU@58.062C SOC2@56.25C SOC0@57.25C CV1@55.281C GPU@55.75C tj@58.812C SOC1@58.812C CV2@55.625C
08-21-2026 19:59:37 RAM 4260/15389MB (lfb 1168x4MB) SWAP 0/7694MB (cached 0MB) CPU [0%@1984,0%@1984,50%@1984,0%@1984,50%@729,0%@729,0%@729,0%@729] EMC_FREQ 0% GR3D_FREQ 0% GR3D2_FREQ 0%@0 CV0@55.218C CPU@58.343C SOC2@56.5C SOC0@57.281C CV1@55.25C GPU@55.781C tj@58.718C SOC1@58.718C CV2@55.562C
08-21-2026 19:59:37 RAM 4261/15389MB (lfb 1168x4MB) SWAP 0/7694MB (cached 0MB) CPU [0%@1984,50%@1984,0%@1984,50%@1984,0%@729,50%@729,0%@729,0%@729] EMC_FREQ 0% GR3D_FREQ 0% GR3D2_FREQ 0%@0 CV0@55.281C CPU@58.375C SOC2@56.375C SOC0@57.187C CV1@55.375C GPU@55.968C tj@58.75C SOC1@58.75C CV2@55.562C
08-21-2026 19:59:37 RAM 4261/15389MB (lfb 1168x4MB) SWAP 0/7694MB (cached 0MB) CPU [0%@1984,0%@1984,50%@1984,100%@1984,0%@806,0%@806,0%@806,50%@806] EMC_FREQ 0% GR3D_FREQ 0% GR3D2_FREQ 0%@0 CV0@55.5C CPU@58.375C SOC2@56.468C SOC0@57.218C CV1@55.343C GPU@55.781C tj@58.656C SOC1@58.656C CV2@55.562C
08-21-2026 19:59:37 RAM 4261/15389MB (lfb 1168x4MB) SWAP 0/7694MB (cached 0MB) CPU [0%@1984,0%@1984,0%@1984,0%@1984,50%@729,0%@729,0%@729,0%@729] EMC_FREQ 0% GR3D_FREQ 0% GR3D2_FREQ 0%@0 CV0@55.437C CPU@58.25C SOC2@56.531C SOC0@57.25C CV1@55.375C GPU@55.968C tj@58.625C SOC1@58.625C CV2@55.625C
08-21-2026 19:59:37 RAM 4261/15389MB (lfb 1168x4MB) SWAP 0/7694MB (cached 0MB) CPU [0%@806,0%@806,0%@806,50%@806,0%@729,0%@729,0%@729,0%@729] EMC_FREQ 0% GR3D_FREQ 0% GR3D2_FREQ 0%@0 CV0@55.343C CPU@58.218C SOC2@56.312C SOC0@57.312C CV1@55.343C GPU@55.875C tj@58.562C SOC1@58.562C CV2@55.562C
08-21-2026 19:59:37 RAM 4261/15389MB (lfb 1168x4MB) SWAP 0/7694MB (cached 0MB) CPU [0%@1984,0%@1984,0%@1984,0%@1984,100%@729,0%@729,0%@729,50%@729] EMC_FREQ 0% GR3D_FREQ 0% GR3D2_FREQ 0%@0 CV0@55.312C CPU@58.062C SOC2@56.281C SOC0@57.25C CV1@55.281C GPU@55.687C tj@58.812C SOC1@58.812C CV2@55.531C
08-21-2026 19:59:37 RAM 4261/15389MB (lfb 1168x4MB) SWAP 0/7694MB (cached 0MB) CPU [0%@1984,0%@1984,0%@1984,50%@1984,0%@729,0%@729,0%@729,0%@729] EMC_FREQ 0% GR3D_FREQ 0% GR3D2_FREQ 0%@0 CV0@55.281C CPU@57.968C SOC2@56.375C SOC0@57.281C CV1@55.343C GPU@55.875C tj@58.812C SOC1@58.812C CV2@55.562C
08-21-2026 19:59:37 RAM 4261/15389MB (lfb 1168x4MB) SWAP 0/7694MB (cached 0MB) CPU [0%@806,0%@806,0%@806,0%@806,0%@729,0%@729,0%@729,0%@729] EMC_FREQ 0% GR3D_FREQ 0% GR3D2_FREQ 0%@0 CV0@55.281C CPU@58.125C SOC2@56.5C SOC0@57.187C CV1@55.25C GPU@56.031C tj@58.656C SOC1@58.656C CV2@55.625C
08-21-2026 19:59:37 RAM 4261/15389MB (lfb 1168x4MB) SWAP 0/7694MB (cached 0MB) CPU [0%@1984,50%@1984,0%@1984,0%@1984,50%@729,50%@729,0%@729,0%@729] EMC_FREQ 0% GR3D_FREQ 0% GR3D2_FREQ 0%@0 CV0@55.343C CPU@57.968C SOC2@56.437C SOC0@57.187C CV1@55.281C GPU@55.906C tj@58.718C SOC1@58.718C CV2@55.656C
08-21-2026 19:59:37 RAM 4261/15389MB (lfb 1168x4MB) SWAP 0/7694MB (cached 0MB) CPU [0%@1984,0%@1984,0%@1984,50%@1984,0%@729,0%@729,0%@729,0%@729] EMC_FREQ 0% GR3D_FREQ 0% GR3D2_FREQ 0%@0 CV0@55.156C CPU@57.968C SOC2@56.468C SOC0@57.25C CV1@55.468C GPU@55.75C tj@58.593C SOC1@58.593C CV2@55.562C
08-21-2026 19:59:37 RAM 4261/15389MB (lfb 1168x4MB) SWAP 0/7694MB (cached 0MB) CPU [0%@883,0%@883,50%@883,50%@883,50%@729,33%@729,0%@729,0%@729] EMC_FREQ 0% GR3D_FREQ 0% GR3D2_FREQ 0%@0 CV0@55.218C CPU@58.312C SOC2@56.437C SOC0@57.156C CV1@55.468C GPU@55.843C tj@58.593C SOC1@58.593C CV2@55.468C
08-21-2026 19:59:37 RAM 4261/15389MB (lfb 1168x4MB) SWAP 0/7694MB (cached 0MB) CPU [50%@883,0%@883,0%@883,0%@883,0%@729,0%@729,0%@729,50%@729] EMC_FREQ 0% GR3D_FREQ 0% GR3D2_FREQ 0%@0 CV0@55.343C CPU@58.437C SOC2@56.468C SOC0@57.156C CV1@55.375C GPU@55.812C tj@58.687C SOC1@58.687C CV2@55.625C
08-21-2026 19:59:37 RAM 4261/15389MB (lfb 1168x4MB) SWAP 0/7694MB (cached 0MB) CPU [0%@1984,0%@1984,0%@1984,100%@1984,0%@729,0%@729,0%@729,0%@729] EMC_FREQ 0% GR3D_FREQ 0% GR3D2_FREQ 0%@0 CV0@55.343C CPU@58.25C SOC2@56.437C SOC0@57.187C CV1@55.312C GPU@56.062C tj@58.718C SOC1@58.718C CV2@55.625C
08-21-2026 19:59:37 RAM 4261/15389MB (lfb 1168x4MB) SWAP 0/7694MB (cached 0MB) CPU [0%@729,0%@729,50%@1984,0%@1984,50%@729,50%@729,0%@729,0%@729] EMC_FREQ 0% GR3D_FREQ 0% GR3D2_FREQ 0%@0 CV0@55.375C CPU@58.062C SOC2@56.343C SOC0@57.375C CV1@55.25C GPU@55.781C tj@58.812C SOC1@58.812C CV2@55.468C
08-21-2026 19:59:37 RAM 4261/15389MB (lfb 1168x4MB) SWAP 0/7694MB (cached 0MB) CPU [50%@729,0%@729,0%@729,100%@729,50%@729,0%@729,0%@729,0%@729] EMC_FREQ 0% GR3D_FREQ 0% GR3D2_FREQ 0%@0 CV0@55.406C CPU@58.187C SOC2@56.406C SOC0@57.281C CV1@55.281C GPU@56C tj@58.937C SOC1@58.937C CV2@55.531C
08-21-2026 19:59:37 RAM 4261/15389MB (lfb 1168x4MB) SWAP 0/7694MB (cached 0MB) CPU [0%@883,50%@883,0%@883,50%@883,0%@729,50%@729,0%@729,0%@729] EMC_FREQ 0% GR3D_FREQ 0% GR3D2_FREQ 0%@0 CV0@55.281C CPU@58.031C SOC2@56.343C SOC0@57.343C CV1@55.312C GPU@55.875C tj@58.875C SOC1@58.875C CV2@55.593C
08-21-2026 19:59:37 RAM 4261/15389MB (lfb 1168x4MB) SWAP 0/7694MB (cached 0MB) CPU [0%@1984,0%@1984,0%@1984,50%@1984,0%@729,0%@729,0%@729,50%@729] EMC_FREQ 0% GR3D_FREQ 0% GR3D2_FREQ 0%@0 CV0@55.25C CPU@57.937C SOC2@56.281C SOC0@57.312C CV1@55.281C GPU@55.656C tj@58.718C SOC1@58.718C CV2@55.687C
08-21-2026 19:59:37 RAM 4261/15389MB (lfb 1168x4MB) SWAP 0/7694MB (cached 0MB) CPU [50%@1984,50%@1984,50%@1984,0%@1984,50%@729,0%@729,0%@729,0%@729] EMC_FREQ 0% GR3D_FREQ 0% GR3D2_FREQ 0%@0 CV0@55.312C CPU@58.031C SOC2@56.531C SOC0@57.281C CV1@55.25C GPU@55.875C tj@58.843C SOC1@58.843C CV2@55.656C
08-21-2026 19:59:37 RAM 4261/15389MB (lfb 1168x4MB) SWAP 0/7694MB (cached 0MB) CPU [0%@1984,0%@1984,0%@1984,100%@1984,0%@729,0%@729,0%@729,0%@729] EMC_FREQ 0% GR3D_FREQ 0% GR3D2_FREQ 0%@0 CV0@55.218C CPU@57.906C SOC2@56.406C SOC0@57.281C CV1@55.5C GPU@55.625C tj@58.718C SOC1@58.75C CV2@55.562C
08-21-2026 19:59:37 RAM 4261/15389MB (lfb 1168x4MB) SWAP 0/7694MB (cached 0MB) CPU [0%@729,0%@729,0%@729,0%@729,0%@729,50%@729,0%@729,0%@729] EMC_FREQ 0% GR3D_FREQ 0% GR3D2_FREQ 0%@0 CV0@55.406C CPU@58.062C SOC2@56.468C SOC0@57.218C CV1@55.406C GPU@56C tj@58.656C SOC1@58.656C CV2@55.625C
08-21-2026 19:59:37 RAM 4261/15389MB (lfb 1168x4MB) SWAP 0/7694MB (cached 0MB) CPU [0%@1984,0%@1984,50%@1984,50%@1984,0%@806,100%@806,0%@806,0%@806] EMC_FREQ 0% GR3D_FREQ 0% GR3D2_FREQ 0%@0 CV0@55.468C CPU@58.031C SOC2@56.531C SOC0@57.25C CV1@55.437C GPU@55.718C tj@58.656C SOC1@58.656C CV2@55.625C
08-21-2026 19:59:37 RAM 4261/15389MB (lfb 1168x4MB) SWAP 0/7694MB (cached 0MB) CPU [0%@883,0%@883,0%@1984,0%@1984,0%@729,50%@729,0%@729,0%@729] EMC_FREQ 0% GR3D_FREQ 0% GR3D2_FREQ 0%@0 CV0@55.375C CPU@58.031C SOC2@56.468C SOC0@57.187C CV1@55.437C GPU@55.875C tj@58.718C SOC1@58.718C CV2@55.531C
08-21-2026 19:59:37 RAM 4261/15389MB (lfb 1168x4MB) SWAP 0/7694MB (cached 0MB) CPU [0%@883,0%@883,0%@883,100%@883,0%@729,0%@729,0%@729,0%@729] EMC_FREQ 0% GR3D_FREQ 0% GR3D2_FREQ 0%@0 CV0@55.375C CPU@58.031C SOC2@56.343C SOC0@57.375C CV1@55.437C GPU@55.781C tj@58.843C SOC1@58.843C CV2@55.531C
08-21-2026 19:59:37 RAM 4261/15389MB (lfb 1168x4MB) SWAP 0/7694MB (cached 0MB) CPU [0%@806,0%@806,0%@806,0%@806,50%@806,0%@806,0%@806,50%@806] EMC_FREQ 0% GR3D_FREQ 0% GR3D2_FREQ 0%@0 CV0@55.343C CPU@58.031C SOC2@56.343C SOC0@57.375C CV1@55.343C GPU@55.718C tj@58.812C SOC1@58.812C CV2@55.531C
08-21-2026 19:59:37 RAM 4261/15389MB (lfb 1168x4MB) SWAP 0/7694MB (cached 0MB) CPU [50%@729,50%@729,0%@729,50%@729,0%@729,0%@729,0%@729,0%@729] EMC_FREQ 0% GR3D_FREQ 0% GR3D2_FREQ 0%@0 CV0@55.281C CPU@58C SOC2@56.375C SOC0@57.281C CV1@55.25C GPU@55.812C tj@58.781C SOC1@58.781C CV2@55.468C
08-21-2026 19:59:37 RAM 4261/15389MB (lfb 1168x4MB) SWAP 0/7694MB (cached 0MB) CPU [0%@1984,0%@1984,0%@1984,0%@1984,0%@729,0%@729,0%@729,50%@729] EMC_FREQ 0% GR3D_FREQ 0% GR3D2_FREQ 0%@0 CV0@55.25C CPU@58.218C SOC2@56.343C SOC0@57.25C CV1@55.281C GPU@56C tj@58.718C SOC1@58.718C CV2@55.531C
08-21-2026 19:59:37 RAM 4261/15389MB (lfb 1168x4MB) SWAP 0/7694MB (cached 0MB) CPU [50%@806,0%@806,0%@806,50%@806,50%@729,0%@729,0%@729,0%@729] EMC_FREQ 0% GR3D_FREQ 0% GR3D2_FREQ 0%@0 CV0@55.187C CPU@58.062C SOC2@56.468C SOC0@57.25C CV1@55.187C GPU@55.875C tj@58.718C SOC1@58.718C CV2@55.531C
08-21-2026 19:59:37 RAM 4261/15389MB (lfb 1168x4MB) SWAP 0/7694MB (cached 0MB) CPU [0%@883,0%@883,0%@883,100%@883,0%@729,0%@729,0%@729,100%@729] EMC_FREQ 0% GR3D_FREQ 0% GR3D2_FREQ 0%@0 CV0@55.312C CPU@58.093C SOC2@56.531C SOC0@57.218C CV1@55.406C GPU@55.656C tj@58.718C SOC1@58.718C CV2@55.531C
08-21-2026 19:59:37 RAM 4261/15389MB (lfb 1168x4MB) SWAP 0/7694MB (cached 0MB) CPU [0%@1984,0%@1984,0%@1984,0%@1984,0%@729,0%@729,0%@729,0%@729] EMC_FREQ 0% GR3D_FREQ 0% GR3D2_FREQ 0%@0 CV0@55.281C CPU@58.25C SOC2@56.375C SOC0@57.218C CV1@55.343C GPU@55.875C tj@58.718C SOC1@58.718C CV2@55.562C
08-21-2026 19:59:37 RAM 4261/15389MB (lfb 1168x4MB) SWAP 0/7694MB (cached 0MB) CPU [0%@1984,0%@1984,0%@1984,0%@1984,0%@729,0%@729,0%@729,50%@729] EMC_FREQ 0% GR3D_FREQ 0% GR3D2_FREQ 0%@0 CV0@55.343C CPU@58.156C SOC2@56.406C SOC0@57.218C CV1@55.375C GPU@55.687C tj@58.687C SOC1@58.687C CV2@55.593C
08-21-2026 19:59:37 RAM 4261/15389MB (lfb 1168x4MB) SWAP 0/7694MB (cached 0MB) CPU [0%@1984,0%@1984,0%@1984,0%@1984,0%@729,0%@729,0%@729,50%@729] EMC_FREQ 0% GR3D_FREQ 0% GR3D2_FREQ 0%@0 CV0@55.343C CPU@58.093C SOC2@56.406C SOC0@57.437C CV1@55.375C GPU@56.031C tj@58.781C SOC1@58.781C CV2@55.437C
08-21-2026 19:59:37 RAM 4261/15389MB (lfb 1168x4MB) SWAP 0/7694MB (cached 0MB) CPU [0%@1984,0%@1984,0%@1984,100%@1984,0%@729,0%@729,0%@729,0%@729] EMC_FREQ 0% GR3D_FREQ 0% GR3D2_FREQ 0%@0 CV0@55.343C CPU@58.093C SOC2@56.437C SOC0@57.312C CV1@55.312C GPU@55.656C tj@58.75C SOC1@58.75C CV2@55.531C
08-21-2026 19:59:37 RAM 4261/15389MB (lfb 1168x4MB) SWAP 0/7694MB (cached 0MB) CPU [0%@1984,0%@1984,0%@1984,0%@1984,0%@729,50%@729,0%@729,50%@729] EMC_FREQ 0% GR3D_FREQ 0% GR3D2_FREQ 0%@0 CV0@55.312C CPU@58.218C SOC2@56.437C SOC0@57.312C CV1@55.25C GPU@55.968C tj@58.687C SOC1@58.812C CV2@55.593C
08-21-2026 19:59:37 RAM 4261/15389MB (lfb 1168x4MB) SWAP 0/7694MB (cached 0MB) CPU [0%@729,50%@729,0%@729,0%@729,0%@729,0%@729,0%@729,0%@729] EMC_FREQ 0% GR3D_FREQ 0% GR3D2_FREQ 0%@0 CV0@55.312C CPU@58.093C SOC2@56.25C SOC0@57.281C CV1@55.25C GPU@55.718C tj@58.718C SOC1@58.718C CV2@55.593C
08-21-2026 19:59:37 RAM 4261/15389MB (lfb 1168x4MB) SWAP 0/7694MB (cached 0MB) CPU [0%@960,0%@960,50%@960,100%@960,0%@729,50%@729,0%@729,100%@729] EMC_FREQ 0% GR3D_FREQ 0% GR3D2_FREQ 0%@0 CV0@55.281C CPU@58.312C SOC2@56.5C SOC0@57.281C CV1@55.343C GPU@55.906C tj@58.75C SOC1@58.75C CV2@55.656C
08-21-2026 19:59:37 RAM 4261/15389MB (lfb 1168x4MB) SWAP 0/7694MB (cached 0MB) CPU [0%@960,33%@960,0%@960,50%@960,50%@729,0%@729,0%@729,50%@729] EMC_FREQ 0% GR3D_FREQ 0% GR3D2_FREQ 0%@0 CV0@55.25C CPU@58.25C SOC2@56.406C SOC0@57.25C CV1@55.406C GPU@55.781C tj@58.75C SOC1@58.75C CV2@55.625C
08-21-2026 19:59:37 RAM 4261/15389MB (lfb 1168x4MB) SWAP 0/7694MB (cached 0MB) CPU [0%@883,50%@883,0%@1984,50%@1984,0%@729,50%@729,0%@729,0%@729] EMC_FREQ 0% GR3D_FREQ 0% GR3D2_FREQ 0%@0 CV0@55.312C CPU@58.25C SOC2@56.531C SOC0@57.281C CV1@55.406C GPU@55.656C tj@58.687C SOC1@58.687C CV2@55.593C
08-21-2026 19:59:37 RAM 4261/15389MB (lfb 1168x4MB) SWAP 0/7694MB (cached 0MB) CPU [0%@1984,0%@1984,0%@1984,0%@1984,0%@729,0%@729,0%@729,100%@729] EMC_FREQ 0% GR3D_FREQ 0% GR3D2_FREQ 0%@0 CV0@55.343C CPU@58.156C SOC2@56.343C SOC0@57.25C CV1@55.343C GPU@55.75C tj@58.625C SOC1@58.625C CV2@55.5C
08-21-2026 19:59:37 RAM 4261/15389MB (lfb 1168x4MB) SWAP 0/7694MB (cached 0MB) CPU [0%@960,0%@960,50%@960,0%@960,0%@729,33%@729,0%@729,0%@729] EMC_FREQ 0% GR3D_FREQ 0% GR3D2_FREQ 0%@0 CV0@55.375C CPU@58.281C SOC2@56.343C SOC0@57.343C CV1@55.343C GPU@55.937C tj@58.593C SOC1@58.593C CV2@55.531C
08-21-2026 19:59:37 RAM 4261/15389MB (lfb 1168x4MB) SWAP 0/7694MB (cached 0MB) CPU [50%@1984,0%@1984,0%@1984,0%@1984,50%@729,0%@729,0%@729,0%@729] EMC_FREQ 0% GR3D_FREQ 0% GR3D2_FREQ 0%@0 CV0@55.375C CPU@58.218C SOC2@56.406C SOC0@57.312C CV1@55.375C GPU@55.875C tj@58.843C SOC1@58.843C CV2@55.531C
08-21-2026 19:59:37 RAM 4261/15389MB (lfb 1168x4MB) SWAP 0/7694MB (cached 0MB) CPU [0%@883,0%@883,0%@883,100%@883,0%@729,0%@729,0%@729,0%@729] EMC_FREQ 0% GR3D_FREQ 0% GR3D2_FREQ 0%@0 CV0@55.218C CPU@58C SOC2@56.468C SOC0@57.25C CV1@55.281C GPU@55.75C tj@58.75C SOC1@58.75C CV2@55.687C
08-21-2026 19:59:37 RAM 4261/15389MB (lfb 1168x4MB) SWAP 0/7694MB (cached 0MB) CPU [0%@1984,0%@1984,0%@1984,0%@1984,0%@729,0%@729,0%@729,100%@729] EMC_FREQ 0% GR3D_FREQ 0% GR3D2_FREQ 0%@0 CV0@55.187C CPU@58.062C SOC2@56.312C SOC0@57.281C CV1@55.281C GPU@55.843C tj@58.656C SOC1@58.656C CV2@55.687C
08-21-2026 19:59:38 RAM 4261/15389MB (lfb 1168x4MB) SWAP 0/7694MB (cached 0MB) CPU [0%@1984,0%@1984,0%@1984,0%@1984,0%@729,0%@729,33%@729,50%@729] EMC_FREQ 0% GR3D_FREQ 0% GR3D2_FREQ 0%@0 CV0@55.25C CPU@58.437C SOC2@56.375C SOC0@57.281C CV1@55.312C GPU@55.718C tj@58.781C SOC1@58.781C CV2@55.687C
08-21-2026 19:59:38 RAM 4261/15389MB (lfb 1168x4MB) SWAP 0/7694MB (cached 0MB) CPU [50%@1113,0%@1113,0%@1113,0%@1113,0%@729,0%@729,0%@729,0%@729] EMC_FREQ 0% GR3D_FREQ 0% GR3D2_FREQ 0%@0 CV0@55.218C CPU@58.25C SOC2@56.468C SOC0@57.218C CV1@55.468C GPU@55.812C tj@58.718C SOC1@58.718C CV2@55.562C
08-21-2026 19:59:38 RAM 4261/15389MB (lfb 1168x4MB) SWAP 0/7694MB (cached 0MB) CPU [100%@1984,0%@1984,0%@1984,0%@1984,0%@729,0%@729,0%@729,100%@729] EMC_FREQ 0% GR3D_FREQ 0% GR3D2_FREQ 0%@0 CV0@55.375C CPU@58.281C SOC2@56.468C SOC0@57.25C CV1@55.406C GPU@55.75C tj@58.656C SOC1@58.656C CV2@55.562C
08-21-2026 19:59:38 RAM 4261/15389MB (lfb 1168x4MB) SWAP 0/7694MB (cached 0MB) CPU [0%@1984,0%@1984,0%@1984,0%@1984,50%@729,0%@729,0%@729,0%@729] EMC_FREQ 0% GR3D_FREQ 0% GR3D2_FREQ 0%@0 CV0@55.343C CPU@58.281C SOC2@56.343C SOC0@57.281C CV1@55.375C GPU@56C tj@58.625C SOC1@58.625C CV2@55.531C
08-21-2026 19:59:38 RAM 4261/15389MB (lfb 1168x4MB) SWAP 0/7694MB (cached 0MB) CPU [0%@1984,0%@1984,0%@1984,0%@1984,0%@729,50%@729,0%@729,0%@729] EMC_FREQ 0% GR3D_FREQ 0% GR3D2_FREQ 0%@0 CV0@55.312C CPU@58.062C SOC2@56.531C SOC0@57.437C CV1@55.375C GPU@55.687C tj@58.687C SOC1@58.687C CV2@55.437C
08-21-2026 19:59:38 RAM 4261/15389MB (lfb 1168x4MB) SWAP 0/7694MB (cached 0MB) CPU [0%@960,50%@1984,0%@1984,0%@1984,0%@729,0%@729,0%@729,50%@729] EMC_FREQ 0% GR3D_FREQ 0% GR3D2_FREQ 0%@0 CV0@55.406C CPU@58.062C SOC2@56.375C SOC0@57.343C CV1@55.25C GPU@55.781C tj@58.937C SOC1@58.937C CV2@55.5C
08-21-2026 19:59:38 RAM 4261/15389MB (lfb 1168x4MB) SWAP 0/7694MB (cached 0MB) CPU [100%@1984,0%@1984,0%@1984,0%@1984,0%@729,0%@729,0%@729,0%@729] EMC_FREQ 0% GR3D_FREQ 0% GR3D2_FREQ 0%@0 CV0@55.343C CPU@58.156C SOC2@56.343C SOC0@57.343C CV1@55.281C GPU@55.718C tj@58.75C SOC1@58.75C CV2@55.531C
08-21-2026 19:59:38 RAM 4261/15389MB (lfb 1168x4MB) SWAP 0/7694MB (cached 0MB) CPU [0%@1984,0%@1984,0%@1984,0%@1984,0%@729,0%@729,0%@729,0%@729] EMC_FREQ 0% GR3D_FREQ 0% GR3D2_FREQ 0%@0 CV0@55.437C CPU@58.031C SOC2@56.625C SOC0@57.281C CV1@55.281C GPU@56C tj@58.75C SOC1@58.75C CV2@55.531C
08-21-2026 19:59:38 RAM 4261/15389MB (lfb 1168x4MB) SWAP 0/7694MB (cached 0MB) CPU [50%@1113,33%@1113,0%@1113,50%@1113,0%@729,0%@729,0%@729,66%@729] EMC_FREQ 0% GR3D_FREQ 0% GR3D2_FREQ 0%@0 CV0@55.25C CPU@58.125C SOC2@56.468C SOC0@57.25C CV1@55.375C GPU@55.781C tj@58.625C SOC1@58.625C CV2@55.531C
08-21-2026 19:59:38 RAM 4261/15389MB (lfb 1168x4MB) SWAP 0/7694MB (cached 0MB) CPU [0%@1036,0%@1036,50%@1036,0%@1036,0%@729,0%@729,0%@729,100%@729] EMC_FREQ 0% GR3D_FREQ 0% GR3D2_FREQ 0%@0 CV0@55.468C CPU@58.062C SOC2@56.437C SOC0@57.281C CV1@55.437C GPU@55.937C tj@58.687C SOC1@58.687C CV2@55.5C
08-21-2026 19:59:38 RAM 4261/15389MB (lfb 1168x4MB) SWAP 0/7694MB (cached 0MB) CPU [0%@1984,0%@1984,0%@1984,0%@1984,0%@729,0%@729,0%@729,0%@729] EMC_FREQ 0% GR3D_FREQ 0% GR3D2_FREQ 0%@0 CV0@55.437C CPU@58.156C SOC2@56.437C SOC0@57.281C CV1@55.343C GPU@55.781C tj@58.687C SOC1@58.687C CV2@55.531C
08-21-2026 19:59:38 RAM 4261/15389MB (lfb 1168x4MB) SWAP 0/7694MB (cached 0MB) CPU [66%@1036,0%@1984,0%@1984,0%@1984,50%@729,0%@729,0%@729,50%@729] EMC_FREQ 0% GR3D_FREQ 0% GR3D2_FREQ 0%@0 CV0@55.343C CPU@58.031C SOC2@56.468C SOC0@57.406C CV1@55.281C GPU@55.812C tj@58.625C SOC1@58.625C CV2@55.5C
08-21-2026 19:59:38 RAM 4261/15389MB (lfb 1168x4MB) SWAP 0/7694MB (cached 0MB) CPU [0%@1984,0%@1984,0%@1984,0%@1984,50%@729,0%@729,0%@729,0%@729] EMC_FREQ 0% GR3D_FREQ 0% GR3D2_FREQ 0%@0 CV0@55.406C CPU@58.062C SOC2@56.312C SOC0@57.343C CV1@55.312C GPU@55.687C tj@58.843C SOC1@58.843C CV2@55.562C
08-21-2026 19:59:38 RAM 4261/15389MB (lfb 1168x4MB) SWAP 0/7694MB (cached 0MB) CPU [0%@1113,0%@1113,0%@1113,0%@1113,0%@729,0%@729,0%@729,100%@729] EMC_FREQ 0% GR3D_FREQ 0% GR3D2_FREQ 0%@0 CV0@55.312C CPU@58.031C SOC2@56.406C SOC0@57.312C CV1@55.343C GPU@56.093C tj@58.75C SOC1@58.75C CV2@55.687C
08-21-2026 19:59:38 RAM 4261/15389MB (lfb 1168x4MB) SWAP 0/7694MB (cached 0MB) CPU [50%@1984,0%@1984,0%@1984,50%@1984,0%@729,0%@729,50%@729,50%@729] EMC_FREQ 0% GR3D_FREQ 0% GR3D2_FREQ 0%@0 CV0@55.375C CPU@57.937C SOC2@56.531C SOC0@57.281C CV1@55.281C GPU@55.687C tj@58.781C SOC1@58.781C CV2@55.593C
08-21-2026 19:59:38 RAM 4261/15389MB (lfb 1168x4MB) SWAP 0/7694MB (cached 0MB) CPU [0%@1984,0%@1984,0%@1984,0%@1984,50%@729,0%@729,0%@729,0%@729] EMC_FREQ 0% GR3D_FREQ 0% GR3D2_FREQ 0%@0 CV0@55.343C CPU@58.312C SOC2@56.531C SOC0@57.281C CV1@55.468C GPU@55.906C tj@58.781C SOC1@58.781C CV2@55.593C
08-21-2026 19:59:38 RAM 4261/15389MB (lfb 1168x4MB) SWAP 0/7694MB (cached 0MB) CPU [0%@1984,0%@1984,0%@1984,50%@1984,0%@729,0%@729,0%@729,100%@729] EMC_FREQ 0% GR3D_FREQ 0% GR3D2_FREQ 0%@0 CV0@55.281C CPU@58.218C SOC2@56.5C SOC0@57.25C CV1@55.406C GPU@55.781C tj@58.625C SOC1@58.625C CV2@55.687C
08-21-2026 19:59:38 RAM 4261/15389MB (lfb 1168x4MB) SWAP 0/7694MB (cached 0MB) CPU [0%@883,0%@1984,0%@1984,0%@1984,50%@729,0%@729,50%@729,0%@729] EMC_FREQ 0% GR3D_FREQ 0% GR3D2_FREQ 0%@0 CV0@55.437C CPU@58.25C SOC2@56.531C SOC0@57.281C CV1@55.437C GPU@55.906C tj@58.718C SOC1@58.562C CV2@55.593C
08-21-2026 19:59:38 RAM 4261/15389MB (lfb 1168x4MB) SWAP 0/7694MB (cached 0MB) CPU [0%@1984,0%@1984,0%@1984,50%@1984,0%@729,0%@729,0%@729,0%@729] EMC_FREQ 0% GR3D_FREQ 0% GR3D2_FREQ 0%@0 CV0@55.343C CPU@58.218C SOC2@56.468C SOC0@57.406C CV1@55.312C GPU@55.875C tj@58.781C SOC1@58.781C CV2@55.531C
08-21-2026 19:59:38 RAM 4261/15389MB (lfb 1168x4MB) SWAP 0/7694MB (cached 0MB) CPU [0%@1984,0%@1984,0%@1984,0%@1984,0%@729,0%@729,0%@729,100%@729] EMC_FREQ 0% GR3D_FREQ 0% GR3D2_FREQ 0%@0 CV0@55.25C CPU@58.062C SOC2@56.343C SOC0@57.343C CV1@55.312C GPU@56.125C tj@58.906C SOC1@58.906C CV2@55.531C
08-21-2026 19:59:38 RAM 4261/15389MB (lfb 1168x4MB) SWAP 0/7694MB (cached 0MB) CPU [0%@1984,0%@1984,0%@1984,0%@1984,0%@729,0%@729,0%@729,50%@729] EMC_FREQ 0% GR3D_FREQ 0% GR3D2_FREQ 0%@0 CV0@55.281C CPU@57.968C SOC2@56.406C SOC0@57.25C CV1@55.25C GPU@55.812C tj@58.906C SOC1@58.906C CV2@55.687C
08-21-2026 19:59:38 RAM 4261/15389MB (lfb 1168x4MB) SWAP 0/7694MB (cached 0MB) CPU [0%@1984,0%@1984,0%@1984,50%@1984,0%@806,0%@806,50%@806,0%@806] EMC_FREQ 0% GR3D_FREQ 0% GR3D2_FREQ 0%@0 CV0@55.125C CPU@58.062C SOC2@56.343C SOC0@57.343C CV1@55.343C GPU@56C tj@58.656C SOC1@58.656C CV2@55.593C
08-21-2026 19:59:38 RAM 4261/15389MB (lfb 1168x4MB) SWAP 0/7694MB (cached 0MB) CPU [0%@1984,0%@1984,0%@1984,0%@1984,0%@729,0%@729,0%@729,0%@729] EMC_FREQ 0% GR3D_FREQ 0% GR3D2_FREQ 0%@0 CV0@55.312C CPU@58.437C SOC2@56.437C SOC0@57.218C CV1@55.343C GPU@55.75C tj@58.718C SOC1@58.718C CV2@55.687C
08-21-2026 19:59:38 RAM 4261/15389MB (lfb 1168x4MB) SWAP 0/7694MB (cached 0MB) CPU [0%@1984,0%@1984,0%@1984,100%@1984,0%@729,0%@729,0%@729,0%@729] EMC_FREQ 0% GR3D_FREQ 0% GR3D2_FREQ 0%@0 CV0@55.343C CPU@58.406C SOC2@56.5C SOC0@57.281C CV1@55.437C GPU@55.718C tj@58.718C SOC1@58.718C CV2@55.593C
08-21-2026 19:59:38 RAM 4261/15389MB (lfb 1168x4MB) SWAP 0/7694MB (cached 0MB) CPU [50%@1984,0%@1984,0%@1984,50%@1984,50%@729,0%@729,0%@729,50%@729] EMC_FREQ 0% GR3D_FREQ 0% GR3D2_FREQ 0%@0 CV0@55.437C CPU@58.406C SOC2@56.468C SOC0@57.25C CV1@55.437C GPU@55.843C tj@58.812C SOC1@58.812C CV2@55.562C
08-21-2026 19:59:38 RAM 4261/15389MB (lfb 1168x4MB) SWAP 0/7694MB (cached 0MB) CPU [0%@806,50%@806,50%@806,0%@806,0%@729,0%@729,0%@729,50%@729] EMC_FREQ 0% GR3D_FREQ 0% GR3D2_FREQ 0%@0 CV0@55.375C CPU@58.375C SOC2@56.468C SOC0@57.187C CV1@55.25C GPU@55.625C tj@58.812C SOC1@58.812C CV2@55.531C
08-21-2026 19:59:38 RAM 4261/15389MB (lfb 1168x4MB) SWAP 0/7694MB (cached 0MB) CPU [50%@883,0%@1984,0%@1984,0%@1984,0%@729,0%@729,0%@729,0%@729] EMC_FREQ 0% GR3D_FREQ 0% GR3D2_FREQ 0%@0 CV0@55.5C CPU@58.218C SOC2@56.312C SOC0@57.281C CV1@55.343C GPU@55.75C tj@58.625C SOC1@58.625C CV2@55.625C
08-21-2026 19:59:38 RAM 4261/15389MB (lfb 1168x4MB) SWAP 0/7694MB (cached 0MB) CPU [0%@729,0%@729,0%@729,50%@729,0%@729,0%@729,0%@729,50%@729] EMC_FREQ 0% GR3D_FREQ 0% GR3D2_FREQ 0%@0 CV0@55.375C CPU@58.25C SOC2@56.468C SOC0@57.281C CV1@55.312C GPU@55.75C tj@58.937C SOC1@58.937C CV2@55.625C
08-21-2026 19:59:38 RAM 4261/15389MB (lfb 1168x4MB) SWAP 0/7694MB (cached 0MB) CPU [50%@1984,0%@1984,0%@1984,100%@1984,0%@729,0%@729,50%@729,50%@729] EMC_FREQ 0% GR3D_FREQ 0% GR3D2_FREQ 0%@0 CV0@55.187C CPU@58.125C SOC2@56.375C SOC0@57.312C CV1@55.25C GPU@55.875C tj@58.781C SOC1@58.781C CV2@55.5C
08-21-2026 19:59:38 RAM 4262/15389MB (lfb 1168x4MB) SWAP 0/7694MB (cached 0MB) CPU [0%@806,0%@806,0%@806,0%@806,0%@729,0%@729,0%@729,0%@729] EMC_FREQ 0% GR3D_FREQ 0% GR3D2_FREQ 0%@0 CV0@55.281C CPU@58.093C SOC2@56.437C SOC0@57.281C CV1@55.281C GPU@55.687C tj@58.75C SOC1@58.75C CV2@55.468C
08-21-2026 19:59:38 RAM 4262/15389MB (lfb 1168x4MB) SWAP 0/7694MB (cached 0MB) CPU [50%@883,0%@883,0%@883,50%@883,0%@729,0%@729,50%@729,0%@729] EMC_FREQ 0% GR3D_FREQ 0% GR3D2_FREQ 0%@0 CV0@55.25C CPU@58.031C SOC2@56.375C SOC0@57.312C CV1@55.218C GPU@55.687C tj@58.812C SOC1@58.812C CV2@55.656C
08-21-2026 19:59:38 RAM 4262/15389MB (lfb 1168x4MB) SWAP 0/7694MB (cached 0MB) CPU [0%@1984,0%@1984,0%@1984,50%@1984,0%@883,0%@883,0%@883,50%@883] EMC_FREQ 0% GR3D_FREQ 0% GR3D2_FREQ 0%@0 CV0@55.218C CPU@58.031C SOC2@56.375C SOC0@57.281C CV1@55.281C GPU@55.812C tj@58.718C SOC1@58.718C CV2@55.625C
08-21-2026 19:59:38 RAM 4262/15389MB (lfb 1168x4MB) SWAP 0/7694MB (cached 0MB) CPU [0%@806,0%@806,0%@806,50%@806,50%@729,0%@729,0%@729,50%@729] EMC_FREQ 0% GR3D_FREQ 0% GR3D2_FREQ 0%@0 CV0@55.281C CPU@58.062C SOC2@56.5C SOC0@57.156C CV1@55.312C GPU@56C tj@58.75C SOC1@58.75C CV2@55.562C
08-21-2026 19:59:38 RAM 4262/15389MB (lfb 1168x4MB) SWAP 0/7694MB (cached 0MB) CPU [0%@1984,0%@1984,50%@1984,0%@1984,0%@729,0%@729,0%@729,100%@729] EMC_FREQ 0% GR3D_FREQ 0% GR3D2_FREQ 0%@0 CV0@55.25C CPU@58.312C SOC2@56.375C SOC0@57.25C CV1@55.5C GPU@55.937C tj@58.687C SOC1@58.687C CV2@55.531C
08-21-2026 19:59:38 RAM 4262/15389MB (lfb 1168x4MB) SWAP 0/7694MB (cached 0MB) CPU [0%@729,0%@729,0%@729,50%@729,50%@729,0%@729,0%@729,0%@729] EMC_FREQ 0% GR3D_FREQ 0% GR3D2_FREQ 0%@0 CV0@55.468C CPU@58.312C SOC2@56.5C SOC0@57.281C CV1@55.343C GPU@55.75C tj@58.625C SOC1@58.625C CV2@55.656C
08-21-2026 19:59:38 RAM 4262/15389MB (lfb 1168x4MB) SWAP 0/7694MB (cached 0MB) CPU [0%@1984,0%@1984,0%@1984,0%@1984,0%@729,0%@729,0%@729,50%@729] EMC_FREQ 0% GR3D_FREQ 0% GR3D2_FREQ 0%@0 CV0@55.375C CPU@58.281C SOC2@56.468C SOC0@57.281C CV1@55.406C GPU@55.812C tj@58.75C SOC1@58.75C CV2@55.406C
08-21-2026 19:59:38 RAM 4262/15389MB (lfb 1168x4MB) SWAP 0/7694MB (cached 0MB) CPU [0%@729,0%@729,0%@729,0%@729,0%@729,0%@729,0%@729,0%@729] EMC_FREQ 0% GR3D_FREQ 0% GR3D2_FREQ 0%@0 CV0@55.343C CPU@58.25C SOC2@56.375C SOC0@57.218C CV1@55.343C GPU@55.812C tj@58.812C SOC1@58.812C CV2@55.531C
08-21-2026 19:59:38 RAM 4262/15389MB (lfb 1168x4MB) SWAP 0/7694MB (cached 0MB) CPU [0%@806,0%@1984,0%@1984,0%@1984,0%@729,0%@729,0%@729,100%@729] EMC_FREQ 0% GR3D_FREQ 0% GR3D2_FREQ 0%@0 CV0@55.406C CPU@58.25C SOC2@56.343C SOC0@57.25C CV1@55.312C GPU@56.031C tj@58.812C SOC1@58.812C CV2@55.5C
08-21-2026 19:59:38 RAM 4262/15389MB (lfb 1168x4MB) SWAP 0/7694MB (cached 0MB) CPU [0%@1984,0%@1984,0%@1984,0%@1984,0%@729,0%@729,0%@729,0%@729] EMC_FREQ 0% GR3D_FREQ 0% GR3D2_FREQ 0%@0 CV0@55.25C CPU@58.031C SOC2@56.406C SOC0@57.406C CV1@55.281C GPU@55.718C tj@58.875C SOC1@58.875C CV2@55.562C
08-21-2026 19:59:38 RAM 4262/15389MB (lfb 1168x4MB) SWAP 0/7694MB (cached 0MB) CPU [50%@1984,0%@1984,50%@1984,50%@1984,0%@729,0%@729,0%@729,50%@729] EMC_FREQ 0% GR3D_FREQ 0% GR3D2_FREQ 0%@0 CV0@55.343C CPU@57.968C SOC2@56.343C SOC0@57.187C CV1@55.25C GPU@55.968C tj@58.812C SOC1@58.812C CV2@55.531C
08-21-2026 19:59:38 RAM 4262/15389MB (lfb 1168x4MB) SWAP 0/7694MB (cached 0MB) CPU [0%@1984,0%@1984,0%@1984,50%@1984,0%@729,0%@729,0%@729,50%@729] EMC_FREQ 0% GR3D_FREQ 0% GR3D2_FREQ 0%@0 CV0@55.25C CPU@58.062C SOC2@56.531C SOC0@57.375C CV1@55.187C GPU@55.937C tj@58.75C SOC1@58.75C CV2@55.593C
08-21-2026 19:59:38 RAM 4262/15389MB (lfb 1168x4MB) SWAP 0/7694MB (cached 0MB) CPU [0%@1984,0%@1984,0%@1984,50%@1984,0%@729,0%@729,0%@729,0%@729] EMC_FREQ 0% GR3D_FREQ 0% GR3D2_FREQ 0%@0 CV0@55.281C CPU@57.937C SOC2@56.468C SOC0@57.218C CV1@55.468C GPU@55.687C tj@58.625C SOC1@58.625C CV2@55.718C
08-21-2026 19:59:38 RAM 4262/15389MB (lfb 1168x4MB) SWAP 0/7694MB (cached 0MB) CPU [0%@1984,0%@1984,0%@1984,0%@1984,0%@729,0%@729,0%@729,50%@729] EMC_FREQ 0% GR3D_FREQ 0% GR3D2_FREQ 0%@0 CV0@55.218C CPU@58.062C SOC2@56.5C SOC0@57.25C CV1@55.312C GPU@55.781C tj@58.625C SOC1@58.625C CV2@55.562C
08-21-2026 19:59:38 RAM 4262/15389MB (lfb 1168x4MB) SWAP 0/7694MB (cached 0MB) CPU [0%@806,0%@806,0%@806,50%@806,0%@729,0%@729,0%@729,0%@729] EMC_FREQ 0% GR3D_FREQ 0% GR3D2_FREQ 0%@0 CV0@55.468C CPU@58.156C SOC2@56.437C SOC0@57.218C CV1@55.343C GPU@55.687C tj@58.625C SOC1@58.625C CV2@55.593C
08-21-2026 19:59:38 RAM 4262/15389MB (lfb 1168x4MB) SWAP 0/7694MB (cached 0MB) CPU [50%@1984,0%@1984,0%@1984,0%@1984,0%@729,0%@729,0%@729,50%@729] EMC_FREQ 0% GR3D_FREQ 0% GR3D2_FREQ 0%@0 CV0@55.406C CPU@58.187C SOC2@56.406C SOC0@57.281C CV1@55.25C GPU@55.687C tj@58.937C SOC1@58.937C CV2@55.531C
08-21-2026 19:59:38 RAM 4262/15389MB (lfb 1168x4MB) SWAP 0/7694MB (cached 0MB) CPU [0%@1984,50%@1984,0%@1984,50%@1984,50%@729,0%@729,0%@729,0%@729] EMC_FREQ 0% GR3D_FREQ 0% GR3D2_FREQ 0%@0 CV0@55.343C CPU@58.125C SOC2@56.343C SOC0@57.312C CV1@55.25C GPU@55.937C tj@58.906C SOC1@58.906C CV2@55.5C
08-21-2026 19:59:38 RAM 4262/15389MB (lfb 1168x4MB) SWAP 0/7694MB (cached 0MB) CPU [0%@960,0%@960,0%@960,100%@960,0%@806,0%@806,0%@806,100%@806] EMC_FREQ 0% GR3D_FREQ 0% GR3D2_FREQ 0%@0 CV0@55.437C CPU@58.156C SOC2@56.343C SOC0@57.281C CV1@55.281C GPU@55.937C tj@58.812C SOC1@58.812C CV2@55.5C
08-21-2026 19:59:38 RAM 4262/15389MB (lfb 1168x4MB) SWAP 0/7694MB (cached 0MB) CPU [0%@806,0%@806,33%@806,0%@806,100%@806,50%@806,0%@806,0%@806] EMC_FREQ 0% GR3D_FREQ 0% GR3D2_FREQ 0%@0 CV0@55.25C CPU@58.062C SOC2@56.375C SOC0@57.281C CV1@55.281C GPU@55.718C tj@58.906C SOC1@58.906C CV2@55.531C
08-21-2026 19:59:38 RAM 4262/15389MB (lfb 1168x4MB) SWAP 0/7694MB (cached 0MB) CPU [0%@1984,0%@1984,0%@1984,50%@1984,0%@729,50%@729,0%@729,0%@729] EMC_FREQ 0% GR3D_FREQ 0% GR3D2_FREQ 0%@0 CV0@55.343C CPU@58.093C SOC2@56.531C SOC0@57.25C CV1@55.343C GPU@55.875C tj@58.656C SOC1@58.656C CV2@55.656C
08-21-2026 19:59:38 RAM 4262/15389MB (lfb 1168x4MB) SWAP 0/7694MB (cached 0MB) CPU [0%@1984,0%@1984,0%@1984,0%@1984,50%@729,0%@729,0%@729,0%@729] EMC_FREQ 0% GR3D_FREQ 0% GR3D2_FREQ 0%@0 CV0@55.281C CPU@58.031C SOC2@56.437C SOC0@57.25C CV1@55.343C GPU@55.656C tj@58.812C SOC1@58.812C CV2@55.531C
08-21-2026 19:59:38 RAM 4262/15389MB (lfb 1168x4MB) SWAP 0/7694MB (cached 0MB) CPU [0%@1984,0%@1984,0%@1984,50%@1984,50%@729,0%@729,0%@729,0%@729] EMC_FREQ 0% GR3D_FREQ 0% GR3D2_FREQ 0%@0 CV0@55.312C CPU@58.218C SOC2@56.5C SOC0@57.187C CV1@55.375C GPU@55.812C tj@58.718C SOC1@58.718C CV2@55.5C
08-21-2026 19:59:38 RAM 4262/15389MB (lfb 1168x4MB) SWAP 0/7694MB (cached 0MB) CPU [50%@1984,0%@1984,0%@1984,100%@1984,0%@729,0%@729,0%@729,0%@729] EMC_FREQ 0% GR3D_FREQ 0% GR3D2_FREQ 0%@0 CV0@55.343C CPU@58.218C SOC2@56.406C SOC0@57.218C CV1@55.343C GPU@55.687C tj@58.656C SOC1@58.656C CV2@55.531C
08-21-2026 19:59:38 RAM 4262/15389MB (lfb 1168x4MB) SWAP 0/7694MB (cached 0MB) CPU [50%@883,0%@883,0%@883,0%@883,50%@729,0%@729,0%@729,0%@729] EMC_FREQ 0% GR3D_FREQ 0% GR3D2_FREQ 0%@0 CV0@55.25C CPU@58.093C SOC2@56.312C SOC0@57.312C CV1@55.343C GPU@55.906C tj@58.968C SOC1@58.968C CV2@55.5C
08-21-2026 19:59:38 RAM 4262/15389MB (lfb 1168x4MB) SWAP 0/7694MB (cached 0MB) CPU [0%@729,50%@729,0%@729,50%@729,0%@729,50%@729,0%@729,0%@729] EMC_FREQ 0% GR3D_FREQ 0% GR3D2_FREQ 0%@0 CV0@55.281C CPU@58.187C SOC2@56.343C SOC0@57.312C CV1@55.25C GPU@55.75C tj@58.937C SOC1@58.937C CV2@55.531C
08-21-2026 19:59:38 RAM 4262/15389MB (lfb 1168x4MB) SWAP 0/7694MB (cached 0MB) CPU [0%@1984,0%@1984,50%@1984,0%@1984,100%@729,0%@729,50%@729,0%@729] EMC_FREQ 0% GR3D_FREQ 0% GR3D2_FREQ 0%@0 CV0@55.406C CPU@58.156C SOC2@56.343C SOC0@57.281C CV1@55.343C GPU@55.843C tj@58.718C SOC1@58.718C CV2@55.531C
08-21-2026 19:59:38 RAM 4262/15389MB (lfb 1168x4MB) SWAP 0/7694MB (cached 0MB) CPU [0%@1984,0%@1984,0%@1984,100%@1984,50%@729,0%@729,0%@729,0%@729] EMC_FREQ 0% GR3D_FREQ 0% GR3D2_FREQ 0%@0 CV0@55.312C CPU@58.281C SOC2@56.5C SOC0@57.25C CV1@55.25C GPU@55.718C tj@58.75C SOC1@58.75C CV2@55.625C
08-21-2026 19:59:38 RAM 4262/15389MB (lfb 1168x4MB) SWAP 0/7694MB (cached 0MB) CPU [0%@1984,0%@1984,0%@1984,50%@1984,0%@729,0%@729,0%@729,0%@729] EMC_FREQ 0% GR3D_FREQ 0% GR3D2_FREQ 0%@0 CV0@55.281C CPU@58.281C SOC2@56.406C SOC0@57.25C CV1@55.468C GPU@56.062C tj@58.718C SOC1@58.718C CV2@55.531C
08-21-2026 19:59:38 RAM 4262/15389MB (lfb 1168x4MB) SWAP 0/7694MB (cached 0MB) CPU [0%@1984,0%@1984,33%@1984,50%@1984,100%@729,0%@729,0%@729,0%@729] EMC_FREQ 0% GR3D_FREQ 0% GR3D2_FREQ 0%@0 CV0@55.187C CPU@58.281C SOC2@56.437C SOC0@57.25C CV1@55.5C GPU@55.781C tj@58.531C SOC1@58.531C CV2@55.593C
08-21-2026 19:59:38 RAM 4262/15389MB (lfb 1168x4MB) SWAP 0/7694MB (cached 0MB) CPU [0%@1984,0%@1984,0%@1984,0%@1984,0%@729,0%@729,0%@729,0%@729] EMC_FREQ 0% GR3D_FREQ 0% GR3D2_FREQ 0%@0 CV0@55.437C CPU@58.25C SOC2@56.531C SOC0@57.343C CV1@55.375C GPU@55.968C tj@58.656C SOC1@58.656C CV2@55.593C
08-21-2026 19:59:38 RAM 4262/15389MB (lfb 1168x4MB) SWAP 0/7694MB (cached 0MB) CPU [50%@883,0%@883,0%@883,0%@883,50%@729,0%@729,0%@729,0%@729] EMC_FREQ 0% GR3D_FREQ 0% GR3D2_FREQ 0%@0 CV0@55.406C CPU@58.187C SOC2@56.375C SOC0@57.25C CV1@55.375C GPU@55.75C tj@58.906C SOC1@58.906C CV2@55.531C
08-21-2026 19:59:38 RAM 4262/15389MB (lfb 1168x4MB) SWAP 0/7694MB (cached 0MB) CPU [0%@883,0%@1984,0%@1984,50%@1984,0%@729,50%@729,0%@729,0%@729] EMC_FREQ 0% GR3D_FREQ 0% GR3D2_FREQ 0%@0 CV0@55.343C CPU@58.156C SOC2@56.343C SOC0@57.343C CV1@55.343C GPU@55.875C tj@58.875C SOC1@58.875C CV2@55.531C
08-21-2026 19:59:38 RAM 4262/15389MB (lfb 1168x4MB) SWAP 0/7694MB (cached 0MB) CPU [0%@806,0%@806,0%@806,0%@806,0%@806,0%@806,100%@806,0%@806] EMC_FREQ 0% GR3D_FREQ 0% GR3D2_FREQ 0%@0 CV0@55.375C CPU@58.062C SOC2@56.343C SOC0@57.281C CV1@55.281C GPU@55.875C tj@58.718C SOC1@58.781C CV2@55.531C
08-21-2026 19:59:38 RAM 4262/15389MB (lfb 1168x4MB) SWAP 0/7694MB (cached 0MB) CPU [0%@806,50%@806,0%@806,50%@806,50%@729,0%@729,50%@729,0%@729] EMC_FREQ 0% GR3D_FREQ 0% GR3D2_FREQ 0%@0 CV0@55.343C CPU@58.125C SOC2@56.281C SOC0@57.281C CV1@55.25C GPU@56C tj@58.656C SOC1@58.656C CV2@55.687C
08-21-2026 19:59:38 RAM 4262/15389MB (lfb 1168x4MB) SWAP 0/7694MB (cached 0MB) CPU [0%@883,50%@883,0%@883,100%@883,50%@729,0%@729,100%@729,50%@729] EMC_FREQ 0% GR3D_FREQ 0% GR3D2_FREQ 0%@0 CV0@55.312C CPU@57.968C SOC2@56.468C SOC0@57.25C CV1@55.312C GPU@55.75C tj@58.75C SOC1@58.75C CV2@55.593C
08-21-2026 19:59:38 RAM 4262/15389MB (lfb 1168x4MB) SWAP 0/7694MB (cached 0MB) CPU [50%@1984,0%@1984,0%@1984,0%@1984,0%@729,0%@729,50%@729,0%@729] EMC_FREQ 0% GR3D_FREQ 0% GR3D2_FREQ 0%@0 CV0@55.281C CPU@58C SOC2@56.437C SOC0@57.281C CV1@55.343C GPU@55.781C tj@58.75C SOC1@58.75C CV2@55.531C
08-21-2026 19:59:38 RAM 4262/15389MB (lfb 1168x4MB) SWAP 0/7694MB (cached 0MB) CPU [0%@1984,0%@1984,0%@1984,50%@1984,0%@729,0%@729,0%@729,0%@729] EMC_FREQ 0% GR3D_FREQ 0% GR3D2_FREQ 0%@0 CV0@55.156C CPU@58.281C SOC2@56.375C SOC0@57.218C CV1@55.437C GPU@55.906C tj@58.781C SOC1@58.781C CV2@55.593C
08-21-2026 19:59:38 RAM 4262/15389MB (lfb 1168x4MB) SWAP 0/7694MB (cached 0MB) CPU [50%@883,0%@883,0%@883,0%@883,0%@729,0%@729,50%@729,0%@729] EMC_FREQ 0% GR3D_FREQ 0% GR3D2_FREQ 0%@0 CV0@55.375C CPU@58.343C SOC2@56.375C SOC0@57.281C CV1@55.406C GPU@55.687C tj@58.781C SOC1@58.718C CV2@55.531C
08-21-2026 19:59:38 RAM 4262/15389MB (lfb 1168x4MB) SWAP 0/7694MB (cached 0MB) CPU [0%@729,0%@729,0%@729,0%@729,0%@729,0%@729,0%@729,0%@729] EMC_FREQ 0% GR3D_FREQ 0% GR3D2_FREQ 0%@0 CV0@55.343C CPU@58.25C SOC2@56.312C SOC0@57.25C CV1@55.375C GPU@55.843C tj@58.812C SOC1@58.812C CV2@55.531C
08-21-2026 19:59:38 RAM 4262/15389MB (lfb 1168x4MB) SWAP 0/7694MB (cached 0MB) CPU [0%@1984,0%@1984,0%@1984,100%@1984,0%@729,0%@729,0%@729,50%@729] EMC_FREQ 0% GR3D_FREQ 0% GR3D2_FREQ 0%@0 CV0@55.343C CPU@58.031C SOC2@56.468C SOC0@57.406C CV1@55.312C GPU@55.718C tj@58.75C SOC1@58.75C CV2@55.5C
08-21-2026 19:59:38 RAM 4262/15389MB (lfb 1168x4MB) SWAP 0/7694MB (cached 0MB) CPU [0%@806,0%@806,0%@806,0%@806,50%@729,0%@729,50%@729,0%@729] EMC_FREQ 0% GR3D_FREQ 0% GR3D2_FREQ 0%@0 CV0@55.468C CPU@58.125C SOC2@56.437C SOC0@57.375C CV1@55.312C GPU@55.968C tj@58.843C SOC1@58.843C CV2@55.531C
08-21-2026 19:59:38 RAM 4262/15389MB (lfb 1168x4MB) SWAP 0/7694MB (cached 0MB) CPU [0%@806,0%@806,0%@806,50%@806,0%@729,0%@729,0%@729,0%@729] EMC_FREQ 0% GR3D_FREQ 0% GR3D2_FREQ 0%@0 CV0@55.312C CPU@58C SOC2@56.343C SOC0@57.281C CV1@55.218C GPU@55.718C tj@58.875C SOC1@58.875C CV2@55.468C
08-21-2026 19:59:38 RAM 4262/15389MB (lfb 1168x4MB) SWAP 0/7694MB (cached 0MB) CPU [0%@729,0%@729,50%@729,100%@729,0%@729,0%@729,100%@729,0%@729] EMC_FREQ 0% GR3D_FREQ 0% GR3D2_FREQ 0%@0 CV0@55.281C CPU@58.062C SOC2@56.375C SOC0@57.343C CV1@55.281C GPU@55.906C tj@58.718C SOC1@58.718C CV2@55.625C
08-21-2026 19:59:38 RAM 4262/15389MB (lfb 1168x4MB) SWAP 0/7694MB (cached 0MB) CPU [0%@1984,0%@1984,0%@1984,0%@1984,0%@729,0%@729,50%@729,0%@729] EMC_FREQ 0% GR3D_FREQ 0% GR3D2_FREQ 0%@0 CV0@55.312C CPU@58.125C SOC2@56.468C SOC0@57.281C CV1@55.312C GPU@55.843C tj@58.781C SOC1@58.781C CV2@55.687C
08-21-2026 19:59:38 RAM 4262/15389MB (lfb 1168x4MB) SWAP 0/7694MB (cached 0MB) CPU [0%@883,0%@883,0%@883,50%@883,50%@729,0%@729,0%@729,0%@729] EMC_FREQ 0% GR3D_FREQ 0% GR3D2_FREQ 0%@0 CV0@55.312C CPU@58.062C SOC2@56.375C SOC0@57.281C CV1@55.468C GPU@55.75C tj@58.656C SOC1@58.656C CV2@55.562C
08-21-2026 19:59:38 RAM 4262/15389MB (lfb 1168x4MB) SWAP 0/7694MB (cached 0MB) CPU [0%@1984,0%@1984,0%@1984,0%@1984,0%@729,50%@729,100%@729,0%@729] EMC_FREQ 0% GR3D_FREQ 0% GR3D2_FREQ 0%@0 CV0@55.218C CPU@58.156C SOC2@56.437C SOC0@57.343C CV1@55.343C GPU@55.812C tj@58.656C SOC1@58.656C CV2@55.593C
08-21-2026 19:59:38 RAM 4262/15389MB (lfb 1168x4MB) SWAP 0/7694MB (cached 0MB) CPU [50%@1984,0%@1984,0%@1984,50%@1984,0%@729,0%@729,50%@729,0%@729] EMC_FREQ 0% GR3D_FREQ 0% GR3D2_FREQ 0%@0 CV0@55.468C CPU@58.375C SOC2@56.406C SOC0@57.281C CV1@55.375C GPU@56.031C tj@58.75C SOC1@58.75C CV2@55.531C
08-21-2026 19:59:38 RAM 4262/15389MB (lfb 1168x4MB) SWAP 0/7694MB (cached 0MB) CPU [0%@806,0%@806,0%@1984,0%@1984,0%@729,0%@729,0%@729,0%@729] EMC_FREQ 0% GR3D_FREQ 0% GR3D2_FREQ 0%@0 CV0@55.406C CPU@58.062C SOC2@56.312C SOC0@57.218C CV1@55.406C GPU@55.937C tj@58.843C SOC1@58.843C CV2@55.562C
08-21-2026 19:59:38 RAM 4262/15389MB (lfb 1168x4MB) SWAP 0/7694MB (cached 0MB) CPU [33%@883,0%@883,50%@883,0%@883,0%@729,0%@729,0%@729,33%@729] EMC_FREQ 0% GR3D_FREQ 0% GR3D2_FREQ 0%@0 CV0@55.406C CPU@58.031C SOC2@56.375C SOC0@57.375C CV1@55.312C GPU@55.75C tj@59C SOC1@59C CV2@55.5C
08-21-2026 19:59:39 RAM 4262/15389MB (lfb 1168x4MB) SWAP 0/7694MB (cached 0MB) CPU [0%@1984,0%@1984,0%@1984,0%@1984,0%@729,0%@729,100%@729,0%@729] EMC_FREQ 0% GR3D_FREQ 0% GR3D2_FREQ 0%@0 CV0@55.312C CPU@58.093C SOC2@56.312C SOC0@57.375C CV1@55.343C GPU@55.875C tj@58.75C SOC1@58.75C CV2@55.531C
08-21-2026 19:59:39 RAM 4262/15389MB (lfb 1168x4MB) SWAP 0/7694MB (cached 0MB) CPU [50%@960,0%@960,0%@960,0%@960,0%@729,0%@729,50%@729,0%@729] EMC_FREQ 0% GR3D_FREQ 0% GR3D2_FREQ 0%@0 CV0@55.281C CPU@58.093C SOC2@56.312C SOC0@57.281C CV1@55.25C GPU@55.718C tj@58.75C SOC1@58.75C CV2@55.531C
08-21-2026 19:59:39 RAM 4262/15389MB (lfb 1168x4MB) SWAP 0/7694MB (cached 0MB) CPU [50%@1984,0%@1984,0%@1984,0%@1984,0%@729,0%@729,0%@729,0%@729] EMC_FREQ 0% GR3D_FREQ 0% GR3D2_FREQ 0%@0 CV0@55.25C CPU@58.062C SOC2@56.375C SOC0@57.312C CV1@55.281C GPU@56C tj@58.687C SOC1@58.687C CV2@55.687C
08-21-2026 19:59:39 RAM 4262/15389MB (lfb 1168x4MB) SWAP 0/7694MB (cached 0MB) CPU [0%@960,0%@960,0%@960,0%@960,50%@729,0%@729,0%@729,0%@729] EMC_FREQ 0% GR3D_FREQ 0% GR3D2_FREQ 0%@0 CV0@55.218C CPU@58.062C SOC2@56.531C SOC0@57.25C CV1@55.406C GPU@55.781C tj@58.75C SOC1@58.75C CV2@55.531C
08-21-2026 19:59:39 RAM 4262/15389MB (lfb 1168x4MB) SWAP 0/7694MB (cached 0MB) CPU [50%@1113,0%@1113,50%@1113,0%@1113,0%@806,0%@806,50%@806,50%@806] EMC_FREQ 0% GR3D_FREQ 0% GR3D2_FREQ 0%@0 CV0@55.375C CPU@58.031C SOC2@56.406C SOC0@57.25C CV1@55.531C GPU@55.906C tj@58.75C SOC1@58.75C CV2@55.562C
08-21-2026 19:59:39 RAM 4262/15389MB (lfb 1168x4MB) SWAP 0/7694MB (cached 0MB) CPU [50%@1984,0%@1984,0%@1984,0%@1984,0%@729,0%@729,0%@729,0%@729] EMC_FREQ 0% GR3D_FREQ 0% GR3D2_FREQ 0%@0 CV0@55.187C CPU@58.125C SOC2@56.406C SOC0@57.281C CV1@55.343C GPU@55.906C tj@58.718C SOC1@58.718C CV2@55.562C
08-21-2026 19:59:39 RAM 4262/15389MB (lfb 1168x4MB) SWAP 0/7694MB (cached 0MB) CPU [0%@1113,0%@1113,0%@1113,0%@1113,50%@729,0%@729,50%@729,0%@729] EMC_FREQ 0% GR3D_FREQ 0% GR3D2_FREQ 0%@0 CV0@55.343C CPU@58.125C SOC2@56.5C SOC0@57.25C CV1@55.437C GPU@55.781C tj@58.781C SOC1@58.781C CV2@55.562C
08-21-2026 19:59:39 RAM 4262/15389MB (lfb 1168x4MB) SWAP 0/7694MB (cached 0MB) CPU [0%@1984,0%@1984,0%@1984,0%@1984,0%@729,0%@729,0%@729,0%@729] EMC_FREQ 0% GR3D_FREQ 0% GR3D2_FREQ 0%@0 CV0@55.375C CPU@58.156C SOC2@56.375C SOC0@57.375C CV1@55.375C GPU@55.812C tj@58.718C SOC1@58.718C CV2@55.562C
08-21-2026 19:59:39 RAM 4262/15389MB (lfb 1168x4MB) SWAP 0/7694MB (cached 0MB) CPU [50%@1036,0%@1036,50%@1036,50%@1036,0%@729,0%@729,50%@729,50%@729] EMC_FREQ 0% GR3D_FREQ 0% GR3D2_FREQ 0%@0 CV0@55.375C CPU@58.187C SOC2@56.375C SOC0@57.343C CV1@55.312C GPU@56.062C tj@58.875C SOC1@58.875C CV2@55.531C
08-21-2026 19:59:39 RAM 4263/15389MB (lfb 1168x4MB) SWAP 0/7694MB (cached 0MB) CPU [0%@960,0%@960,0%@960,0%@960,50%@729,0%@729,0%@729,0%@729] EMC_FREQ 0% GR3D_FREQ 0% GR3D2_FREQ 0%@0 CV0@55.343C CPU@58.156C SOC2@56.437C SOC0@57.343C CV1@55.343C GPU@55.906C tj@58.812C SOC1@58.812C CV2@55.5C
08-21-2026 19:59:39 RAM 4263/15389MB (lfb 1168x4MB) SWAP 0/7694MB (cached 0MB) CPU [100%@960,0%@960,50%@960,0%@960,0%@729,0%@729,0%@729,0%@729] EMC_FREQ 0% GR3D_FREQ 0% GR3D2_FREQ 0%@0 CV0@55.375C CPU@58.156C SOC2@56.312C SOC0@57.218C CV1@55.218C GPU@55.718C tj@58.656C SOC1@58.718C CV2@55.656C
08-21-2026 19:59:39 RAM 4262/15389MB (lfb 1168x4MB) SWAP 0/7694MB (cached 0MB) CPU [0%@960,50%@960,0%@960,0%@960,0%@729,0%@729,0%@729,50%@729] EMC_FREQ 0% GR3D_FREQ 0% GR3D2_FREQ 0%@0 CV0@55.25C CPU@58.031C SOC2@56.343C SOC0@57.281C CV1@55.187C GPU@55.843C tj@58.906C SOC1@58.906C CV2@55.562C
08-21-2026 19:59:39 RAM 4262/15389MB (lfb 1168x4MB) SWAP 0/7694MB (cached 0MB) CPU [0%@1984,0%@1984,0%@1984,0%@1984,0%@729,0%@729,0%@729,0%@729] EMC_FREQ 0% GR3D_FREQ 0% GR3D2_FREQ 0%@0 CV0@55.343C CPU@58.218C SOC2@56.5C SOC0@57.281C CV1@55.406C GPU@55.718C tj@58.75C SOC1@58.75C CV2@55.625C
08-21-2026 19:59:39 RAM 4262/15389MB (lfb 1168x4MB) SWAP 0/7694MB (cached 0MB) CPU [100%@960,0%@960,0%@960,0%@960,0%@729,0%@729,0%@729,100%@729] EMC_FREQ 0% GR3D_FREQ 0% GR3D2_FREQ 0%@0 CV0@55.437C CPU@58.218C SOC2@56.406C SOC0@57.25C CV1@55.343C GPU@55.906C tj@58.656C SOC1@58.656C CV2@55.531C
08-21-2026 19:59:39 RAM 4262/15389MB (lfb 1168x4MB) SWAP 0/7694MB (cached 0MB) CPU [0%@960,0%@960,0%@960,50%@960,0%@729,0%@729,0%@729,0%@729] EMC_FREQ 0% GR3D_FREQ 0% GR3D2_FREQ 0%@0 CV0@55.406C CPU@58.156C SOC2@56.468C SOC0@57.25C CV1@55.375C GPU@55.875C tj@58.718C SOC1@58.718C CV2@55.531C
08-21-2026 19:59:39 RAM 4262/15389MB (lfb 1168x4MB) SWAP 0/7694MB (cached 0MB) CPU [50%@1984,0%@1984,0%@1984,0%@1984,0%@729,50%@729,0%@729,50%@729] EMC_FREQ 0% GR3D_FREQ 0% GR3D2_FREQ 0%@0 CV0@55.281C CPU@58.125C SOC2@56.406C SOC0@57.125C CV1@55.343C GPU@56C tj@58.718C SOC1@58.718C CV2@55.531C
08-21-2026 19:59:39 RAM 4262/15389MB (lfb 1168x4MB) SWAP 0/7694MB (cached 0MB) CPU [0%@1036,50%@1036,0%@1036,0%@1036,0%@729,0%@729,0%@729,100%@729] EMC_FREQ 0% GR3D_FREQ 0% GR3D2_FREQ 0%@0 CV0@55.406C CPU@58.187C SOC2@56.531C SOC0@57.281C CV1@55.25C GPU@55.656C tj@58.906C SOC1@58.906C CV2@55.531C
08-21-2026 19:59:39 RAM 4262/15389MB (lfb 1168x4MB) SWAP 0/7694MB (cached 0MB) CPU [0%@1984,0%@1984,0%@1984,50%@1984,0%@729,0%@729,0%@729,0%@729] EMC_FREQ 0% GR3D_FREQ 0% GR3D2_FREQ 0%@0 CV0@55.281C CPU@58.156C SOC2@56.406C SOC0@57.281C CV1@55.406C GPU@55.906C tj@58.781C SOC1@58.781C CV2@55.531C
08-21-2026 19:59:39 RAM 4262/15389MB (lfb 1168x4MB) SWAP 0/7694MB (cached 0MB) CPU [0%@883,50%@883,0%@883,0%@883,0%@729,0%@729,0%@729,0%@729] EMC_FREQ 0% GR3D_FREQ 0% GR3D2_FREQ 0%@0 CV0@55.281C CPU@58C SOC2@56.468C SOC0@57.281C CV1@55.312C GPU@55.875C tj@58.843C SOC1@58.843C CV2@55.593C
08-21-2026 19:59:39 RAM 4262/15389MB (lfb 1168x4MB) SWAP 0/7694MB (cached 0MB) CPU [0%@960,0%@960,50%@960,0%@960,0%@729,0%@729,0%@729,50%@729] EMC_FREQ 0% GR3D_FREQ 0% GR3D2_FREQ 0%@0 CV0@55.187C CPU@58.406C SOC2@56.531C SOC0@57.281C CV1@55.281C GPU@55.718C tj@58.75C SOC1@58.75C CV2@55.562C
08-21-2026 19:59:39 RAM 4262/15389MB (lfb 1168x4MB) SWAP 0/7694MB (cached 0MB) CPU [0%@1984,0%@1984,0%@1984,0%@1984,50%@729,50%@729,0%@729,0%@729] EMC_FREQ 0% GR3D_FREQ 0% GR3D2_FREQ 0%@0 CV0@55.156C CPU@58.437C SOC2@56.531C SOC0@57.281C CV1@55.343C GPU@55.812C tj@58.75C SOC1@58.75C CV2@55.656C
08-21-2026 19:59:39 RAM 4262/15389MB (lfb 1168x4MB) SWAP 0/7694MB (cached 0MB) CPU [50%@883,0%@883,50%@883,0%@883,50%@729,0%@729,0%@729,0%@729] EMC_FREQ 0% GR3D_FREQ 0% GR3D2_FREQ 0%@0 CV0@55.281C CPU@58.312C SOC2@56.531C SOC0@57.281C CV1@55.406C GPU@56C tj@58.781C SOC1@58.781C CV2@55.625C
08-21-2026 19:59:39 RAM 4262/15389MB (lfb 1168x4MB) SWAP 0/7694MB (cached 0MB) CPU [50%@1984,0%@1984,0%@1984,0%@1984,0%@729,0%@729,0%@729,50%@729] EMC_FREQ 0% GR3D_FREQ 0% GR3D2_FREQ 0%@0 CV0@55.25C CPU@58.25C SOC2@56.406C SOC0@57.25C CV1@55.437C GPU@55.937C tj@58.687C SOC1@58.781C CV2@55.531C
08-21-2026 19:59:39 RAM 4262/15389MB (lfb 1168x4MB) SWAP 0/7694MB (cached 0MB) CPU [50%@1984,0%@1984,0%@1984,0%@1984,0%@806,0%@806,50%@806,0%@806] EMC_FREQ 0% GR3D_FREQ 0% GR3D2_FREQ 0%@0 CV0@55.312C CPU@58.187C SOC2@56.343C SOC0@57.281C CV1@55.375C GPU@55.687C tj@58.625C SOC1@58.625C CV2@55.593C
08-21-2026 19:59:39 RAM 4262/15389MB (lfb 1168x4MB) SWAP 0/7694MB (cached 0MB) CPU [0%@729,0%@729,50%@729,0%@729,50%@729,0%@729,0%@729,0%@729] EMC_FREQ 0% GR3D_FREQ 0% GR3D2_FREQ 0%@0 CV0@55.375C CPU@58.187C SOC2@56.468C SOC0@57.437C CV1@55.375C GPU@55.687C tj@58.718C SOC1@58.718C CV2@55.5C
08-21-2026 19:59:39 RAM 4263/15389MB (lfb 1168x4MB) SWAP 0/7694MB (cached 0MB) CPU [0%@1984,0%@1984,0%@1984,0%@1984,0%@729,50%@729,0%@729,0%@729] EMC_FREQ 0% GR3D_FREQ 0% GR3D2_FREQ 0%@0 CV0@55.5C CPU@58.093C SOC2@56.406C SOC0@57.375C CV1@55.343C GPU@55.812C tj@58.625C SOC1@58.625C CV2@55.562C
08-21-2026 19:59:39 RAM 4263/15389MB (lfb 1168x4MB) SWAP 0/7694MB (cached 0MB) CPU [0%@960,0%@1984,50%@1984,0%@1984,100%@729,0%@729,0%@729,50%@729] EMC_FREQ 0% GR3D_FREQ 0% GR3D2_FREQ 0%@0 CV0@55.312C CPU@58.062C SOC2@56.5C SOC0@57.437C CV1@55.406C GPU@56.093C tj@58.875C SOC1@58.937C CV2@55.5C
08-21-2026 19:59:39 RAM 4263/15389MB (lfb 1168x4MB) SWAP 0/7694MB (cached 0MB) CPU [50%@1984,0%@1984,0%@1984,0%@1984,0%@729,0%@729,0%@729,0%@729] EMC_FREQ 0% GR3D_FREQ 0% GR3D2_FREQ 0%@0 CV0@55.312C CPU@58.031C SOC2@56.437C SOC0@57.312C CV1@55.343C GPU@56.031C tj@58.781C SOC1@58.781C CV2@55.531C
08-21-2026 19:59:39 RAM 4263/15389MB (lfb 1168x4MB) SWAP 0/7694MB (cached 0MB) CPU [0%@729,0%@729,0%@729,0%@729,50%@729,0%@729,0%@729,0%@729] EMC_FREQ 0% GR3D_FREQ 0% GR3D2_FREQ 0%@0 CV0@55.312C CPU@57.968C SOC2@56.375C SOC0@57.281C CV1@55.281C GPU@55.718C tj@58.937C SOC1@58.937C CV2@55.593C
08-21-2026 19:59:39 RAM 4263/15389MB (lfb 1168x4MB) SWAP 0/7694MB (cached 0MB) CPU [0%@806,50%@806,50%@806,0%@806,100%@806,0%@806,0%@806,0%@806] EMC_FREQ 0% GR3D_FREQ 0% GR3D2_FREQ 0%@0 CV0@55.312C CPU@58.062C SOC2@56.375C SOC0@57.25C CV1@55.312C GPU@55.937C tj@58.781C SOC1@58.781C CV2@55.531C
08-21-2026 19:59:39 RAM 4263/15389MB (lfb 1168x4MB) SWAP 0/7694MB (cached 0MB) CPU [0%@1984,0%@1984,50%@1984,0%@1984,0%@729,0%@729,0%@729,0%@729] EMC_FREQ 0% GR3D_FREQ 0% GR3D2_FREQ 0%@0 CV0@55.156C CPU@58.031C SOC2@56.468C SOC0@57.375C CV1@55.343C GPU@55.875C tj@58.75C SOC1@58.75C CV2@55.593C
08-21-2026 19:59:39 RAM 4263/15389MB (lfb 1168x4MB) SWAP 0/7694MB (cached 0MB) CPU [50%@1984,0%@1984,0%@1984,0%@1984,50%@729,0%@729,0%@729,0%@729] EMC_FREQ 0% GR3D_FREQ 0% GR3D2_FREQ 0%@0 CV0@55.281C CPU@58.187C SOC2@56.375C SOC0@57.312C CV1@55.312C GPU@55.656C tj@58.781C SOC1@58.781C CV2@55.625C
08-21-2026 19:59:39 RAM 4263/15389MB (lfb 1168x4MB) SWAP 0/7694MB (cached 0MB) CPU [0%@883,0%@883,100%@883,66%@883,100%@729,0%@729,0%@729,0%@729] EMC_FREQ 0% GR3D_FREQ 0% GR3D2_FREQ 0%@0 CV0@55.218C CPU@58.25C SOC2@56.468C SOC0@57.25C CV1@55.5C GPU@55.875C tj@58.625C SOC1@58.625C CV2@55.656C
08-21-2026 19:59:39 RAM 4263/15389MB (lfb 1168x4MB) SWAP 0/7694MB (cached 0MB) CPU [50%@1984,0%@1984,0%@1984,0%@1984,0%@729,0%@729,0%@729,0%@729] EMC_FREQ 0% GR3D_FREQ 0% GR3D2_FREQ 0%@0 CV0@55.281C CPU@58.156C SOC2@56.375C SOC0@57.218C CV1@55.343C GPU@56C tj@58.656C SOC1@58.656C CV2@55.562C
08-21-2026 19:59:39 RAM 4263/15389MB (lfb 1168x4MB) SWAP 0/7694MB (cached 0MB) CPU [0%@1984,33%@1984,0%@1984,50%@1984,50%@729,50%@729,0%@729,0%@729] EMC_FREQ 0% GR3D_FREQ 0% GR3D2_FREQ 0%@0 CV0@55.375C CPU@58.218C SOC2@56.312C SOC0@57.468C CV1@55.312C GPU@55.843C tj@58.687C SOC1@58.687C CV2@55.656C
08-21-2026 19:59:39 RAM 4263/15389MB (lfb 1168x4MB) SWAP 0/7694MB (cached 0MB) CPU [0%@960,0%@960,0%@960,0%@960,50%@729,0%@729,0%@729,0%@729] EMC_FREQ 0% GR3D_FREQ 0% GR3D2_FREQ 0%@0 CV0@55.375C CPU@58.093C SOC2@56.343C SOC0@57.312C CV1@55.437C GPU@55.75C tj@58.906C SOC1@58.593C CV2@55.406C
08-21-2026 19:59:39 RAM 4263/15389MB (lfb 1168x4MB) SWAP 0/7694MB (cached 0MB) CPU [50%@883,0%@883,0%@883,50%@883,100%@729,0%@729,0%@729,0%@729] EMC_FREQ 0% GR3D_FREQ 0% GR3D2_FREQ 0%@0 CV0@55.375C CPU@58.125C SOC2@56.437C SOC0@57.343C CV1@55.406C GPU@55.875C tj@58.843C SOC1@58.843C CV2@55.531C
08-21-2026 19:59:39 RAM 4263/15389MB (lfb 1168x4MB) SWAP 0/7694MB (cached 0MB) CPU [0%@1984,0%@1984,0%@1984,50%@1984,0%@729,0%@729,0%@729,0%@729] EMC_FREQ 0% GR3D_FREQ 0% GR3D2_FREQ 0%@0 CV0@55.406C CPU@58.218C SOC2@56.343C SOC0@57.25C CV1@55.312C GPU@55.843C tj@58.843C SOC1@58.843C CV2@55.531C
08-21-2026 19:59:39 RAM 4263/15389MB (lfb 1168x4MB) SWAP 0/7694MB (cached 0MB) CPU [0%@1984,0%@1984,0%@1984,100%@1984,50%@729,0%@729,0%@729,0%@729] EMC_FREQ 0% GR3D_FREQ 0% GR3D2_FREQ 0%@0 CV0@55.375C CPU@57.937C SOC2@56.343C SOC0@57.312C CV1@55.312C GPU@56.031C tj@58.718C SOC1@58.718C CV2@55.625C
08-21-2026 19:59:39 RAM 4263/15389MB (lfb 1168x4MB) SWAP 0/7694MB (cached 0MB) CPU [0%@1036,0%@1036,0%@1036,0%@1036,0%@729,0%@729,0%@729,50%@729] EMC_FREQ 0% GR3D_FREQ 0% GR3D2_FREQ 0%@0 CV0@55.218C CPU@58.406C SOC2@56.375C SOC0@57.281C CV1@55.468C GPU@55.812C tj@58.687C SOC1@58.687C CV2@55.625C
08-21-2026 19:59:39 RAM 4263/15389MB (lfb 1168x4MB) SWAP 0/7694MB (cached 0MB) CPU [0%@1984,50%@1984,0%@1984,50%@1984,50%@729,0%@729,0%@729,0%@729] EMC_FREQ 0% GR3D_FREQ 0% GR3D2_FREQ 0%@0 CV0@55.312C CPU@58.25C SOC2@56.562C SOC0@57.218C CV1@55.437C GPU@56C tj@58.718C SOC1@58.718C CV2@55.593C
08-21-2026 19:59:39 RAM 4263/15389MB (lfb 1168x4MB) SWAP 0/7694MB (cached 0MB) CPU [50%@1984,0%@1984,0%@1984,50%@1984,50%@729,0%@729,0%@729,0%@729] EMC_FREQ 0% GR3D_FREQ 0% GR3D2_FREQ 0%@0 CV0@55.406C CPU@58.25C SOC2@56.468C SOC0@57.218C CV1@55.437C GPU@55.687C tj@58.687C SOC1@58.687C CV2@55.5C
08-21-2026 19:59:39 RAM 4263/15389MB (lfb 1168x4MB) SWAP 0/7694MB (cached 0MB) CPU [0%@1984,0%@1984,0%@1984,0%@1984,0%@729,0%@729,0%@729,0%@729] EMC_FREQ 0% GR3D_FREQ 0% GR3D2_FREQ 0%@0 CV0@55.343C CPU@58.281C SOC2@56.437C SOC0@57.281C CV1@55.375C GPU@55.718C tj@58.687C SOC1@58.687C CV2@55.5C
08-21-2026 19:59:39 RAM 4263/15389MB (lfb 1168x4MB) SWAP 0/7694MB (cached 0MB) CPU [0%@1036,0%@1036,0%@1036,0%@1036,50%@729,0%@729,0%@729,0%@729] EMC_FREQ 0% GR3D_FREQ 0% GR3D2_FREQ 0%@0 CV0@55.218C CPU@58.062C SOC2@56.406C SOC0@57.312C CV1@55.312C GPU@55.843C tj@58.593C SOC1@58.593C CV2@55.468C
08-21-2026 19:59:39 RAM 4263/15389MB (lfb 1168x4MB) SWAP 0/7694MB (cached 0MB) CPU [0%@1984,0%@1984,0%@1984,0%@1984,0%@806,0%@806,0%@806,0%@806] EMC_FREQ 0% GR3D_FREQ 0% GR3D2_FREQ 0%@0 CV0@55.343C CPU@58.031C SOC2@56.343C SOC0@57.375C CV1@55.312C GPU@56.031C tj@58.718C SOC1@58.718C CV2@55.468C
08-21-2026 19:59:39 RAM 4263/15389MB (lfb 1168x4MB) SWAP 0/7694MB (cached 0MB) CPU [0%@960,0%@960,0%@960,0%@960,50%@729,0%@729,0%@729,0%@729] EMC_FREQ 0% GR3D_FREQ 0% GR3D2_FREQ 0%@0 CV0@55.25C CPU@58.062C SOC2@56.406C SOC0@57.343C CV1@55.25C GPU@55.718C tj@58.687C SOC1@58.687C CV2@55.593C
08-21-2026 19:59:39 RAM 4263/15389MB (lfb 1168x4MB) SWAP 0/7694MB (cached 0MB) CPU [0%@1113,0%@1113,0%@1113,50%@1113,100%@729,0%@729,0%@729,0%@729] EMC_FREQ 0% GR3D_FREQ 0% GR3D2_FREQ 0%@0 CV0@55.343C CPU@58C SOC2@56.531C SOC0@57.312C CV1@55.218C GPU@55.687C tj@58.718C SOC1@58.718C CV2@55.656C
08-21-2026 19:59:39 RAM 4263/15389MB (lfb 1168x4MB) SWAP 0/7694MB (cached 0MB) CPU [0%@806,0%@806,66%@806,100%@806,0%@729,100%@729,0%@729,0%@729] EMC_FREQ 0% GR3D_FREQ 0% GR3D2_FREQ 0%@0 CV0@55.156C CPU@58C SOC2@56.531C SOC0@57.281C CV1@55.25C GPU@55.937C tj@58.75C SOC1@58.75C CV2@55.562C
08-21-2026 19:59:39 RAM 4263/15389MB (lfb 1168x4MB) SWAP 0/7694MB (cached 0MB) CPU [0%@1984,0%@1984,0%@1984,0%@1984,0%@729,0%@729,0%@729,0%@729] EMC_FREQ 0% GR3D_FREQ 0% GR3D2_FREQ 0%@0 CV0@55.281C CPU@58.031C SOC2@56.531C SOC0@57.281C CV1@55.406C GPU@55.687C tj@58.718C SOC1@58.718C CV2@55.593C
08-21-2026 19:59:39 RAM 4263/15389MB (lfb 1168x4MB) SWAP 0/7694MB (cached 0MB) CPU [0%@1984,0%@1984,0%@1984,0%@1984,0%@729,50%@729,0%@729,0%@729] EMC_FREQ 0% GR3D_FREQ 0% GR3D2_FREQ 0%@0 CV0@55.25C CPU@57.906C SOC2@56.437C SOC0@57.343C CV1@55.437C GPU@55.625C tj@58.687C SOC1@58.781C CV2@55.562C
08-21-2026 19:59:39 RAM 4263/15389MB (lfb 1167x4MB) SWAP 0/7694MB (cached 0MB) CPU [0%@806,0%@806,0%@806,50%@806,0%@883,0%@883,50%@883,0%@883] EMC_FREQ 0% GR3D_FREQ 0% GR3D2_FREQ 0%@0 CV0@55.281C CPU@58.281C SOC2@56.343C SOC0@57.281C CV1@55.437C GPU@55.843C tj@58.718C SOC1@58.718C CV2@55.5C
08-21-2026 19:59:39 RAM 4263/15389MB (lfb 1167x4MB) SWAP 0/7694MB (cached 0MB) CPU [0%@1984,0%@1984,0%@1984,100%@1984,0%@1036,0%@1036,100%@1036,0%@1036] EMC_FREQ 0% GR3D_FREQ 0% GR3D2_FREQ 0%@0 CV0@55.437C CPU@58.25C SOC2@56.593C SOC0@57.281C CV1@55.406C GPU@55.937C tj@58.781C SOC1@58.781C CV2@55.468C
08-21-2026 19:59:39 RAM 4263/15389MB (lfb 1167x4MB) SWAP 0/7694MB (cached 0MB) CPU [0%@883,0%@883,0%@883,0%@883,0%@1267,0%@1267,100%@1267,0%@1267] EMC_FREQ 0% GR3D_FREQ 0% GR3D2_FREQ 0%@0 CV0@55.406C CPU@58.031C SOC2@56.5C SOC0@57.5C CV1@55.406C GPU@55.781C tj@58.656C SOC1@58.656C CV2@55.562C
08-21-2026 19:59:39 RAM 4263/15389MB (lfb 1167x4MB) SWAP 0/7694MB (cached 0MB) CPU [100%@1036,50%@1036,0%@1036,50%@1036,0%@1497,0%@1497,0%@1497,0%@1497] EMC_FREQ 0% GR3D_FREQ 0% GR3D2_FREQ 0%@0 CV0@55.343C CPU@58.031C SOC2@56.406C SOC0@57.437C CV1@55.406C GPU@55.75C tj@58.875C SOC1@58.875C CV2@55.531C
08-21-2026 19:59:39 RAM 4263/15389MB (lfb 1167x4MB) SWAP 0/7694MB (cached 0MB) CPU [0%@960,0%@960,0%@960,0%@960,0%@1804,0%@1804,50%@1804,66%@1804] EMC_FREQ 0% GR3D_FREQ 0% GR3D2_FREQ 0%@0 CV0@55.312C CPU@58.031C SOC2@56.406C SOC0@57.406C CV1@55.218C GPU@55.875C tj@58.843C SOC1@58.843C CV2@55.468C
08-21-2026 19:59:39 RAM 4263/15389MB (lfb 1167x4MB) SWAP 0/7694MB (cached 0MB) CPU [0%@1036,0%@1036,0%@1036,0%@1036,0%@1984,0%@1984,0%@1984,0%@1984] EMC_FREQ 0% GR3D_FREQ 0% GR3D2_FREQ 0%@0 CV0@55.375C CPU@58.031C SOC2@56.5C SOC0@57.343C CV1@55.25C GPU@55.812C tj@58.718C SOC1@58.718C CV2@55.843C
08-21-2026 19:59:39 RAM 4263/15389MB (lfb 1167x4MB) SWAP 0/7694MB (cached 0MB) CPU [50%@1984,0%@1984,50%@1984,50%@1984,0%@1984,0%@1984,0%@1984,100%@1984] EMC_FREQ 0% GR3D_FREQ 0% GR3D2_FREQ 0%@0 CV0@55.343C CPU@58.062C SOC2@56.468C SOC0@57.281C CV1@55.25C GPU@55.875C tj@58.812C SOC1@58.812C CV2@55.562C
08-21-2026 19:59:39 RAM 4263/15389MB (lfb 1167x4MB) SWAP 0/7694MB (cached 0MB) CPU [100%@1984,0%@1984,0%@1984,50%@1984,0%@1984,0%@1984,0%@1984,100%@1984] EMC_FREQ 0% GR3D_FREQ 0% GR3D2_FREQ 0%@0 CV0@55.281C CPU@58.218C SOC2@56.625C SOC0@57.218C CV1@55.5C GPU@55.843C tj@58.781C SOC1@58.781C CV2@55.562C
08-21-2026 19:59:39 RAM 4263/15389MB (lfb 1167x4MB) SWAP 0/7694MB (cached 0MB) CPU [0%@1984,0%@1984,0%@1984,0%@1984,0%@1984,0%@1984,0%@1984,100%@1984] EMC_FREQ 0% GR3D_FREQ 0% GR3D2_FREQ 0%@0 CV0@55.437C CPU@58.281C SOC2@56.531C SOC0@57.281C CV1@55.437C GPU@56C tj@58.656C SOC1@58.656C CV2@55.593C
08-21-2026 19:59:39 RAM 4263/15389MB (lfb 1167x4MB) SWAP 0/7694MB (cached 0MB) CPU [0%@1984,0%@1984,0%@1984,0%@1984,0%@1984,0%@1984,0%@1984,50%@1984] EMC_FREQ 0% GR3D_FREQ 0% GR3D2_FREQ 0%@0 CV0@55.593C CPU@58.437C SOC2@56.437C SOC0@57.218C CV1@55.343C GPU@55.781C tj@58.781C SOC1@58.781C CV2@55.562C
08-21-2026 19:59:39 RAM 4265/15389MB (lfb 1167x4MB) SWAP 0/7694MB (cached 0MB) CPU [50%@1984,50%@1984,50%@1984,0%@1984,0%@1984,0%@1984,0%@1984,100%@1984] EMC_FREQ 0% GR3D_FREQ 0% GR3D2_FREQ 0%@0 CV0@55.531C CPU@58.343C SOC2@56.5C SOC0@57.375C CV1@55.375C GPU@55.937C tj@58.656C SOC1@58.656C CV2@55.562C
08-21-2026 19:59:39 RAM 4265/15389MB (lfb 1167x4MB) SWAP 0/7694MB (cached 0MB) CPU [50%@1984,50%@1984,0%@1984,0%@1984,0%@1984,0%@1984,0%@1984,0%@1984] EMC_FREQ 0% GR3D_FREQ 0% GR3D2_FREQ 0%@0 CV0@55.468C CPU@58.281C SOC2@56.531C SOC0@57.406C CV1@55.437C GPU@55.843C tj@58.718C SOC1@58.718C CV2@55.562C
08-21-2026 19:59:39 RAM 4265/15389MB (lfb 1167x4MB) SWAP 0/7694MB (cached 0MB) CPU [0%@883,0%@883,0%@883,0%@883,0%@1984,0%@1984,0%@1984,100%@1984] EMC_FREQ 0% GR3D_FREQ 0% GR3D2_FREQ 0%@0 CV0@55.406C CPU@58.312C SOC2@56.375C SOC0@57.312C CV1@55.406C GPU@56.156C tj@58.875C SOC1@58.875C CV2@55.562C
08-21-2026 19:59:39 RAM 4266/15389MB (lfb 1167x4MB) SWAP 0/7694MB (cached 0MB) CPU [0%@1984,50%@1984,0%@1984,0%@1984,0%@1984,50%@1984,50%@1984,100%@1984] EMC_FREQ 0% GR3D_FREQ 0% GR3D2_FREQ 0%@0 CV0@55.406C CPU@58.406C SOC2@56.468C SOC0@57.281C CV1@55.375C GPU@55.937C tj@58.843C SOC1@58.843C CV2@55.687C
08-21-2026 19:59:39 RAM 4266/15389MB (lfb 1167x4MB) SWAP 0/7694MB (cached 0MB) CPU [100%@1984,50%@1984,100%@1984,100%@1984,100%@1984,100%@1984,100%@1984,100%@1984] EMC_FREQ 0% GR3D_FREQ 0% GR3D2_FREQ 0%@0 CV0@55.562C CPU@58.375C SOC2@56.687C SOC0@57.312C CV1@55.5C GPU@56.156C tj@58.656C SOC1@58.656C CV2@55.687C
08-21-2026 19:59:39 RAM 4266/15389MB (lfb 1167x4MB) SWAP 0/7694MB (cached 0MB) CPU [100%@1984,0%@1984,100%@1984,100%@1984,100%@1984,100%@1984,100%@1984,100%@1984] EMC_FREQ 0% GR3D_FREQ 0% GR3D2_FREQ 0%@0 CV0@55.718C CPU@58.437C SOC2@56.562C SOC0@57.281C CV1@55.531C GPU@56.062C tj@58.75C SOC1@58.75C CV2@55.593C
08-21-2026 19:59:39 RAM 4266/15389MB (lfb 1167x4MB) SWAP 0/7694MB (cached 0MB) CPU [100%@1984,100%@1984,100%@1984,100%@1984,100%@1984,100%@1984,100%@1984,100%@1984] EMC_FREQ 0% GR3D_FREQ 0% GR3D2_FREQ 0%@0 CV0@55.75C CPU@58.5C SOC2@56.625C SOC0@57.187C CV1@55.656C GPU@55.875C tj@58.656C SOC1@58.656C CV2@55.656C
08-21-2026 19:59:39 RAM 4266/15389MB (lfb 1166x4MB) SWAP 0/7694MB (cached 0MB) CPU [100%@1984,100%@1984,100%@1984,100%@1984,100%@1984,100%@1984,100%@1984,100%@1984] EMC_FREQ 0% GR3D_FREQ 0% GR3D2_FREQ 0%@0 CV0@56.062C CPU@58.687C SOC2@56.593C SOC0@57.218C CV1@55.562C GPU@56C tj@58.687C SOC1@58.812C CV2@55.593C
08-21-2026 19:59:39 RAM 4266/15389MB (lfb 1166x4MB) SWAP 0/7694MB (cached 0MB) CPU [100%@1984,100%@1984,100%@1984,100%@1984,100%@1984,100%@1984,100%@1984,100%@1984] EMC_FREQ 0% GR3D_FREQ 0% GR3D2_FREQ 0%@0 CV0@56.062C CPU@58.718C SOC2@56.843C SOC0@57.281C CV1@55.593C GPU@56.312C tj@58.718C SOC1@58.687C CV2@55.687C
08-21-2026 19:59:39 RAM 4267/15389MB (lfb 1166x4MB) SWAP 0/7694MB (cached 0MB) CPU [100%@1984,50%@1984,50%@1984,50%@1984,0%@1984,0%@1984,0%@1984,33%@1984] EMC_FREQ 0% GR3D_FREQ 0% GR3D2_FREQ 0%@0 CV0@55.843C CPU@58.687C SOC2@56.687C SOC0@57.343C CV1@55.531C GPU@56C tj@58.843C SOC1@58.843C CV2@55.531C
08-21-2026 19:59:39 RAM 4268/15389MB (lfb 1166x4MB) SWAP 0/7694MB (cached 0MB) CPU [0%@1984,100%@1984,0%@1984,0%@1984,0%@1984,0%@1984,0%@1984,0%@1984] EMC_FREQ 0% GR3D_FREQ 0% GR3D2_FREQ 0%@0 CV0@56C CPU@58.437C SOC2@56.781C SOC0@57.406C CV1@55.593C GPU@56.187C tj@58.781C SOC1@58.781C CV2@55.75C
08-21-2026 19:59:39 RAM 4268/15389MB (lfb 1166x4MB) SWAP 0/7694MB (cached 0MB) CPU [50%@1984,0%@1984,0%@1984,0%@1984,0%@1958,0%@1958,0%@1958,0%@1958] EMC_FREQ 0% GR3D_FREQ 0% GR3D2_FREQ 0%@0 CV0@55.687C CPU@58.593C SOC2@56.812C SOC0@57.312C CV1@55.468C GPU@55.875C tj@58.843C SOC1@58.843C CV2@55.656C
08-21-2026 19:59:39 RAM 4269/15389MB (lfb 1166x4MB) SWAP 0/7694MB (cached 0MB) CPU [50%@1984,50%@1984,100%@1984,0%@1984,0%@1497,0%@1497,0%@1497,0%@1497] EMC_FREQ 0% GR3D_FREQ 0% GR3D2_FREQ 0%@0 CV0@55.562C CPU@58.656C SOC2@56.781C SOC0@57.281C CV1@55.625C GPU@56C tj@58.843C SOC1@58.843C CV2@55.656C
08-21-2026 19:59:39 RAM 4270/15389MB (lfb 1165x4MB) SWAP 0/7694MB (cached 0MB) CPU [0%@1958,0%@1958,0%@1958,0%@1958,0%@1984,0%@1984,0%@1984,0%@1984] EMC_FREQ 0% GR3D_FREQ 0% GR3D2_FREQ 0%@0 CV0@55.875C CPU@58.531C SOC2@56.75C SOC0@57.281C CV1@55.593C GPU@56.062C tj@58.625C SOC1@58.625C CV2@55.625C
08-21-2026 19:59:39 RAM 4270/15389MB (lfb 1164x4MB) SWAP 0/7694MB (cached 0MB) CPU [0%@1881,0%@1881,0%@1881,0%@1881,100%@1984,0%@1984,0%@1984,0%@1984] EMC_FREQ 0% GR3D_FREQ 0% GR3D2_FREQ 0%@0 CV0@55.937C CPU@58.437C SOC2@56.656C SOC0@57.312C CV1@55.531C GPU@56C tj@58.781C SOC1@58.843C CV2@55.656C
08-21-2026 19:59:39 RAM 4271/15389MB (lfb 1163x4MB) SWAP 0/7694MB (cached 0MB) CPU [0%@1984,0%@1984,0%@1984,50%@1984,100%@1984,0%@1984,0%@1984,0%@1984] EMC_FREQ 0% GR3D_FREQ 0% GR3D2_FREQ 0%@0 CV0@55.906C CPU@58.406C SOC2@56.687C SOC0@57.281C CV1@55.468C GPU@56C tj@58.718C SOC1@58.718C CV2@55.656C
08-21-2026 19:59:39 RAM 4271/15389MB (lfb 1163x4MB) SWAP 0/7694MB (cached 0MB) CPU [0%@1267,0%@1267,0%@1984,50%@1984,0%@1984,0%@1984,0%@1984,0%@1984] EMC_FREQ 0% GR3D_FREQ 0% GR3D2_FREQ 0%@0 CV0@56C CPU@58.25C SOC2@56.625C SOC0@57.375C CV1@55.5C GPU@56.281C tj@58.843C SOC1@58.843C CV2@55.531C
08-21-2026 19:59:39 RAM 4273/15389MB (lfb 1163x4MB) SWAP 0/7694MB (cached 0MB) CPU [0%@1420,0%@1420,0%@1984,0%@1984,100%@1984,0%@1984,0%@1984,0%@1984] EMC_FREQ 0% GR3D_FREQ 0% GR3D2_FREQ 0%@0 CV0@55.906C CPU@58.281C SOC2@56.593C SOC0@57.406C CV1@55.531C GPU@56.031C tj@58.937C SOC1@58.937C CV2@55.781C
08-21-2026 19:59:40 RAM 4273/15389MB (lfb 1163x4MB) SWAP 0/7694MB (cached 0MB) CPU [0%@1984,100%@1984,0%@1984,0%@1984,0%@1984,0%@1984,0%@1984,0%@1984] EMC_FREQ 0% GR3D_FREQ 0% GR3D2_FREQ 0%@0 CV0@56.031C CPU@58.218C SOC2@56.687C SOC0@57.312C CV1@55.531C GPU@56C tj@58.781C SOC1@58.781C CV2@55.781C
08-21-2026 19:59:40 RAM 4274/15389MB (lfb 1163x4MB) SWAP 0/7694MB (cached 0MB) CPU [0%@1190,0%@1190,0%@1190,50%@1190,100%@1984,0%@1984,0%@1984,0%@1984] EMC_FREQ 0% GR3D_FREQ 0% GR3D2_FREQ 0%@0 CV0@56.031C CPU@58.218C SOC2@56.781C SOC0@57.281C CV1@55.781C GPU@56.125C tj@58.812C SOC1@58.812C CV2@55.718C
08-21-2026 19:59:40 RAM 4274/15389MB (lfb 1163x4MB) SWAP 0/7694MB (cached 0MB) CPU [50%@1036,50%@1036,0%@1036,0%@1036,0%@1984,0%@1984,100%@1984,0%@1984] EMC_FREQ 0% GR3D_FREQ 0% GR3D2_FREQ 0%@0 CV0@55.75C CPU@58.156C SOC2@56.718C SOC0@57.218C CV1@55.656C GPU@55.968C tj@58.75C SOC1@58.781C CV2@55.625C
08-21-2026 19:59:40 RAM 4274/15389MB (lfb 1163x4MB) SWAP 0/7694MB (cached 0MB) CPU [0%@1984,0%@1984,0%@1984,0%@1984,0%@1984,100%@1984,0%@1984,0%@1984] EMC_FREQ 0% GR3D_FREQ 0% GR3D2_FREQ 0%@0 CV0@55.656C CPU@58.093C SOC2@56.656C SOC0@57.218C CV1@55.781C GPU@56.031C tj@58.812C SOC1@58.812C CV2@55.656C
08-21-2026 19:59:40 RAM 4274/15389MB (lfb 1163x4MB) SWAP 0/7694MB (cached 0MB) CPU [0%@1984,50%@1984,0%@1984,0%@1984,0%@1984,0%@1984,50%@1984,0%@1984] EMC_FREQ 0% GR3D_FREQ 0% GR3D2_FREQ 0%@0 CV0@55.687C CPU@58.218C SOC2@56.75C SOC0@57.25C CV1@55.593C GPU@56C tj@58.656C SOC1@58.656C CV2@55.687C
08-21-2026 19:59:40 RAM 4274/15389MB (lfb 1163x4MB) SWAP 0/7694MB (cached 0MB) CPU [0%@1984,50%@1984,0%@1984,0%@1984,0%@1984,0%@1984,0%@1984,100%@1984] EMC_FREQ 0% GR3D_FREQ 0% GR3D2_FREQ 0%@0 CV0@55.562C CPU@58.375C SOC2@56.656C SOC0@57.375C CV1@55.531C GPU@56.187C tj@58.937C SOC1@58.937C CV2@55.593C
08-21-2026 19:59:40 RAM 4274/15389MB (lfb 1162x4MB) SWAP 0/7694MB (cached 0MB) CPU [0%@1984,0%@1984,0%@1984,0%@1984,0%@1984,0%@1984,0%@1984,100%@1984] EMC_FREQ 0% GR3D_FREQ 0% GR3D2_FREQ 0%@0 CV0@55.531C CPU@58.312C SOC2@56.562C SOC0@57.406C CV1@55.5C GPU@56C tj@58.937C SOC1@58.937C CV2@55.562C
08-21-2026 19:59:40 RAM 4274/15389MB (lfb 1162x4MB) SWAP 0/7694MB (cached 0MB) CPU [50%@1984,0%@1984,0%@1984,0%@1984,0%@1984,0%@1984,0%@1984,100%@1984] EMC_FREQ 0% GR3D_FREQ 0% GR3D2_FREQ 0%@0 CV0@55.437C CPU@58.312C SOC2@56.531C SOC0@57.281C CV1@55.406C GPU@56.125C tj@58.906C SOC1@58.906C CV2@55.718C
08-21-2026 19:59:40 RAM 4274/15389MB (lfb 1162x4MB) SWAP 0/7694MB (cached 0MB) CPU [0%@1984,0%@1984,0%@1984,0%@1984,0%@1984,0%@1984,0%@1984,100%@1984] EMC_FREQ 0% GR3D_FREQ 0% GR3D2_FREQ 0%@0 CV0@55.437C CPU@58.437C SOC2@56.75C SOC0@57.343C CV1@55.625C GPU@56.031C tj@58.781C SOC1@58.781C CV2@55.718C
08-21-2026 19:59:40 RAM 4274/15389MB (lfb 1162x4MB) SWAP 0/7694MB (cached 0MB) CPU [0%@1984,50%@1984,0%@1984,50%@1984,0%@1984,0%@1984,0%@1984,100%@1984] EMC_FREQ 0% GR3D_FREQ 0% GR3D2_FREQ 0%@0 CV0@55.5C CPU@58.562C SOC2@56.593C SOC0@57.312C CV1@55.562C GPU@56.031C tj@58.843C SOC1@58.843C CV2@55.625C
08-21-2026 19:59:40 RAM 4274/15389MB (lfb 1162x4MB) SWAP 0/7694MB (cached 0MB) CPU [66%@960,100%@960,0%@960,0%@960,100%@1984,50%@1984,0%@1984,0%@1984] EMC_FREQ 0% GR3D_FREQ 0% GR3D2_FREQ 0%@0 CV0@55.875C CPU@58.593C SOC2@56.562C SOC0@57.187C CV1@55.562C GPU@56.312C tj@58.687C SOC1@58.687C CV2@55.656C
08-21-2026 19:59:40 RAM 4274/15389MB (lfb 1162x4MB) SWAP 0/7694MB (cached 0MB) CPU [0%@1984,0%@1984,0%@1984,0%@1984,0%@1984,100%@1984,0%@1984,0%@1984] EMC_FREQ 0% GR3D_FREQ 0% GR3D2_FREQ 0%@0 CV0@55.75C CPU@58.5C SOC2@56.531C SOC0@57.218C CV1@55.687C GPU@56.156C tj@58.812C SOC1@58.812C CV2@55.593C
08-21-2026 19:59:40 RAM 4274/15389MB (lfb 1162x4MB) SWAP 0/7694MB (cached 0MB) CPU [0%@1984,50%@1984,0%@1984,0%@1984,0%@1984,100%@1984,0%@1984,0%@1984] EMC_FREQ 0% GR3D_FREQ 0% GR3D2_FREQ 0%@0 CV0@55.625C CPU@58.343C SOC2@56.531C SOC0@57.437C CV1@55.562C GPU@55.937C tj@58.968C SOC1@58.968C CV2@55.656C
08-21-2026 19:59:40 RAM 4274/15389MB (lfb 1162x4MB) SWAP 0/7694MB (cached 0MB) CPU [0%@1984,0%@1984,0%@1984,0%@1984,0%@1984,100%@1984,50%@1984,0%@1984] EMC_FREQ 0% GR3D_FREQ 0% GR3D2_FREQ 0%@0 CV0@55.593C CPU@58.406C SOC2@56.625C SOC0@57.375C CV1@55.718C GPU@56.156C tj@58.843C SOC1@58.843C CV2@55.625C
08-21-2026 19:59:40 RAM 4274/15389MB (lfb 1162x4MB) SWAP 0/7694MB (cached 0MB) CPU [0%@1984,100%@1984,0%@1984,0%@1984,0%@1984,0%@1984,0%@1984,0%@1984] EMC_FREQ 0% GR3D_FREQ 0% GR3D2_FREQ 0%@0 CV0@55.562C CPU@58.25C SOC2@56.531C SOC0@57.281C CV1@55.687C GPU@55.937C tj@58.812C SOC1@58.968C CV2@55.75C
08-21-2026 19:59:40 RAM 4274/15389MB (lfb 1162x4MB) SWAP 0/7694MB (cached 0MB) CPU [0%@1984,0%@1984,0%@1984,50%@1984,0%@1984,100%@1984,0%@1984,0%@1984] EMC_FREQ 0% GR3D_FREQ 0% GR3D2_FREQ 0%@0 CV0@55.593C CPU@58.562C SOC2@56.781C SOC0@57.312C CV1@55.875C GPU@56.093C tj@58.718C SOC1@58.718C CV2@55.812C
08-21-2026 19:59:40 RAM 4274/15389MB (lfb 1162x4MB) SWAP 0/7694MB (cached 0MB) CPU [50%@1113,50%@1113,50%@1113,0%@1113,50%@1984,100%@1984,0%@1984,0%@1984] EMC_FREQ 0% GR3D_FREQ 0% GR3D2_FREQ 0%@0 CV0@55.656C CPU@58.5C SOC2@56.656C SOC0@57.25C CV1@55.75C GPU@56.062C tj@58.75C SOC1@58.75C CV2@55.656C
08-21-2026 19:59:40 RAM 4274/15389MB (lfb 1162x4MB) SWAP 0/7694MB (cached 0MB) CPU [0%@960,0%@960,0%@960,0%@960,0%@1984,100%@1984,50%@1984,0%@1984] EMC_FREQ 0% GR3D_FREQ 0% GR3D2_FREQ 0%@0 CV0@55.625C CPU@58.531C SOC2@56.625C SOC0@57.281C CV1@55.812C GPU@56.218C tj@58.781C SOC1@58.781C CV2@55.625C
08-21-2026 19:59:40 RAM 4274/15389MB (lfb 1162x4MB) SWAP 0/7694MB (cached 0MB) CPU [0%@1036,50%@1984,0%@1984,0%@1984,0%@1984,100%@1984,0%@1984,0%@1984] EMC_FREQ 0% GR3D_FREQ 0% GR3D2_FREQ 0%@0 CV0@55.718C CPU@58.5C SOC2@56.593C SOC0@57.281C CV1@55.781C GPU@56.031C tj@58.781C SOC1@58.781C CV2@55.625C
08-21-2026 19:59:40 RAM 4274/15389MB (lfb 1162x4MB) SWAP 0/7694MB (cached 0MB) CPU [0%@1036,0%@1036,0%@1036,0%@1036,0%@1984,100%@1984,0%@1984,0%@1984] EMC_FREQ 0% GR3D_FREQ 0% GR3D2_FREQ 0%@0 CV0@55.687C CPU@58.375C SOC2@56.687C SOC0@57.437C CV1@55.625C GPU@56.093C tj@58.781C SOC1@58.781C CV2@55.625C
08-21-2026 19:59:40 RAM 4274/15389MB (lfb 1162x4MB) SWAP 0/7694MB (cached 0MB) CPU [0%@883,100%@883,0%@883,0%@883,0%@1984,100%@1984,0%@1984,0%@1984] EMC_FREQ 0% GR3D_FREQ 0% GR3D2_FREQ 0%@0 CV0@55.656C CPU@58.312C SOC2@56.687C SOC0@57.343C CV1@55.687C GPU@56.125C tj@59C SOC1@59C CV2@55.593C
08-21-2026 19:59:40 RAM 4274/15389MB (lfb 1162x4MB) SWAP 0/7694MB (cached 0MB) CPU [50%@806,0%@806,0%@806,0%@806,0%@1984,100%@1984,0%@1984,0%@1984] EMC_FREQ 0% GR3D_FREQ 0% GR3D2_FREQ 0%@0 CV0@55.781C CPU@58.312C SOC2@56.562C SOC0@57.281C CV1@55.687C GPU@56.375C tj@58.937C SOC1@58.937C CV2@55.656C
08-21-2026 19:59:40 RAM 4274/15389MB (lfb 1162x4MB) SWAP 0/7694MB (cached 0MB) CPU [50%@1984,50%@1984,50%@1984,0%@1984,0%@1984,100%@1984,0%@1984,0%@1984] EMC_FREQ 0% GR3D_FREQ 0% GR3D2_FREQ 0%@0 CV0@55.718C CPU@58.343C SOC2@56.531C SOC0@57.281C CV1@55.593C GPU@56.031C tj@58.906C SOC1@58.906C CV2@55.75C
08-21-2026 19:59:40 RAM 4274/15389MB (lfb 1162x4MB) SWAP 0/7694MB (cached 0MB) CPU [0%@806,50%@806,0%@806,0%@806,0%@1984,100%@1984,0%@1984,0%@1984] EMC_FREQ 0% GR3D_FREQ 0% GR3D2_FREQ 0%@0 CV0@55.562C CPU@58.25C SOC2@56.593C SOC0@57.25C CV1@55.656C GPU@56.25C tj@58.937C SOC1@58.937C CV2@55.687C
08-21-2026 19:59:40 RAM 4274/15389MB (lfb 1162x4MB) SWAP 0/7694MB (cached 0MB) CPU [0%@1984,0%@1984,0%@1984,0%@1984,0%@1984,0%@1984,50%@1984,0%@1984] EMC_FREQ 0% GR3D_FREQ 0% GR3D2_FREQ 0%@0 CV0@55.625C CPU@58.125C SOC2@56.75C SOC0@57.375C CV1@55.812C GPU@56.093C tj@58.843C SOC1@58.843C CV2@55.781C
08-21-2026 19:59:40 RAM 4274/15389MB (lfb 1162x4MB) SWAP 0/7694MB (cached 0MB) CPU [0%@883,100%@883,50%@883,0%@883,50%@1984,66%@1984,0%@1984,0%@1984] EMC_FREQ 0% GR3D_FREQ 0% GR3D2_FREQ 0%@0 CV0@55.531C CPU@58.531C SOC2@56.625C SOC0@57.25C CV1@55.843C GPU@56C tj@58.718C SOC1@58.75C CV2@55.656C
08-21-2026 19:59:40 RAM 4274/15389MB (lfb 1162x4MB) SWAP 0/7694MB (cached 0MB) CPU [0%@1984,50%@1984,0%@1984,0%@1984,0%@1984,100%@1984,0%@1984,0%@1984] EMC_FREQ 0% GR3D_FREQ 0% GR3D2_FREQ 0%@0 CV0@55.843C CPU@58.562C SOC2@56.625C SOC0@57.218C CV1@55.812C GPU@56.156C tj@58.781C SOC1@58.781C CV2@55.718C
08-21-2026 19:59:40 RAM 4274/15389MB (lfb 1162x4MB) SWAP 0/7694MB (cached 0MB) CPU [0%@806,0%@806,0%@806,0%@806,0%@1984,100%@1984,0%@1984,0%@1984] EMC_FREQ 0% GR3D_FREQ 0% GR3D2_FREQ 0%@0 CV0@55.656C CPU@58.343C SOC2@56.531C SOC0@57.312C CV1@55.656C GPU@56C tj@58.937C SOC1@58.937C CV2@55.687C
08-21-2026 19:59:40 RAM 4274/15389MB (lfb 1162x4MB) SWAP 0/7694MB (cached 0MB) CPU [0%@806,0%@1984,0%@1984,0%@1984,0%@1984,100%@1984,0%@1984,0%@1984] EMC_FREQ 0% GR3D_FREQ 0% GR3D2_FREQ 0%@0 CV0@55.625C CPU@58.281C SOC2@56.593C SOC0@57.437C CV1@55.625C GPU@56.062C tj@58.937C SOC1@58.937C CV2@55.656C
08-21-2026 19:59:40 RAM 4274/15389MB (lfb 1162x4MB) SWAP 0/7694MB (cached 0MB) CPU [0%@729,0%@729,0%@729,0%@729,0%@1984,100%@1984,0%@1984,0%@1984] EMC_FREQ 0% GR3D_FREQ 0% GR3D2_FREQ 0%@0 CV0@55.625C CPU@58.25C SOC2@56.562C SOC0@57.312C CV1@55.718C GPU@56.062C tj@58.968C SOC1@58.968C CV2@55.718C
08-21-2026 19:59:40 RAM 4274/15389MB (lfb 1162x4MB) SWAP 0/7694MB (cached 0MB) CPU [0%@1984,100%@1984,0%@1984,0%@1984,0%@1984,100%@1984,0%@1984,0%@1984] EMC_FREQ 0% GR3D_FREQ 0% GR3D2_FREQ 0%@0 CV0@55.687C CPU@58.312C SOC2@56.625C SOC0@57.406C CV1@55.718C GPU@56.218C tj@58.937C SOC1@58.937C CV2@55.843C
08-21-2026 19:59:40 RAM 4274/15389MB (lfb 1162x4MB) SWAP 0/7694MB (cached 0MB) CPU [0%@1984,0%@1984,0%@1984,0%@1984,0%@1984,0%@1984,100%@1984,0%@1984] EMC_FREQ 0% GR3D_FREQ 0% GR3D2_FREQ 0%@0 CV0@55.687C CPU@58.25C SOC2@56.656C SOC0@57.375C CV1@55.625C GPU@56C tj@58.812C SOC1@58.812C CV2@55.656C
08-21-2026 19:59:40 RAM 4274/15389MB (lfb 1162x4MB) SWAP 0/7694MB (cached 0MB) CPU [0%@806,0%@806,0%@806,0%@806,0%@1984,0%@1984,100%@1984,0%@1984] EMC_FREQ 0% GR3D_FREQ 0% GR3D2_FREQ 0%@0 CV0@55.656C CPU@58.25C SOC2@56.781C SOC0@57.281C CV1@55.718C GPU@56.156C tj@58.75C SOC1@58.75C CV2@55.75C
08-21-2026 19:59:40 RAM 4274/15389MB (lfb 1162x4MB) SWAP 0/7694MB (cached 0MB) CPU [50%@1984,100%@1984,0%@1984,0%@1984,0%@1984,0%@1984,100%@1984,0%@1984] EMC_FREQ 0% GR3D_FREQ 0% GR3D2_FREQ 0%@0 CV0@55.562C CPU@58.312C SOC2@56.75C SOC0@57.312C CV1@55.687C GPU@56.093C tj@58.843C SOC1@58.843C CV2@55.75C
08-21-2026 19:59:40 RAM 4274/15389MB (lfb 1162x4MB) SWAP 0/7694MB (cached 0MB) CPU [0%@1984,0%@1984,0%@1984,0%@1984,0%@1984,0%@1984,100%@1984,0%@1984] EMC_FREQ 0% GR3D_FREQ 0% GR3D2_FREQ 0%@0 CV0@55.75C CPU@58.312C SOC2@56.75C SOC0@57.281C CV1@55.718C GPU@56.281C tj@58.781C SOC1@58.781C CV2@55.593C
08-21-2026 19:59:40 RAM 4274/15389MB (lfb 1162x4MB) SWAP 0/7694MB (cached 0MB) CPU [0%@806,50%@806,0%@806,0%@806,0%@1984,0%@1984,100%@1984,0%@1984] EMC_FREQ 0% GR3D_FREQ 0% GR3D2_FREQ 0%@0 CV0@55.687C CPU@58.437C SOC2@56.531C SOC0@57.437C CV1@55.593C GPU@56.093C tj@58.781C SOC1@58.781C CV2@55.625C
08-21-2026 19:59:40 RAM 4274/15389MB (lfb 1162x4MB) SWAP 0/7694MB (cached 0MB) CPU [50%@1984,0%@1984,0%@1984,50%@1984,0%@1984,0%@1984,100%@1984,0%@1984] EMC_FREQ 0% GR3D_FREQ 0% GR3D2_FREQ 0%@0 CV0@55.656C CPU@58.343C SOC2@56.593C SOC0@57.437C CV1@55.656C GPU@56.156C tj@58.906C SOC1@58.906C CV2@55.593C
08-21-2026 19:59:40 RAM 4274/15389MB (lfb 1162x4MB) SWAP 0/7694MB (cached 0MB) CPU [50%@806,0%@806,0%@806,0%@806,0%@1984,0%@1984,100%@1984,0%@1984] EMC_FREQ 0% GR3D_FREQ 0% GR3D2_FREQ 0%@0 CV0@55.531C CPU@58.375C SOC2@56.656C SOC0@57.406C CV1@55.531C GPU@56C tj@58.937C SOC1@58.937C CV2@55.875C
08-21-2026 19:59:40 RAM 4274/15389MB (lfb 1162x4MB) SWAP 0/7694MB (cached 0MB) CPU [0%@1984,0%@1984,0%@1984,0%@1984,0%@1984,0%@1984,100%@1984,0%@1984] EMC_FREQ 0% GR3D_FREQ 0% GR3D2_FREQ 0%@0 CV0@55.562C CPU@58.375C SOC2@56.531C SOC0@57.281C CV1@55.531C GPU@56C tj@58.843C SOC1@58.843C CV2@55.781C
08-21-2026 19:59:40 RAM 4274/15389MB (lfb 1162x4MB) SWAP 0/7694MB (cached 0MB) CPU [0%@1984,50%@1984,0%@1984,0%@1984,0%@1984,0%@1984,66%@1984,0%@1984] EMC_FREQ 0% GR3D_FREQ 0% GR3D2_FREQ 0%@0 CV0@55.531C CPU@58.531C SOC2@56.656C SOC0@57.343C CV1@55.437C GPU@56.062C tj@58.875C SOC1@58.875C CV2@55.718C
08-21-2026 19:59:40 RAM 4274/15389MB (lfb 1162x4MB) SWAP 0/7694MB (cached 0MB) CPU [0%@1984,0%@1984,0%@1984,0%@1984,0%@1984,0%@1984,100%@1984,0%@1984] EMC_FREQ 0% GR3D_FREQ 0% GR3D2_FREQ 0%@0 CV0@55.468C CPU@58.625C SOC2@56.687C SOC0@57.312C CV1@55.687C GPU@56.406C tj@58.718C SOC1@58.718C CV2@55.843C
08-21-2026 19:59:40 RAM 4274/15389MB (lfb 1162x4MB) SWAP 0/7694MB (cached 0MB) CPU [0%@1984,50%@1984,0%@1984,0%@1984,0%@1984,0%@1984,100%@1984,0%@1984] EMC_FREQ 0% GR3D_FREQ 0% GR3D2_FREQ 0%@0 CV0@55.625C CPU@58.593C SOC2@56.75C SOC0@57.343C CV1@55.593C GPU@56.062C tj@58.718C SOC1@58.718C CV2@55.781C
08-21-2026 19:59:40 RAM 4274/15389MB (lfb 1162x4MB) SWAP 0/7694MB (cached 0MB) CPU [0%@1984,0%@1984,0%@1984,0%@1984,0%@1984,0%@1984,100%@1984,0%@1984] EMC_FREQ 0% GR3D_FREQ 0% GR3D2_FREQ 0%@0 CV0@55.718C CPU@58.5C SOC2@56.687C SOC0@57.25C CV1@55.593C GPU@56.343C tj@58.875C SOC1@58.875C CV2@55.75C
08-21-2026 19:59:40 RAM 4274/15389MB (lfb 1162x4MB) SWAP 0/7694MB (cached 0MB) CPU [0%@1984,100%@1984,0%@1984,0%@1984,33%@1984,0%@1984,100%@1984,0%@1984] EMC_FREQ 0% GR3D_FREQ 0% GR3D2_FREQ 0%@0 CV0@55.656C CPU@58.531C SOC2@56.562C SOC0@57.5C CV1@55.562C GPU@56.156C tj@58.718C SOC1@58.718C CV2@55.625C
08-21-2026 19:59:40 RAM 4274/15389MB (lfb 1162x4MB) SWAP 0/7694MB (cached 0MB) CPU [0%@1984,0%@1984,0%@1984,0%@1984,0%@1984,0%@1984,100%@1984,0%@1984] EMC_FREQ 0% GR3D_FREQ 0% GR3D2_FREQ 0%@0 CV0@55.531C CPU@58.437C SOC2@56.687C SOC0@57.468C CV1@55.562C GPU@56.031C tj@58.937C SOC1@58.937C CV2@55.656C
08-21-2026 19:59:40 RAM 4274/15389MB (lfb 1162x4MB) SWAP 0/7694MB (cached 0MB) CPU [0%@1984,50%@1984,0%@1984,0%@1984,0%@1984,0%@1984,100%@1984,0%@1984] EMC_FREQ 0% GR3D_FREQ 0% GR3D2_FREQ 0%@0 CV0@55.593C CPU@58.218C SOC2@56.687C SOC0@57.375C CV1@55.593C GPU@56.156C tj@58.875C SOC1@58.937C CV2@55.937C
08-21-2026 19:59:40 RAM 4274/15389MB (lfb 1162x4MB) SWAP 0/7694MB (cached 0MB) CPU [0%@729,0%@729,50%@729,0%@729,0%@1984,0%@1984,100%@1984,0%@1984] EMC_FREQ 0% GR3D_FREQ 0% GR3D2_FREQ 0%@0 CV0@55.5C CPU@58.406C SOC2@56.531C SOC0@57.343C CV1@55.531C GPU@56.375C tj@58.875C SOC1@58.875C CV2@55.812C
08-21-2026 19:59:40 RAM 4274/15389MB (lfb 1162x4MB) SWAP 0/7694MB (cached 0MB) CPU [50%@883,50%@883,0%@883,0%@883,0%@1984,50%@1984,100%@1984,0%@1984] EMC_FREQ 0% GR3D_FREQ 0% GR3D2_FREQ 0%@0 CV0@55.656C CPU@58.687C SOC2@56.812C SOC0@57.281C CV1@55.5C GPU@56.25C tj@58.937C SOC1@58.937C CV2@55.781C
08-21-2026 19:59:40 RAM 4274/15389MB (lfb 1162x4MB) SWAP 0/7694MB (cached 0MB) CPU [0%@883,50%@883,0%@883,0%@883,0%@1984,0%@1984,100%@1984,0%@1984] EMC_FREQ 0% GR3D_FREQ 0% GR3D2_FREQ 0%@0 CV0@55.593C CPU@58.656C SOC2@56.718C SOC0@57.25C CV1@55.625C GPU@56.093C tj@58.906C SOC1@58.906C CV2@55.75C
08-21-2026 19:59:40 RAM 4274/15389MB (lfb 1162x4MB) SWAP 0/7694MB (cached 0MB) CPU [0%@806,0%@1984,0%@1984,0%@1984,0%@1984,0%@1984,100%@1984,0%@1984] EMC_FREQ 0% GR3D_FREQ 0% GR3D2_FREQ 0%@0 CV0@55.531C CPU@58.593C SOC2@56.562C SOC0@57.312C CV1@55.593C GPU@56.187C tj@58.812C SOC1@58.812C CV2@55.718C
08-21-2026 19:59:40 RAM 4274/15389MB (lfb 1162x4MB) SWAP 0/7694MB (cached 0MB) CPU [0%@1984,0%@1984,0%@1984,0%@1984,0%@1984,0%@1984,100%@1984,0%@1984] EMC_FREQ 0% GR3D_FREQ 0% GR3D2_FREQ 0%@0 CV0@55.687C CPU@58.531C SOC2@56.531C SOC0@57.281C CV1@55.562C GPU@55.968C tj@58.843C SOC1@58.843C CV2@55.687C
08-21-2026 19:59:40 RAM 4274/15389MB (lfb 1162x4MB) SWAP 0/7694MB (cached 0MB) CPU [0%@1984,50%@1984,0%@1984,0%@1984,0%@1984,50%@1984,50%@1984,0%@1984] EMC_FREQ 0% GR3D_FREQ 0% GR3D2_FREQ 0%@0 CV0@55.687C CPU@58.562C SOC2@56.593C SOC0@57.281C CV1@55.531C GPU@56.156C tj@58.812C SOC1@58.812C CV2@55.781C
08-21-2026 19:59:40 RAM 4274/15389MB (lfb 1162x4MB) SWAP 0/7694MB (cached 0MB) CPU [0%@1984,0%@1984,0%@1984,0%@1984,0%@1984,0%@1984,100%@1984,0%@1984] EMC_FREQ 0% GR3D_FREQ 0% GR3D2_FREQ 0%@0 CV0@55.656C CPU@58.375C SOC2@56.593C SOC0@57.406C CV1@55.562C GPU@56.062C tj@58.937C SOC1@58.937C CV2@55.531C
08-21-2026 19:59:40 RAM 4274/15389MB (lfb 1162x4MB) SWAP 0/7694MB (cached 0MB) CPU [0%@1984,0%@1984,0%@1984,0%@1984,0%@1984,0%@1984,100%@1984,0%@1984] EMC_FREQ 0% GR3D_FREQ 0% GR3D2_FREQ 0%@0 CV0@55.5C CPU@58.375C SOC2@56.75C SOC0@57.312C CV1@55.531C GPU@56.343C tj@58.937C SOC1@58.937C CV2@55.718C
08-21-2026 19:59:40 RAM 4274/15389MB (lfb 1162x4MB) SWAP 0/7694MB (cached 0MB) CPU [0%@806,50%@806,50%@806,0%@806,0%@1984,0%@1984,100%@1984,0%@1984] EMC_FREQ 0% GR3D_FREQ 0% GR3D2_FREQ 0%@0 CV0@55.593C CPU@58.312C SOC2@56.625C SOC0@57.375C CV1@55.531C GPU@56.125C tj@58.968C SOC1@58.968C CV2@55.75C
08-21-2026 19:59:40 RAM 4274/15389MB (lfb 1162x4MB) SWAP 0/7694MB (cached 0MB) CPU [0%@1984,0%@1984,50%@1984,0%@1984,0%@1984,0%@1984,100%@1984,50%@1984] EMC_FREQ 0% GR3D_FREQ 0% GR3D2_FREQ 0%@0 CV0@55.593C CPU@58.406C SOC2@56.75C SOC0@57.281C CV1@55.625C GPU@56.281C tj@58.843C SOC1@58.843C CV2@55.812C
08-21-2026 19:59:40 RAM 4274/15389MB (lfb 1162x4MB) SWAP 0/7694MB (cached 0MB) CPU [0%@1984,0%@1984,0%@1984,0%@1984,0%@1984,0%@1984,100%@1984,0%@1984] EMC_FREQ 0% GR3D_FREQ 0% GR3D2_FREQ 0%@0 CV0@55.562C CPU@58.343C SOC2@56.718C SOC0@57.375C CV1@55.593C GPU@56.125C tj@58.812C SOC1@58.812C CV2@55.687C
08-21-2026 19:59:40 RAM 4274/15389MB (lfb 1162x4MB) SWAP 0/7694MB (cached 0MB) CPU [50%@1984,66%@1984,0%@1984,0%@1984,0%@1984,0%@1984,100%@1984,0%@1984] EMC_FREQ 0% GR3D_FREQ 0% GR3D2_FREQ 0%@0 CV0@55.687C CPU@58.531C SOC2@56.75C SOC0@57.312C CV1@55.625C GPU@56.125C tj@58.812C SOC1@58.812C CV2@55.718C
08-21-2026 19:59:40 RAM 4274/15389MB (lfb 1162x4MB) SWAP 0/7694MB (cached 0MB) CPU [0%@1984,0%@1984,0%@1984,0%@1984,0%@1984,0%@1984,100%@1984,0%@1984] EMC_FREQ 0% GR3D_FREQ 0% GR3D2_FREQ 0%@0 CV0@55.687C CPU@58.406C SOC2@56.625C SOC0@57.468C CV1@55.531C GPU@56.125C tj@58.906C SOC1@58.906C CV2@55.593C
08-21-2026 19:59:40 RAM 4274/15389MB (lfb 1162x4MB) SWAP 0/7694MB (cached 0MB) CPU [0%@1984,0%@1984,0%@1984,0%@1984,0%@1984,0%@1984,0%@1984,33%@1984] EMC_FREQ 0% GR3D_FREQ 0% GR3D2_FREQ 0%@0 CV0@55.562C CPU@58.343C SOC2@56.687C SOC0@57.437C CV1@55.468C GPU@56.312C tj@58.937C SOC1@58.906C CV2@55.625C
08-21-2026 19:59:40 RAM 4274/15389MB (lfb 1162x4MB) SWAP 0/7694MB (cached 0MB) CPU [0%@1984,50%@1984,0%@1984,0%@1984,0%@1984,0%@1984,100%@1984,0%@1984] EMC_FREQ 0% GR3D_FREQ 0% GR3D2_FREQ 0%@0 CV0@55.656C CPU@58.5C SOC2@56.687C SOC0@57.343C CV1@55.5C GPU@56.156C tj@58.968C SOC1@58.968C CV2@55.687C
08-21-2026 19:59:40 RAM 4274/15389MB (lfb 1162x4MB) SWAP 0/7694MB (cached 0MB) CPU [50%@806,0%@806,0%@806,0%@806,0%@1984,0%@1984,100%@1984,0%@1984] EMC_FREQ 0% GR3D_FREQ 0% GR3D2_FREQ 0%@0 CV0@55.593C CPU@58.437C SOC2@56.625C SOC0@57.312C CV1@55.531C GPU@56.281C tj@58.906C SOC1@58.906C CV2@55.781C
08-21-2026 19:59:40 RAM 4274/15389MB (lfb 1162x4MB) SWAP 0/7694MB (cached 0MB) CPU [50%@883,100%@883,0%@883,0%@883,0%@1984,0%@1984,100%@1984,0%@1984] EMC_FREQ 0% GR3D_FREQ 0% GR3D2_FREQ 0%@0 CV0@55.593C CPU@58.406C SOC2@56.718C SOC0@57.343C CV1@55.468C GPU@56C tj@58.843C SOC1@58.843C CV2@55.812C
08-21-2026 19:59:40 RAM 4274/15389MB (lfb 1162x4MB) SWAP 0/7694MB (cached 0MB) CPU [0%@1984,0%@1984,0%@1984,0%@1984,0%@1984,0%@1984,100%@1984,0%@1984] EMC_FREQ 0% GR3D_FREQ 0% GR3D2_FREQ 0%@0 CV0@55.562C CPU@58.531C SOC2@56.656C SOC0@57.281C CV1@55.625C GPU@56.031C tj@58.843C SOC1@58.843C CV2@55.718C
08-21-2026 19:59:40 RAM 4274/15389MB (lfb 1162x4MB) SWAP 0/7694MB (cached 0MB) CPU [0%@806,50%@806,0%@806,33%@806,0%@1984,0%@1984,50%@1984,0%@1984] EMC_FREQ 0% GR3D_FREQ 0% GR3D2_FREQ 0%@0 CV0@55.812C CPU@58.562C SOC2@56.687C SOC0@57.281C CV1@55.625C GPU@56.218C tj@58.875C SOC1@58.875C CV2@55.625C
08-21-2026 19:59:40 RAM 4274/15389MB (lfb 1162x4MB) SWAP 0/7694MB (cached 0MB) CPU [0%@1984,50%@1984,0%@1984,0%@1984,0%@1984,0%@1984,100%@1984,0%@1984] EMC_FREQ 0% GR3D_FREQ 0% GR3D2_FREQ 0%@0 CV0@55.687C CPU@58.5C SOC2@56.656C SOC0@57.281C CV1@55.656C GPU@56.406C tj@58.937C SOC1@58.937C CV2@55.687C
08-21-2026 19:59:40 RAM 4274/15389MB (lfb 1162x4MB) SWAP 0/7694MB (cached 0MB) CPU [0%@1984,0%@1984,0%@1984,0%@1984,0%@1984,0%@1984,100%@1984,0%@1984] EMC_FREQ 0% GR3D_FREQ 0% GR3D2_FREQ 0%@0 CV0@55.625C CPU@58.468C SOC2@56.687C SOC0@57.281C CV1@55.625C GPU@56.093C tj@59C SOC1@59C CV2@55.656C
08-21-2026 19:59:40 RAM 4274/15389MB (lfb 1162x4MB) SWAP 0/7694MB (cached 0MB) CPU [0%@1984,0%@1984,0%@1984,0%@1984,50%@1984,0%@1984,100%@1984,0%@1984] EMC_FREQ 0% GR3D_FREQ 0% GR3D2_FREQ 0%@0 CV0@55.593C CPU@58.5C SOC2@56.625C SOC0@57.468C CV1@55.531C GPU@56.093C tj@59.031C SOC1@59.031C CV2@55.593C
08-21-2026 19:59:40 RAM 4274/15389MB (lfb 1162x4MB) SWAP 0/7694MB (cached 0MB) CPU [0%@1984,100%@1984,66%@1984,0%@1984,0%@1984,0%@1984,100%@1984,0%@1984] EMC_FREQ 0% GR3D_FREQ 0% GR3D2_FREQ 0%@0 CV0@55.593C CPU@58.562C SOC2@56.593C SOC0@57.343C CV1@55.531C GPU@56.25C tj@58.906C SOC1@58.906C CV2@55.75C
08-21-2026 19:59:40 RAM 4274/15389MB (lfb 1162x4MB) SWAP 0/7694MB (cached 0MB) CPU [0%@1984,0%@1984,0%@1984,50%@1984,0%@1984,0%@1984,100%@1984,0%@1984] EMC_FREQ 0% GR3D_FREQ 0% GR3D2_FREQ 0%@0 CV0@55.625C CPU@58.718C SOC2@56.687C SOC0@57.406C CV1@55.437C GPU@56.062C tj@58.843C SOC1@58.843C CV2@55.843C
08-21-2026 19:59:40 RAM 4274/15389MB (lfb 1162x4MB) SWAP 0/7694MB (cached 0MB) CPU [0%@1984,0%@1984,0%@1984,0%@1984,0%@1984,0%@1984,0%@1984,0%@1984] EMC_FREQ 0% GR3D_FREQ 0% GR3D2_FREQ 0%@0 CV0@55.531C CPU@58.656C SOC2@56.812C SOC0@57.312C CV1@55.593C GPU@56.156C tj@58.937C SOC1@58.937C CV2@55.812C
08-21-2026 19:59:40 RAM 4274/15389MB (lfb 1162x4MB) SWAP 0/7694MB (cached 0MB) CPU [0%@1984,0%@1984,0%@1984,0%@1984,0%@1984,0%@1984,100%@1984,0%@1984] EMC_FREQ 0% GR3D_FREQ 0% GR3D2_FREQ 0%@0 CV0@55.562C CPU@58.656C SOC2@56.718C SOC0@57.281C CV1@55.562C GPU@56.375C tj@58.906C SOC1@58.906C CV2@55.812C
08-21-2026 19:59:40 RAM 4274/15389MB (lfb 1162x4MB) SWAP 0/7694MB (cached 0MB) CPU [0%@960,100%@960,0%@960,0%@960,0%@1984,0%@1984,100%@1984,0%@1984] EMC_FREQ 0% GR3D_FREQ 0% GR3D2_FREQ 0%@0 CV0@55.656C CPU@58.656C SOC2@56.718C SOC0@57.312C CV1@55.531C GPU@56.218C tj@58.687C SOC1@58.687C CV2@55.75C
08-21-2026 19:59:40 RAM 4274/15389MB (lfb 1162x4MB) SWAP 0/7694MB (cached 0MB) CPU [0%@806,50%@806,0%@806,0%@806,50%@1984,0%@1984,100%@1984,0%@1984] EMC_FREQ 0% GR3D_FREQ 0% GR3D2_FREQ 0%@0 CV0@55.687C CPU@58.625C SOC2@56.781C SOC0@57.343C CV1@55.562C GPU@56.125C tj@58.937C SOC1@58.812C CV2@55.75C
08-21-2026 19:59:40 RAM 4274/15389MB (lfb 1162x4MB) SWAP 0/7694MB (cached 0MB) CPU [66%@1984,0%@1984,0%@1984,0%@1984,0%@1984,0%@1984,100%@1984,0%@1984] EMC_FREQ 0% GR3D_FREQ 0% GR3D2_FREQ 0%@0 CV0@55.625C CPU@58.656C SOC2@56.656C SOC0@57.5C CV1@55.5C GPU@56.312C tj@59C SOC1@59C CV2@55.687C
08-21-2026 19:59:40 RAM 4274/15389MB (lfb 1162x4MB) SWAP 0/7694MB (cached 0MB) CPU [50%@883,0%@883,0%@883,50%@883,0%@1984,0%@1984,100%@1984,0%@1984] EMC_FREQ 0% GR3D_FREQ 0% GR3D2_FREQ 0%@0 CV0@55.562C CPU@58.437C SOC2@56.656C SOC0@57.437C CV1@55.531C GPU@56.062C tj@59.031C SOC1@59.031C CV2@55.812C
08-21-2026 19:59:40 RAM 4274/15389MB (lfb 1162x4MB) SWAP 0/7694MB (cached 0MB) CPU [0%@883,50%@1984,0%@1984,0%@1984,0%@1984,0%@1984,0%@1984,0%@1984] EMC_FREQ 0% GR3D_FREQ 0% GR3D2_FREQ 0%@0 CV0@55.593C CPU@58.468C SOC2@56.625C SOC0@57.375C CV1@55.531C GPU@56.468C tj@58.843C SOC1@58.843C CV2@55.687C
08-21-2026 19:59:40 RAM 4274/15389MB (lfb 1162x4MB) SWAP 0/7694MB (cached 0MB) CPU [0%@729,50%@729,0%@729,0%@729,0%@1984,0%@1984,100%@1984,0%@1984] EMC_FREQ 0% GR3D_FREQ 0% GR3D2_FREQ 0%@0 CV0@55.562C CPU@58.531C SOC2@56.625C SOC0@57.406C CV1@55.5C GPU@56.093C tj@58.968C SOC1@58.968C CV2@55.75C
08-21-2026 19:59:40 RAM 4274/15389MB (lfb 1162x4MB) SWAP 0/7694MB (cached 0MB) CPU [0%@1984,0%@1984,0%@1984,0%@1984,0%@1984,0%@1984,100%@1984,0%@1984] EMC_FREQ 0% GR3D_FREQ 0% GR3D2_FREQ 0%@0 CV0@55.718C CPU@58.375C SOC2@56.687C SOC0@57.281C CV1@55.562C GPU@56.343C tj@58.812C SOC1@58.812C CV2@55.843C
08-21-2026 19:59:41 RAM 4274/15389MB (lfb 1162x4MB) SWAP 0/7694MB (cached 0MB) CPU [0%@806,0%@806,0%@806,50%@806,0%@1984,0%@1984,100%@1984,33%@1984] EMC_FREQ 0% GR3D_FREQ 0% GR3D2_FREQ 0%@0 CV0@55.562C CPU@58.75C SOC2@56.781C SOC0@57.312C CV1@55.656C GPU@56.156C tj@58.875C SOC1@58.875C CV2@55.75C
08-21-2026 19:59:41 RAM 4274/15389MB (lfb 1162x4MB) SWAP 0/7694MB (cached 0MB) CPU [0%@729,0%@729,0%@729,0%@729,0%@1984,0%@1984,100%@1984,0%@1984] EMC_FREQ 0% GR3D_FREQ 0% GR3D2_FREQ 0%@0 CV0@55.593C CPU@58.656C SOC2@56.781C SOC0@57.281C CV1@55.531C GPU@56.125C tj@58.781C SOC1@58.781C CV2@55.843C
08-21-2026 19:59:41 RAM 4274/15389MB (lfb 1162x4MB) SWAP 0/7694MB (cached 0MB) CPU [0%@1984,0%@1984,100%@1984,0%@1984,0%@1984,0%@1984,100%@1984,0%@1984] EMC_FREQ 0% GR3D_FREQ 0% GR3D2_FREQ 0%@0 CV0@55.718C CPU@58.718C SOC2@56.718C SOC0@57.343C CV1@55.562C GPU@56.25C tj@58.812C SOC1@58.812C CV2@55.718C
08-21-2026 19:59:41 RAM 4274/15389MB (lfb 1162x4MB) SWAP 0/7694MB (cached 0MB) CPU [0%@1984,0%@1984,0%@1984,0%@1984,0%@1984,0%@1984,100%@1984,0%@1984] EMC_FREQ 0% GR3D_FREQ 0% GR3D2_FREQ 0%@0 CV0@55.593C CPU@58.562C SOC2@56.75C SOC0@57.531C CV1@55.531C GPU@56.031C tj@58.843C SOC1@58.843C CV2@55.75C
08-21-2026 19:59:41 RAM 4274/15389MB (lfb 1162x4MB) SWAP 0/7694MB (cached 0MB) CPU [0%@1984,0%@1984,0%@1984,0%@1984,0%@1984,0%@1984,100%@1984,0%@1984] EMC_FREQ 0% GR3D_FREQ 0% GR3D2_FREQ 0%@0 CV0@55.531C CPU@58.5C SOC2@56.656C SOC0@57.5C CV1@55.531C GPU@56.25C tj@58.937C SOC1@58.937C CV2@55.687C
08-21-2026 19:59:41 RAM 4274/15389MB (lfb 1162x4MB) SWAP 0/7694MB (cached 0MB) CPU [50%@1984,0%@1984,50%@1984,0%@1984,50%@1984,0%@1984,100%@1984,0%@1984] EMC_FREQ 0% GR3D_FREQ 0% GR3D2_FREQ 0%@0 CV0@55.593C CPU@58.437C SOC2@56.687C SOC0@57.312C CV1@55.531C GPU@56.437C tj@58.968C SOC1@58.968C CV2@55.843C
08-21-2026 19:59:41 RAM 4274/15389MB (lfb 1162x4MB) SWAP 0/7694MB (cached 0MB) CPU [0%@806,0%@806,50%@806,0%@806,0%@1984,0%@1984,100%@1984,0%@1984] EMC_FREQ 0% GR3D_FREQ 0% GR3D2_FREQ 0%@0 CV0@55.5C CPU@58.531C SOC2@56.625C SOC0@57.406C CV1@55.531C GPU@56.312C tj@58.937C SOC1@58.937C CV2@55.812C
08-21-2026 19:59:41 RAM 4274/15389MB (lfb 1162x4MB) SWAP 0/7694MB (cached 0MB) CPU [0%@883,0%@883,0%@883,0%@883,0%@1984,0%@1984,100%@1984,0%@1984] EMC_FREQ 0% GR3D_FREQ 0% GR3D2_FREQ 0%@0 CV0@55.531C CPU@58.406C SOC2@56.781C SOC0@57.343C CV1@55.687C GPU@56.125C tj@58.937C SOC1@58.937C CV2@55.843C
08-21-2026 19:59:41 RAM 4274/15389MB (lfb 1162x4MB) SWAP 0/7694MB (cached 0MB) CPU [66%@1984,0%@1984,50%@1984,0%@1984,0%@1984,0%@1984,100%@1984,0%@1984] EMC_FREQ 0% GR3D_FREQ 0% GR3D2_FREQ 0%@0 CV0@55.562C CPU@58.406C SOC2@56.781C SOC0@57.312C CV1@55.625C GPU@56.312C tj@58.937C SOC1@58.937C CV2@55.656C
08-21-2026 19:59:41 RAM 4274/15389MB (lfb 1162x4MB) SWAP 0/7694MB (cached 0MB) CPU [50%@1984,0%@1984,50%@1984,0%@1984,0%@1984,0%@1984,100%@1984,0%@1984] EMC_FREQ 0% GR3D_FREQ 0% GR3D2_FREQ 0%@0 CV0@55.687C CPU@58.531C SOC2@56.687C SOC0@57.281C CV1@55.625C GPU@56.125C tj@58.875C SOC1@58.875C CV2@55.75C
08-21-2026 19:59:41 RAM 4274/15389MB (lfb 1162x4MB) SWAP 0/7694MB (cached 0MB) CPU [0%@1984,0%@1984,0%@1984,0%@1984,0%@1984,0%@1984,100%@1984,0%@1984] EMC_FREQ 0% GR3D_FREQ 0% GR3D2_FREQ 0%@0 CV0@55.531C CPU@58.562C SOC2@56.812C SOC0@57.25C CV1@55.562C GPU@56.187C tj@58.843C SOC1@58.843C CV2@55.781C
08-21-2026 19:59:41 RAM 4274/15389MB (lfb 1162x4MB) SWAP 0/7694MB (cached 0MB) CPU [0%@806,0%@806,0%@806,0%@806,0%@1984,0%@1984,66%@1984,0%@1984] EMC_FREQ 0% GR3D_FREQ 0% GR3D2_FREQ 0%@0 CV0@55.656C CPU@58.593C SOC2@56.593C SOC0@57.5C CV1@55.593C GPU@56.125C tj@58.843C SOC1@58.843C CV2@55.687C
08-21-2026 19:59:41 RAM 4274/15389MB (lfb 1162x4MB) SWAP 0/7694MB (cached 0MB) CPU [0%@1984,0%@1984,0%@1984,0%@1984,0%@1984,0%@1984,100%@1984,0%@1984] EMC_FREQ 0% GR3D_FREQ 0% GR3D2_FREQ 0%@0 CV0@55.687C CPU@58.531C SOC2@56.718C SOC0@57.468C CV1@55.656C GPU@56.343C tj@58.875C SOC1@58.968C CV2@55.718C
08-21-2026 19:59:41 RAM 4274/15389MB (lfb 1162x4MB) SWAP 0/7694MB (cached 0MB) CPU [0%@1984,0%@1984,0%@1984,0%@1984,0%@1984,0%@1984,100%@1984,0%@1984] EMC_FREQ 0% GR3D_FREQ 0% GR3D2_FREQ 0%@0 CV0@55.593C CPU@58.562C SOC2@56.718C SOC0@57.375C CV1@55.531C GPU@56.093C tj@58.906C SOC1@58.906C CV2@55.687C
08-21-2026 19:59:41 RAM 4274/15389MB (lfb 1162x4MB) SWAP 0/7694MB (cached 0MB) CPU [0%@1984,0%@1984,100%@1984,0%@1984,0%@1984,0%@1984,100%@1984,0%@1984] EMC_FREQ 0% GR3D_FREQ 0% GR3D2_FREQ 0%@0 CV0@55.531C CPU@58.531C SOC2@56.75C SOC0@57.468C CV1@55.531C GPU@56.218C tj@58.906C SOC1@58.906C CV2@55.843C
08-21-2026 19:59:41 RAM 4274/15389MB (lfb 1162x4MB) SWAP 0/7694MB (cached 0MB) CPU [0%@729,0%@729,50%@729,0%@729,0%@1984,0%@1984,100%@1984,0%@1984] EMC_FREQ 0% GR3D_FREQ 0% GR3D2_FREQ 0%@0 CV0@55.531C CPU@58.406C SOC2@56.718C SOC0@57.406C CV1@55.687C GPU@56.281C tj@58.937C SOC1@58.937C CV2@55.812C
08-21-2026 19:59:41 RAM 4274/15389MB (lfb 1162x4MB) SWAP 0/7694MB (cached 0MB) CPU [0%@806,0%@806,100%@806,0%@806,0%@1984,0%@1984,100%@1984,0%@1984] EMC_FREQ 0% GR3D_FREQ 0% GR3D2_FREQ 0%@0 CV0@55.468C CPU@58.687C SOC2@56.781C SOC0@57.406C CV1@55.656C GPU@56.468C tj@58.937C SOC1@58.937C CV2@55.75C
08-21-2026 19:59:41 RAM 4274/15389MB (lfb 1162x4MB) SWAP 0/7694MB (cached 0MB) CPU [0%@1984,0%@1984,0%@1984,0%@1984,0%@1984,0%@1984,100%@1984,0%@1984] EMC_FREQ 0% GR3D_FREQ 0% GR3D2_FREQ 0%@0 CV0@55.468C CPU@58.5C SOC2@56.781C SOC0@57.343C CV1@55.687C GPU@56.187C tj@58.937C SOC1@58.937C CV2@55.75C
08-21-2026 19:59:41 RAM 4274/15389MB (lfb 1162x4MB) SWAP 0/7694MB (cached 0MB) CPU [0%@1984,0%@1984,50%@1984,0%@1984,0%@1984,0%@1984,100%@1984,50%@1984] EMC_FREQ 0% GR3D_FREQ 0% GR3D2_FREQ 0%@0 CV0@55.718C CPU@58.656C SOC2@56.75C SOC0@57.343C CV1@55.531C GPU@56.25C tj@58.812C SOC1@58.812C CV2@55.843C
08-21-2026 19:59:41 RAM 4274/15389MB (lfb 1162x4MB) SWAP 0/7694MB (cached 0MB) CPU [0%@1036,0%@1036,0%@1036,0%@1036,0%@1984,0%@1984,0%@1984,0%@1984] EMC_FREQ 0% GR3D_FREQ 0% GR3D2_FREQ 0%@0 CV0@55.625C CPU@58.625C SOC2@56.656C SOC0@57.281C CV1@55.625C GPU@56.25C tj@59.062C SOC1@59.062C CV2@55.687C
08-21-2026 19:59:41 RAM 4274/15389MB (lfb 1162x4MB) SWAP 0/7694MB (cached 0MB) CPU [0%@960,0%@960,0%@960,0%@960,0%@1984,0%@1984,100%@1984,0%@1984] EMC_FREQ 0% GR3D_FREQ 0% GR3D2_FREQ 0%@0 CV0@55.593C CPU@58.562C SOC2@56.625C SOC0@57.406C CV1@55.531C GPU@56.125C tj@59.062C SOC1@59.062C CV2@55.781C
08-21-2026 19:59:41 RAM 4274/15389MB (lfb 1162x4MB) SWAP 0/7694MB (cached 0MB) CPU [0%@1984,0%@1984,0%@1984,0%@1984,0%@1984,0%@1984,100%@1984,0%@1984] EMC_FREQ 0% GR3D_FREQ 0% GR3D2_FREQ 0%@0 CV0@55.562C CPU@58.5C SOC2@56.687C SOC0@57.562C CV1@55.531C GPU@56.281C tj@58.968C SOC1@58.968C CV2@55.781C
08-21-2026 19:59:41 RAM 4274/15389MB (lfb 1162x4MB) SWAP 0/7694MB (cached 0MB) CPU [50%@1984,0%@1984,0%@1984,0%@1984,0%@1984,0%@1984,100%@1984,0%@1984] EMC_FREQ 0% GR3D_FREQ 0% GR3D2_FREQ 0%@0 CV0@55.562C CPU@58.843C SOC2@56.718C SOC0@57.437C CV1@55.562C GPU@56.468C tj@58.937C SOC1@58.937C CV2@55.843C
08-21-2026 19:59:41 RAM 4274/15389MB (lfb 1162x4MB) SWAP 0/7694MB (cached 0MB) CPU [0%@1984,0%@1984,50%@1984,0%@1984,0%@1984,0%@1984,100%@1984,0%@1984] EMC_FREQ 0% GR3D_FREQ 0% GR3D2_FREQ 0%@0 CV0@55.531C CPU@58.812C SOC2@56.875C SOC0@57.468C CV1@55.687C GPU@56.156C tj@58.843C SOC1@58.843C CV2@55.906C
08-21-2026 19:59:41 RAM 4274/15389MB (lfb 1162x4MB) SWAP 0/7694MB (cached 0MB) CPU [0%@1113,0%@1113,100%@1113,0%@1113,50%@1984,0%@1984,50%@1984,0%@1984] EMC_FREQ 0% GR3D_FREQ 0% GR3D2_FREQ 0%@0 CV0@55.593C CPU@58.781C SOC2@56.593C SOC0@57.375C CV1@55.656C GPU@56.375C tj@58.937C SOC1@58.937C CV2@55.843C
08-21-2026 19:59:41 RAM 4274/15389MB (lfb 1162x4MB) SWAP 0/7694MB (cached 0MB) CPU [0%@1036,0%@1036,0%@1036,0%@1036,0%@1984,0%@1984,100%@1984,0%@1984] EMC_FREQ 0% GR3D_FREQ 0% GR3D2_FREQ 0%@0 CV0@55.75C CPU@58.656C SOC2@56.75C SOC0@57.312C CV1@55.562C GPU@56.312C tj@58.875C SOC1@58.875C CV2@55.875C
08-21-2026 19:59:41 RAM 4274/15389MB (lfb 1162x4MB) SWAP 0/7694MB (cached 0MB) CPU [0%@806,0%@806,50%@806,0%@806,0%@1984,0%@1984,100%@1984,0%@1984] EMC_FREQ 0% GR3D_FREQ 0% GR3D2_FREQ 0%@0 CV0@55.687C CPU@58.687C SOC2@56.656C SOC0@57.281C CV1@55.531C GPU@56.156C tj@59C SOC1@59C CV2@55.843C
08-21-2026 19:59:41 RAM 4274/15389MB (lfb 1162x4MB) SWAP 0/7694MB (cached 0MB) CPU [0%@1113,0%@1113,100%@1113,0%@1113,0%@1984,0%@1984,100%@1984,0%@1984] EMC_FREQ 0% GR3D_FREQ 0% GR3D2_FREQ 0%@0 CV0@55.531C CPU@58.593C SOC2@56.593C SOC0@57.468C CV1@55.531C GPU@56.25C tj@59.031C SOC1@59.031C CV2@55.687C
08-21-2026 19:59:41 RAM 4274/15389MB (lfb 1162x4MB) SWAP 0/7694MB (cached 0MB) CPU [0%@729,0%@729,0%@729,0%@729,0%@1984,0%@1984,100%@1984,0%@1984] EMC_FREQ 0% GR3D_FREQ 0% GR3D2_FREQ 0%@0 CV0@55.812C CPU@58.5C SOC2@56.718C SOC0@57.406C CV1@55.562C GPU@56.5C tj@58.968C SOC1@58.968C CV2@55.781C
08-21-2026 19:59:41 RAM 4274/15389MB (lfb 1162x4MB) SWAP 0/7694MB (cached 0MB) CPU [50%@1984,0%@1984,50%@1984,0%@1984,0%@1984,0%@1984,100%@1984,0%@1984] EMC_FREQ 0% GR3D_FREQ 0% GR3D2_FREQ 0%@0 CV0@55.625C CPU@58.593C SOC2@56.718C SOC0@57.375C CV1@55.593C GPU@56.468C tj@59.062C SOC1@59.062C CV2@55.781C
08-21-2026 19:59:41 RAM 4274/15389MB (lfb 1162x4MB) SWAP 0/7694MB (cached 0MB) CPU [0%@1984,0%@1984,0%@1984,50%@1984,0%@1984,0%@1984,100%@1984,0%@1984] EMC_FREQ 0% GR3D_FREQ 0% GR3D2_FREQ 0%@0 CV0@55.531C CPU@58.437C SOC2@56.687C SOC0@57.375C CV1@55.562C GPU@56.25C tj@58.843C SOC1@58.843C CV2@55.843C
08-21-2026 19:59:41 RAM 4274/15389MB (lfb 1162x4MB) SWAP 0/7694MB (cached 0MB) CPU [0%@1984,50%@1984,0%@1984,0%@1984,0%@1984,0%@1984,0%@1984,0%@1984] EMC_FREQ 0% GR3D_FREQ 0% GR3D2_FREQ 0%@0 CV0@55.531C CPU@58.468C SOC2@56.687C SOC0@57.406C CV1@55.562C GPU@56.375C tj@58.937C SOC1@58.937C CV2@55.812C
08-21-2026 19:59:41 RAM 4274/15389MB (lfb 1162x4MB) SWAP 0/7694MB (cached 0MB) CPU [0%@1984,0%@1984,0%@1984,0%@1984,0%@1984,0%@1984,100%@1984,0%@1984] EMC_FREQ 0% GR3D_FREQ 0% GR3D2_FREQ 0%@0 CV0@55.531C CPU@58.718C SOC2@56.781C SOC0@57.437C CV1@55.687C GPU@56.125C tj@58.906C SOC1@58.906C CV2@55.781C
08-21-2026 19:59:41 RAM 4274/15389MB (lfb 1162x4MB) SWAP 0/7694MB (cached 0MB) CPU [0%@1984,0%@1984,0%@1984,0%@1984,0%@1984,0%@1984,0%@1984,0%@1984] EMC_FREQ 0% GR3D_FREQ 0% GR3D2_FREQ 0%@0 CV0@55.656C CPU@58.812C SOC2@56.812C SOC0@57.343C CV1@55.656C GPU@56.281C tj@58.812C SOC1@58.75C CV2@55.718C
08-21-2026 19:59:41 RAM 4274/15389MB (lfb 1162x4MB) SWAP 0/7694MB (cached 0MB) CPU [0%@729,0%@729,50%@729,0%@729,0%@1984,0%@1984,100%@1984,0%@1984] EMC_FREQ 0% GR3D_FREQ 0% GR3D2_FREQ 0%@0 CV0@55.687C CPU@58.656C SOC2@56.656C SOC0@57.406C CV1@55.656C GPU@56.281C tj@59.062C SOC1@58.875C CV2@55.75C
08-21-2026 19:59:41 RAM 4274/15389MB (lfb 1162x4MB) SWAP 0/7694MB (cached 0MB) CPU [50%@806,33%@806,50%@806,0%@806,0%@1984,0%@1984,100%@1984,0%@1984] EMC_FREQ 0% GR3D_FREQ 0% GR3D2_FREQ 0%@0 CV0@55.625C CPU@58.625C SOC2@56.781C SOC0@57.562C CV1@55.531C GPU@56.437C tj@59.062C SOC1@59.062C CV2@55.625C
08-21-2026 19:59:41 RAM 4274/15389MB (lfb 1162x4MB) SWAP 0/7694MB (cached 0MB) CPU [50%@1984,0%@1984,0%@1984,0%@1984,0%@1984,0%@1984,100%@1984,0%@1984] EMC_FREQ 0% GR3D_FREQ 0% GR3D2_FREQ 0%@0 CV0@55.593C CPU@58.437C SOC2@56.75C SOC0@57.468C CV1@55.593C GPU@56.218C tj@58.937C SOC1@58.937C CV2@55.656C
08-21-2026 19:59:41 RAM 4274/15389MB (lfb 1162x4MB) SWAP 0/7694MB (cached 0MB) CPU [0%@1984,0%@1984,0%@1984,0%@1984,0%@1984,0%@1984,100%@1984,0%@1984] EMC_FREQ 0% GR3D_FREQ 0% GR3D2_FREQ 0%@0 CV0@55.593C CPU@58.593C SOC2@56.75C SOC0@57.5C CV1@55.593C GPU@56.375C tj@58.906C SOC1@58.906C CV2@55.906C
08-21-2026 19:59:41 RAM 4274/15389MB (lfb 1162x4MB) SWAP 0/7694MB (cached 0MB) CPU [0%@729,0%@729,100%@729,0%@729,0%@1984,0%@1984,50%@1984,0%@1984] EMC_FREQ 0% GR3D_FREQ 0% GR3D2_FREQ 0%@0 CV0@55.718C CPU@58.562C SOC2@56.906C SOC0@57.343C CV1@55.531C GPU@56.375C tj@58.968C SOC1@58.968C CV2@55.75C
08-21-2026 19:59:41 RAM 4274/15389MB (lfb 1162x4MB) SWAP 0/7694MB (cached 0MB) CPU [0%@1984,50%@1984,50%@1984,0%@1984,0%@1984,0%@1984,100%@1984,50%@1984] EMC_FREQ 0% GR3D_FREQ 0% GR3D2_FREQ 0%@0 CV0@55.562C CPU@58.531C SOC2@56.812C SOC0@57.531C CV1@55.562C GPU@56.218C tj@58.937C SOC1@58.937C CV2@55.906C
08-21-2026 19:59:41 RAM 4274/15389MB (lfb 1162x4MB) SWAP 0/7694MB (cached 0MB) CPU [50%@1984,0%@1984,0%@1984,0%@1984,0%@1984,0%@1984,100%@1984,0%@1984] EMC_FREQ 0% GR3D_FREQ 0% GR3D2_FREQ 0%@0 CV0@55.5C CPU@58.562C SOC2@56.781C SOC0@57.343C CV1@55.687C GPU@56.218C tj@58.781C SOC1@58.781C CV2@55.937C
08-21-2026 19:59:41 RAM 4274/15389MB (lfb 1162x4MB) SWAP 0/7694MB (cached 0MB) CPU [0%@1984,0%@1984,100%@1984,0%@1984,0%@1984,0%@1984,100%@1984,0%@1984] EMC_FREQ 0% GR3D_FREQ 0% GR3D2_FREQ 0%@0 CV0@55.687C CPU@58.468C SOC2@56.875C SOC0@57.281C CV1@55.593C GPU@56.406C tj@58.906C SOC1@58.906C CV2@55.812C
08-21-2026 19:59:41 RAM 4274/15389MB (lfb 1162x4MB) SWAP 0/7694MB (cached 0MB) CPU [0%@883,0%@883,0%@883,0%@883,0%@1984,0%@1984,100%@1984,0%@1984] EMC_FREQ 0% GR3D_FREQ 0% GR3D2_FREQ 0%@0 CV0@55.625C CPU@58.593C SOC2@56.812C SOC0@57.343C CV1@55.593C GPU@56.406C tj@58.906C SOC1@58.906C CV2@55.781C
08-21-2026 19:59:41 RAM 4274/15389MB (lfb 1162x4MB) SWAP 0/7694MB (cached 0MB) CPU [0%@960,0%@960,50%@960,0%@960,0%@1984,0%@1984,100%@1984,0%@1984] EMC_FREQ 0% GR3D_FREQ 0% GR3D2_FREQ 0%@0 CV0@55.656C CPU@58.625C SOC2@56.656C SOC0@57.437C CV1@55.593C GPU@56.156C tj@58.875C SOC1@58.875C CV2@55.687C
08-21-2026 19:59:41 RAM 4274/15389MB (lfb 1162x4MB) SWAP 0/7694MB (cached 0MB) CPU [0%@1984,0%@1984,0%@1984,0%@1984,0%@1984,0%@1984,100%@1984,0%@1984] EMC_FREQ 0% GR3D_FREQ 0% GR3D2_FREQ 0%@0 CV0@55.593C CPU@58.531C SOC2@56.656C SOC0@57.531C CV1@55.687C GPU@56.343C tj@58.937C SOC1@58.937C CV2@55.718C
08-21-2026 19:59:41 RAM 4274/15389MB (lfb 1162x4MB) SWAP 0/7694MB (cached 0MB) CPU [0%@1984,0%@1984,0%@1984,0%@1984,0%@1984,0%@1984,100%@1984,0%@1984] EMC_FREQ 0% GR3D_FREQ 0% GR3D2_FREQ 0%@0 CV0@55.656C CPU@58.531C SOC2@56.656C SOC0@57.343C CV1@55.531C GPU@56.25C tj@58.937C SOC1@58.937C CV2@55.843C
08-21-2026 19:59:41 RAM 4274/15389MB (lfb 1162x4MB) SWAP 0/7694MB (cached 0MB) CPU [0%@806,0%@806,50%@806,33%@806,0%@1984,0%@1984,100%@1984,0%@1984] EMC_FREQ 0% GR3D_FREQ 0% GR3D2_FREQ 0%@0 CV0@55.656C CPU@58.531C SOC2@56.75C SOC0@57.531C CV1@55.625C GPU@56.5C tj@58.812C SOC1@58.812C CV2@55.937C
08-21-2026 19:59:41 RAM 4274/15389MB (lfb 1162x4MB) SWAP 0/7694MB (cached 0MB) CPU [0%@729,0%@729,50%@729,0%@729,0%@1984,0%@1984,100%@1984,0%@1984] EMC_FREQ 0% GR3D_FREQ 0% GR3D2_FREQ 0%@0 CV0@55.656C CPU@58.531C SOC2@56.875C SOC0@57.375C CV1@55.593C GPU@56.25C tj@58.937C SOC1@58.937C CV2@55.937C
08-21-2026 19:59:41 RAM 4274/15389MB (lfb 1162x4MB) SWAP 0/7694MB (cached 0MB) CPU [100%@1984,0%@1984,0%@1984,0%@1984,0%@1984,0%@1984,100%@1984,0%@1984] EMC_FREQ 0% GR3D_FREQ 0% GR3D2_FREQ 0%@0 CV0@55.593C CPU@58.718C SOC2@56.875C SOC0@57.437C CV1@55.718C GPU@56.437C tj@58.812C SOC1@58.812C CV2@55.906C
08-21-2026 19:59:41 RAM 4274/15389MB (lfb 1162x4MB) SWAP 0/7694MB (cached 0MB) CPU [0%@1113,50%@1113,0%@1113,0%@1113,0%@1984,0%@1984,100%@1984,0%@1984] EMC_FREQ 0% GR3D_FREQ 0% GR3D2_FREQ 0%@0 CV0@55.656C CPU@58.625C SOC2@56.843C SOC0@57.312C CV1@55.687C GPU@56.375C tj@58.843C SOC1@58.843C CV2@55.843C
08-21-2026 19:59:41 RAM 4274/15389MB (lfb 1162x4MB) SWAP 0/7694MB (cached 0MB) CPU [0%@1984,0%@1984,0%@1984,0%@1984,0%@1984,0%@1984,100%@1984,0%@1984] EMC_FREQ 0% GR3D_FREQ 0% GR3D2_FREQ 0%@0 CV0@55.781C CPU@58.593C SOC2@56.656C SOC0@57.375C CV1@55.531C GPU@56.156C tj@58.937C SOC1@58.937C CV2@55.875C
08-21-2026 19:59:41 RAM 4274/15389MB (lfb 1162x4MB) SWAP 0/7694MB (cached 0MB) CPU [100%@1113,0%@1113,0%@1113,0%@1113,0%@1984,0%@1984,100%@1984,0%@1984] EMC_FREQ 0% GR3D_FREQ 0% GR3D2_FREQ 0%@0 CV0@55.687C CPU@58.656C SOC2@56.75C SOC0@57.375C CV1@55.593C GPU@56.343C tj@59.093C SOC1@59.093C CV2@55.75C
08-21-2026 19:59:41 RAM 4274/15389MB (lfb 1162x4MB) SWAP 0/7694MB (cached 0MB) CPU [50%@1113,66%@1113,0%@1113,0%@1113,0%@1984,0%@1984,50%@1984,0%@1984] EMC_FREQ 0% GR3D_FREQ 0% GR3D2_FREQ 0%@0 CV0@55.75C CPU@58.531C SOC2@56.718C SOC0@57.531C CV1@55.625C GPU@56.5C tj@59.031C SOC1@59.031C CV2@55.75C
08-21-2026 19:59:41 RAM 4274/15389MB (lfb 1162x4MB) SWAP 0/7694MB (cached 0MB) CPU [0%@1984,0%@1984,0%@1984,0%@1984,0%@1984,0%@1984,100%@1984,0%@1984] EMC_FREQ 0% GR3D_FREQ 0% GR3D2_FREQ 0%@0 CV0@55.75C CPU@58.656C SOC2@56.875C SOC0@57.468C CV1@55.593C GPU@56.25C tj@58.906C SOC1@58.906C CV2@55.875C
08-21-2026 19:59:41 RAM 4274/15389MB (lfb 1162x4MB) SWAP 0/7694MB (cached 0MB) CPU [0%@960,0%@1984,0%@1984,0%@1984,0%@1984,0%@1984,100%@1984,0%@1984] EMC_FREQ 0% GR3D_FREQ 0% GR3D2_FREQ 0%@0 CV0@55.593C CPU@58.625C SOC2@56.718C SOC0@57.406C CV1@55.562C GPU@56.25C tj@58.781C SOC1@58.781C CV2@55.843C
08-21-2026 19:59:41 RAM 4274/15389MB (lfb 1162x4MB) SWAP 0/7694MB (cached 0MB) CPU [50%@1190,0%@1190,0%@1190,50%@1984,0%@1984,0%@1984,100%@1984,33%@1984] EMC_FREQ 0% GR3D_FREQ 0% GR3D2_FREQ 0%@0 CV0@55.625C CPU@58.875C SOC2@56.843C SOC0@57.468C CV1@55.593C GPU@56.312C tj@58.937C SOC1@58.937C CV2@55.843C
08-21-2026 19:59:41 RAM 4274/15389MB (lfb 1162x4MB) SWAP 0/7694MB (cached 0MB) CPU [0%@1190,0%@1190,0%@1190,0%@1190,0%@1984,0%@1984,100%@1984,0%@1984] EMC_FREQ 0% GR3D_FREQ 0% GR3D2_FREQ 0%@0 CV0@55.562C CPU@58.75C SOC2@56.812C SOC0@57.281C CV1@55.687C GPU@56.156C tj@58.906C SOC1@58.906C CV2@55.781C
08-21-2026 19:59:41 RAM 4274/15389MB (lfb 1162x4MB) SWAP 0/7694MB (cached 0MB) CPU [0%@1984,0%@1984,0%@1984,0%@1984,0%@1984,0%@1984,100%@1984,0%@1984] EMC_FREQ 0% GR3D_FREQ 0% GR3D2_FREQ 0%@0 CV0@55.75C CPU@58.75C SOC2@56.781C SOC0@57.406C CV1@55.718C GPU@56.343C tj@58.937C SOC1@58.937C CV2@55.906C
08-21-2026 19:59:41 RAM 4274/15389MB (lfb 1162x4MB) SWAP 0/7694MB (cached 0MB) CPU [0%@1984,0%@1984,0%@1984,0%@1984,50%@1984,0%@1984,100%@1984,0%@1984] EMC_FREQ 0% GR3D_FREQ 0% GR3D2_FREQ 0%@0 CV0@55.812C CPU@58.718C SOC2@56.906C SOC0@57.375C CV1@55.718C GPU@56.156C tj@59C SOC1@59C CV2@55.812C
08-21-2026 19:59:41 RAM 4274/15389MB (lfb 1162x4MB) SWAP 0/7694MB (cached 0MB) CPU [66%@1984,0%@1984,0%@1984,0%@1984,0%@1984,0%@1984,100%@1984,0%@1984] EMC_FREQ 0% GR3D_FREQ 0% GR3D2_FREQ 0%@0 CV0@55.687C CPU@58.562C SOC2@56.843C SOC0@57.468C CV1@55.593C GPU@56.281C tj@58.937C SOC1@58.937C CV2@55.843C
08-21-2026 19:59:41 RAM 4274/15389MB (lfb 1162x4MB) SWAP 0/7694MB (cached 0MB) CPU [50%@1984,0%@1984,0%@1984,0%@1984,0%@1984,0%@1984,100%@1984,0%@1984] EMC_FREQ 0% GR3D_FREQ 0% GR3D2_FREQ 0%@0 CV0@55.718C CPU@58.562C SOC2@56.75C SOC0@57.5C CV1@55.625C GPU@56.5C tj@58.937C SOC1@58.937C CV2@55.718C
08-21-2026 19:59:41 RAM 4274/15389MB (lfb 1162x4MB) SWAP 0/7694MB (cached 0MB) CPU [0%@1036,0%@1036,0%@1036,50%@1036,0%@1984,0%@1984,100%@1984,0%@1984] EMC_FREQ 0% GR3D_FREQ 0% GR3D2_FREQ 0%@0 CV0@55.593C CPU@58.531C SOC2@56.718C SOC0@57.406C CV1@55.562C GPU@56.406C tj@58.968C SOC1@59.031C CV2@55.843C
08-21-2026 19:59:41 RAM 4274/15389MB (lfb 1162x4MB) SWAP 0/7694MB (cached 0MB) CPU [100%@1036,0%@1036,0%@1036,0%@1036,0%@1984,0%@1984,100%@1984,0%@1984] EMC_FREQ 0% GR3D_FREQ 0% GR3D2_FREQ 0%@0 CV0@55.625C CPU@58.437C SOC2@56.937C SOC0@57.406C CV1@55.625C GPU@56.25C tj@58.968C SOC1@58.968C CV2@55.937C
08-21-2026 19:59:41 RAM 4274/15389MB (lfb 1162x4MB) SWAP 0/7694MB (cached 0MB) CPU [0%@1190,0%@1190,0%@1984,0%@1984,0%@1984,0%@1984,100%@1984,0%@1984] EMC_FREQ 0% GR3D_FREQ 0% GR3D2_FREQ 0%@0 CV0@55.718C CPU@58.5C SOC2@56.937C SOC0@57.406C CV1@55.656C GPU@56.312C tj@59C SOC1@59C CV2@55.906C
08-21-2026 19:59:41 RAM 4274/15389MB (lfb 1162x4MB) SWAP 0/7694MB (cached 0MB) CPU [0%@883,50%@883,0%@883,0%@883,0%@1984,0%@1984,100%@1984,0%@1984] EMC_FREQ 0% GR3D_FREQ 0% GR3D2_FREQ 0%@0 CV0@55.843C CPU@58.875C SOC2@56.781C SOC0@57.375C CV1@55.593C GPU@56.187C tj@58.937C SOC1@58.937C CV2@55.906C
08-21-2026 19:59:41 RAM 4274/15389MB (lfb 1162x4MB) SWAP 0/7694MB (cached 0MB) CPU [0%@1984,0%@1984,0%@1984,0%@1984,0%@1984,50%@1984,100%@1984,0%@1984] EMC_FREQ 0% GR3D_FREQ 0% GR3D2_FREQ 0%@0 CV0@55.781C CPU@58.968C SOC2@56.812C SOC0@57.375C CV1@55.687C GPU@56.5C tj@58.968C SOC1@58.906C CV2@55.875C
08-21-2026 19:59:41 RAM 4274/15389MB (lfb 1162x4MB) SWAP 0/7694MB (cached 0MB) CPU [50%@806,0%@806,0%@806,0%@806,0%@1984,0%@1984,50%@1984,0%@1984] EMC_FREQ 0% GR3D_FREQ 0% GR3D2_FREQ 0%@0 CV0@55.75C CPU@58.593C SOC2@56.875C SOC0@57.437C CV1@55.687C GPU@56.281C tj@58.968C SOC1@58.968C CV2@55.906C
08-21-2026 19:59:41 RAM 4274/15389MB (lfb 1162x4MB) SWAP 0/7694MB (cached 0MB) CPU [0%@806,0%@806,0%@806,0%@806,0%@1984,0%@1984,100%@1984,0%@1984] EMC_FREQ 0% GR3D_FREQ 0% GR3D2_FREQ 0%@0 CV0@55.718C CPU@58.625C SOC2@56.718C SOC0@57.531C CV1@55.531C GPU@56.406C tj@58.937C SOC1@58.937C CV2@55.875C
08-21-2026 19:59:41 RAM 4274/15389MB (lfb 1162x4MB) SWAP 0/7694MB (cached 0MB) CPU [0%@806,0%@806,0%@806,0%@806,0%@1984,0%@1984,100%@1984,0%@1984] EMC_FREQ 0% GR3D_FREQ 0% GR3D2_FREQ 0%@0 CV0@55.687C CPU@58.531C SOC2@56.843C SOC0@57.468C CV1@55.656C GPU@56.25C tj@58.968C SOC1@58.968C CV2@55.781C
08-21-2026 19:59:41 RAM 4274/15389MB (lfb 1162x4MB) SWAP 0/7694MB (cached 0MB) CPU [50%@883,100%@883,0%@883,50%@883,0%@1984,0%@1984,100%@1984,0%@1984] EMC_FREQ 0% GR3D_FREQ 0% GR3D2_FREQ 0%@0 CV0@55.687C CPU@58.718C SOC2@56.781C SOC0@57.5C CV1@55.625C GPU@56.187C tj@59C SOC1@59C CV2@55.906C
08-21-2026 19:59:41 RAM 4274/15389MB (lfb 1162x4MB) SWAP 0/7694MB (cached 0MB) CPU [0%@729,0%@729,0%@729,0%@729,0%@1984,0%@1984,100%@1984,0%@1984] EMC_FREQ 0% GR3D_FREQ 0% GR3D2_FREQ 0%@0 CV0@55.843C CPU@58.656C SOC2@56.718C SOC0@57.531C CV1@55.593C GPU@56.375C tj@58.968C SOC1@58.968C CV2@55.906C
08-21-2026 19:59:41 RAM 4274/15389MB (lfb 1162x4MB) SWAP 0/7694MB (cached 0MB) CPU [0%@1984,50%@1984,0%@1984,0%@1984,0%@1984,0%@1984,100%@1984,0%@1984] EMC_FREQ 0% GR3D_FREQ 0% GR3D2_FREQ 0%@0 CV0@55.625C CPU@58.531C SOC2@57C SOC0@57.406C CV1@55.593C GPU@56.562C tj@58.875C SOC1@58.875C CV2@55.875C
08-21-2026 19:59:41 RAM 4274/15389MB (lfb 1162x4MB) SWAP 0/7694MB (cached 0MB) CPU [50%@806,50%@806,0%@806,0%@806,0%@1984,50%@1984,100%@1984,0%@1984] EMC_FREQ 0% GR3D_FREQ 0% GR3D2_FREQ 0%@0 CV0@55.75C CPU@58.562C SOC2@56.843C SOC0@57.406C CV1@55.75C GPU@56.437C tj@58.937C SOC1@58.875C CV2@55.812C
08-21-2026 19:59:41 RAM 4274/15389MB (lfb 1162x4MB) SWAP 0/7694MB (cached 0MB) CPU [50%@1984,0%@1984,0%@1984,0%@1984,0%@1984,0%@1984,100%@1984,0%@1984] EMC_FREQ 0% GR3D_FREQ 0% GR3D2_FREQ 0%@0 CV0@55.812C CPU@58.562C SOC2@56.781C SOC0@57.343C CV1@55.718C GPU@56.187C tj@58.875C SOC1@58.875C CV2@55.812C
08-21-2026 19:59:41 RAM 4274/15389MB (lfb 1162x4MB) SWAP 0/7694MB (cached 0MB) CPU [0%@1984,50%@1984,0%@1984,0%@1984,50%@1984,0%@1984,100%@1984,0%@1984] EMC_FREQ 0% GR3D_FREQ 0% GR3D2_FREQ 0%@0 CV0@55.75C CPU@58.593C SOC2@56.781C SOC0@57.406C CV1@55.687C GPU@56.406C tj@58.75C SOC1@58.75C CV2@55.812C
08-21-2026 19:59:41 RAM 4274/15389MB (lfb 1162x4MB) SWAP 0/7694MB (cached 0MB) CPU [50%@883,0%@883,0%@883,0%@883,0%@1984,0%@1984,100%@1984,0%@1984] EMC_FREQ 0% GR3D_FREQ 0% GR3D2_FREQ 0%@0 CV0@55.843C CPU@58.687C SOC2@56.906C SOC0@57.312C CV1@55.625C GPU@56.25C tj@58.843C SOC1@58.843C CV2@55.875C
08-21-2026 19:59:41 RAM 4274/15389MB (lfb 1162x4MB) SWAP 0/7694MB (cached 0MB) CPU [0%@729,0%@729,0%@729,0%@729,0%@1984,0%@1984,100%@1984,0%@1984] EMC_FREQ 0% GR3D_FREQ 0% GR3D2_FREQ 0%@0 CV0@55.75C CPU@58.687C SOC2@56.875C SOC0@57.5C CV1@55.687C GPU@56.218C tj@59C SOC1@59C CV2@55.781C
08-21-2026 19:59:41 RAM 4274/15389MB (lfb 1162x4MB) SWAP 0/7694MB (cached 0MB) CPU [0%@1984,0%@1984,0%@1984,0%@1984,0%@1984,0%@1984,100%@1984,0%@1984] EMC_FREQ 0% GR3D_FREQ 0% GR3D2_FREQ 0%@0 CV0@55.75C CPU@58.5C SOC2@56.75C SOC0@57.593C CV1@55.656C GPU@56.312C tj@59.031C SOC1@59.031C CV2@55.812C
08-21-2026 19:59:41 RAM 4274/15389MB (lfb 1162x4MB) SWAP 0/7694MB (cached 0MB) CPU [0%@806,50%@806,50%@806,0%@806,0%@1984,0%@1984,100%@1984,50%@1984] EMC_FREQ 0% GR3D_FREQ 0% GR3D2_FREQ 0%@0 CV0@55.687C CPU@58.687C SOC2@56.75C SOC0@57.406C CV1@55.593C GPU@56.5C tj@59.031C SOC1@59.031C CV2@55.906C
08-21-2026 19:59:42 RAM 4274/15389MB (lfb 1162x4MB) SWAP 0/7694MB (cached 0MB) CPU [0%@729,0%@729,0%@729,0%@729,0%@1984,0%@1984,66%@1984,0%@1984] EMC_FREQ 0% GR3D_FREQ 0% GR3D2_FREQ 0%@0 CV0@55.781C CPU@58.5C SOC2@56.812C SOC0@57.468C CV1@55.593C GPU@56.218C tj@59.093C SOC1@59.093C CV2@55.906C
08-21-2026 19:59:42 RAM 4274/15389MB (lfb 1162x4MB) SWAP 0/7694MB (cached 0MB) CPU [0%@1984,50%@1984,0%@1984,0%@1984,0%@1984,0%@1984,100%@1984,0%@1984] EMC_FREQ 0% GR3D_FREQ 0% GR3D2_FREQ 0%@0 CV0@55.593C CPU@58.593C SOC2@56.781C SOC0@57.406C CV1@55.812C GPU@56.187C tj@58.875C SOC1@58.875C CV2@55.875C
08-21-2026 19:59:42 RAM 4274/15389MB (lfb 1162x4MB) SWAP 0/7694MB (cached 0MB) CPU [0%@729,0%@729,0%@729,0%@729,0%@1984,0%@1984,100%@1984,0%@1984] EMC_FREQ 0% GR3D_FREQ 0% GR3D2_FREQ 0%@0 CV0@55.656C CPU@58.656C SOC2@56.843C SOC0@57.406C CV1@55.75C GPU@56.375C tj@58.937C SOC1@58.937C CV2@55.781C
08-21-2026 19:59:42 RAM 4274/15389MB (lfb 1162x4MB) SWAP 0/7694MB (cached 0MB) CPU [0%@1984,100%@1984,0%@1984,0%@1984,0%@1984,0%@1984,100%@1984,0%@1984] EMC_FREQ 0% GR3D_FREQ 0% GR3D2_FREQ 0%@0 CV0@55.812C CPU@58.656C SOC2@56.843C SOC0@57.312C CV1@55.687C GPU@56.218C tj@59C SOC1@59C CV2@55.875C
08-21-2026 19:59:42 RAM 4274/15389MB (lfb 1162x4MB) SWAP 0/7694MB (cached 0MB) CPU [0%@1984,0%@1984,0%@1984,0%@1984,0%@1984,0%@1984,100%@1984,0%@1984] EMC_FREQ 0% GR3D_FREQ 0% GR3D2_FREQ 0%@0 CV0@55.781C CPU@58.687C SOC2@56.718C SOC0@57.406C CV1@55.687C GPU@56.375C tj@58.937C SOC1@58.937C CV2@55.687C
08-21-2026 19:59:42 RAM 4274/15389MB (lfb 1162x4MB) SWAP 0/7694MB (cached 0MB) CPU [0%@806,50%@806,50%@806,0%@806,0%@1984,0%@1984,100%@1984,0%@1984] EMC_FREQ 0% GR3D_FREQ 0% GR3D2_FREQ 0%@0 CV0@55.781C CPU@58.562C SOC2@56.75C SOC0@57.5C CV1@55.562C GPU@56.5C tj@59.031C SOC1@59.031C CV2@55.75C
08-21-2026 19:59:42 RAM 4274/15389MB (lfb 1162x4MB) SWAP 0/7694MB (cached 0MB) CPU [0%@1984,50%@1984,0%@1984,0%@1984,0%@1984,50%@1984,100%@1984,0%@1984] EMC_FREQ 0% GR3D_FREQ 0% GR3D2_FREQ 0%@0 CV0@55.656C CPU@58.687C SOC2@56.687C SOC0@57.5C CV1@55.625C GPU@56.437C tj@58.968C SOC1@58.968C CV2@55.843C
08-21-2026 19:59:42 RAM 4274/15389MB (lfb 1162x4MB) SWAP 0/7694MB (cached 0MB) CPU [0%@1984,0%@1984,0%@1984,0%@1984,0%@1984,0%@1984,100%@1984,0%@1984] EMC_FREQ 0% GR3D_FREQ 0% GR3D2_FREQ 0%@0 CV0@55.687C CPU@58.812C SOC2@56.718C SOC0@57.375C CV1@55.593C GPU@56.187C tj@58.968C SOC1@58.968C CV2@55.906C
08-21-2026 19:59:42 RAM 4274/15389MB (lfb 1162x4MB) SWAP 0/7694MB (cached 0MB) CPU [50%@729,50%@729,0%@729,0%@729,0%@1984,0%@1984,100%@1984,0%@1984] EMC_FREQ 0% GR3D_FREQ 0% GR3D2_FREQ 0%@0 CV0@55.718C CPU@58.781C SOC2@56.875C SOC0@57.437C CV1@55.718C GPU@56.343C tj@58.906C SOC1@58.906C CV2@55.937C
08-21-2026 19:59:42 RAM 4274/15389MB (lfb 1162x4MB) SWAP 0/7694MB (cached 0MB) CPU [0%@1984,50%@1984,0%@1984,0%@1984,0%@1984,0%@1984,100%@1984,0%@1984] EMC_FREQ 0% GR3D_FREQ 0% GR3D2_FREQ 0%@0 CV0@55.687C CPU@58.843C SOC2@56.906C SOC0@57.468C CV1@55.75C GPU@56.187C tj@58.906C SOC1@58.906C CV2@55.875C
08-21-2026 19:59:42 RAM 4274/15389MB (lfb 1162x4MB) SWAP 0/7694MB (cached 0MB) CPU [0%@1984,0%@1984,0%@1984,0%@1984,0%@1984,50%@1984,100%@1984,0%@1984] EMC_FREQ 0% GR3D_FREQ 0% GR3D2_FREQ 0%@0 CV0@55.812C CPU@58.781C SOC2@56.843C SOC0@57.437C CV1@55.718C GPU@56.281C tj@58.843C SOC1@58.843C CV2@55.906C
08-21-2026 19:59:42 RAM 4274/15389MB (lfb 1162x4MB) SWAP 0/7694MB (cached 0MB) CPU [50%@806,50%@806,0%@806,0%@806,0%@1984,0%@1984,100%@1984,0%@1984] EMC_FREQ 0% GR3D_FREQ 0% GR3D2_FREQ 0%@0 CV0@55.843C CPU@58.687C SOC2@56.75C SOC0@57.437C CV1@55.687C GPU@56.281C tj@58.875C SOC1@58.875C CV2@55.968C
08-21-2026 19:59:42 RAM 4274/15389MB (lfb 1162x4MB) SWAP 0/7694MB (cached 0MB) CPU [50%@1984,0%@1984,0%@1984,0%@1984,0%@1984,0%@1984,100%@1984,0%@1984] EMC_FREQ 0% GR3D_FREQ 0% GR3D2_FREQ 0%@0 CV0@55.781C CPU@58.656C SOC2@56.843C SOC0@57.5C CV1@55.625C GPU@56.406C tj@59.125C SOC1@59.125C CV2@55.75C
08-21-2026 19:59:42 RAM 4274/15389MB (lfb 1162x4MB) SWAP 0/7694MB (cached 0MB) CPU [0%@729,0%@729,0%@729,0%@729,0%@1984,0%@1984,100%@1984,0%@1984] EMC_FREQ 0% GR3D_FREQ 0% GR3D2_FREQ 0%@0 CV0@55.812C CPU@58.562C SOC2@56.843C SOC0@57.5C CV1@55.687C GPU@56.187C tj@59.125C SOC1@59.125C CV2@55.812C
08-21-2026 19:59:42 RAM 4274/15389MB (lfb 1162x4MB) SWAP 0/7694MB (cached 0MB) CPU [0%@806,0%@806,0%@806,0%@806,0%@1984,0%@1984,100%@1984,0%@1984] EMC_FREQ 0% GR3D_FREQ 0% GR3D2_FREQ 0%@0 CV0@55.812C CPU@58.5C SOC2@56.781C SOC0@57.5C CV1@55.625C GPU@56.375C tj@59C SOC1@59C CV2@55.75C
08-21-2026 19:59:42 RAM 4274/15389MB (lfb 1162x4MB) SWAP 0/7694MB (cached 0MB) CPU [0%@729,0%@729,50%@729,0%@729,0%@1984,0%@1984,66%@1984,0%@1984] EMC_FREQ 0% GR3D_FREQ 0% GR3D2_FREQ 0%@0 CV0@55.687C CPU@58.625C SOC2@56.781C SOC0@57.406C CV1@55.656C GPU@56.406C tj@59C SOC1@58.968C CV2@55.937C
08-21-2026 19:59:42 RAM 4275/15389MB (lfb 1162x4MB) SWAP 0/7694MB (cached 0MB) CPU [0%@1984,0%@1984,0%@1984,0%@1984,0%@1984,0%@1984,100%@1984,0%@1984] EMC_FREQ 0% GR3D_FREQ 0% GR3D2_FREQ 0%@0 CV0@55.718C CPU@58.593C SOC2@56.75C SOC0@57.5C CV1@55.593C GPU@56.531C tj@58.968C SOC1@58.968C CV2@55.843C
08-21-2026 19:59:42 RAM 4275/15389MB (lfb 1162x4MB) SWAP 0/7694MB (cached 0MB) CPU [0%@806,33%@806,0%@806,50%@806,0%@1984,0%@1984,100%@1984,0%@1984] EMC_FREQ 0% GR3D_FREQ 0% GR3D2_FREQ 0%@0 CV0@55.656C CPU@58.875C SOC2@56.843C SOC0@57.468C CV1@55.781C GPU@56.343C tj@58.906C SOC1@58.906C CV2@55.781C
08-21-2026 19:59:42 RAM 4275/15389MB (lfb 1162x4MB) SWAP 0/7694MB (cached 0MB) CPU [0%@1984,0%@1984,0%@1984,0%@1984,0%@1984,0%@1984,100%@1984,0%@1984] EMC_FREQ 0% GR3D_FREQ 0% GR3D2_FREQ 0%@0 CV0@55.687C CPU@58.843C SOC2@56.906C SOC0@57.437C CV1@55.687C GPU@56.375C tj@58.937C SOC1@58.937C CV2@55.968C
08-21-2026 19:59:42 RAM 4275/15389MB (lfb 1162x4MB) SWAP 0/7694MB (cached 0MB) CPU [0%@1984,0%@1984,0%@1984,0%@1984,0%@1984,0%@1984,100%@1984,0%@1984] EMC_FREQ 0% GR3D_FREQ 0% GR3D2_FREQ 0%@0 CV0@55.843C CPU@58.812C SOC2@56.875C SOC0@57.406C CV1@55.625C GPU@56.375C tj@59C SOC1@59C CV2@55.75C
08-21-2026 19:59:42 RAM 4275/15389MB (lfb 1162x4MB) SWAP 0/7694MB (cached 0MB) CPU [100%@1984,0%@1984,0%@1984,0%@1984,0%@1984,0%@1984,100%@1984,50%@1984] EMC_FREQ 0% GR3D_FREQ 0% GR3D2_FREQ 0%@0 CV0@55.781C CPU@58.718C SOC2@56.843C SOC0@57.468C CV1@55.625C GPU@56.187C tj@58.968C SOC1@58.968C CV2@55.781C
08-21-2026 19:59:42 RAM 4275/15389MB (lfb 1162x4MB) SWAP 0/7694MB (cached 0MB) CPU [0%@1984,0%@1984,0%@1984,0%@1984,33%@1984,0%@1984,0%@1984,0%@1984] EMC_FREQ 0% GR3D_FREQ 0% GR3D2_FREQ 0%@0 CV0@55.781C CPU@58.718C SOC2@56.968C SOC0@57.531C CV1@55.593C GPU@56.281C tj@58.937C SOC1@58.937C CV2@55.781C
08-21-2026 19:59:42 RAM 4275/15389MB (lfb 1162x4MB) SWAP 0/7694MB (cached 0MB) CPU [66%@883,0%@883,0%@883,0%@883,0%@1984,0%@1984,100%@1984,0%@1984] EMC_FREQ 0% GR3D_FREQ 0% GR3D2_FREQ 0%@0 CV0@55.75C CPU@58.531C SOC2@56.75C SOC0@57.531C CV1@55.656C GPU@56.625C tj@59C SOC1@59C CV2@55.781C
08-21-2026 19:59:42 RAM 4275/15389MB (lfb 1162x4MB) SWAP 0/7694MB (cached 0MB) CPU [0%@960,50%@960,0%@960,0%@960,0%@1984,0%@1984,0%@1984,0%@1984] EMC_FREQ 0% GR3D_FREQ 0% GR3D2_FREQ 0%@0 CV0@55.718C CPU@58.562C SOC2@56.75C SOC0@57.562C CV1@55.718C GPU@56.5C tj@58.906C SOC1@58.906C CV2@55.812C
08-21-2026 19:59:42 RAM 4275/15389MB (lfb 1162x4MB) SWAP 0/7694MB (cached 0MB) CPU [0%@1984,50%@1984,0%@1984,0%@1984,0%@1984,0%@1984,100%@1984,0%@1984] EMC_FREQ 0% GR3D_FREQ 0% GR3D2_FREQ 0%@0 CV0@55.75C CPU@58.593C SOC2@56.843C SOC0@57.531C CV1@55.656C GPU@56.312C tj@59C SOC1@59C CV2@55.906C
08-21-2026 19:59:42 RAM 4275/15389MB (lfb 1162x4MB) SWAP 0/7694MB (cached 0MB) CPU [0%@883,0%@883,33%@883,0%@883,0%@1984,0%@1984,100%@1984,0%@1984] EMC_FREQ 0% GR3D_FREQ 0% GR3D2_FREQ 0%@0 CV0@55.625C CPU@58.593C SOC2@56.875C SOC0@57.437C CV1@55.875C GPU@56.406C tj@58.906C SOC1@58.906C CV2@55.968C
08-21-2026 19:59:42 RAM 4275/15389MB (lfb 1162x4MB) SWAP 0/7694MB (cached 0MB) CPU [0%@1984,0%@1984,0%@1984,0%@1984,0%@1984,0%@1984,100%@1984,0%@1984] EMC_FREQ 0% GR3D_FREQ 0% GR3D2_FREQ 0%@0 CV0@55.625C CPU@58.531C SOC2@56.812C SOC0@57.531C CV1@55.687C GPU@56.25C tj@58.937C SOC1@58.937C CV2@55.843C
08-21-2026 19:59:42 RAM 4275/15389MB (lfb 1162x4MB) SWAP 0/7694MB (cached 0MB) CPU [0%@1984,0%@1984,0%@1984,0%@1984,0%@1984,0%@1984,100%@1984,0%@1984] EMC_FREQ 0% GR3D_FREQ 0% GR3D2_FREQ 0%@0 CV0@55.875C CPU@58.718C SOC2@56.875C SOC0@57.406C CV1@55.656C GPU@56.187C tj@58.937C SOC1@58.937C CV2@55.875C
08-21-2026 19:59:42 RAM 4275/15389MB (lfb 1162x4MB) SWAP 0/7694MB (cached 0MB) CPU [0%@806,100%@806,0%@806,0%@806,0%@1984,0%@1984,100%@1984,0%@1984] EMC_FREQ 0% GR3D_FREQ 0% GR3D2_FREQ 0%@0 CV0@55.906C CPU@58.562C SOC2@56.75C SOC0@57.375C CV1@55.593C GPU@56.343C tj@58.843C SOC1@58.843C CV2@55.937C
08-21-2026 19:59:42 RAM 4274/15389MB (lfb 1162x4MB) SWAP 0/7694MB (cached 0MB) CPU [0%@729,50%@729,0%@729,0%@729,0%@1984,0%@1984,50%@1984,0%@1984] EMC_FREQ 0% GR3D_FREQ 0% GR3D2_FREQ 0%@0 CV0@55.812C CPU@58.656C SOC2@56.812C SOC0@57.5C CV1@55.625C GPU@56.5C tj@59.187C SOC1@59.187C CV2@55.781C
08-21-2026 19:59:42 RAM 4274/15389MB (lfb 1162x4MB) SWAP 0/7694MB (cached 0MB) CPU [50%@1984,100%@1984,66%@1984,0%@1984,0%@1984,0%@1984,100%@1984,0%@1984] EMC_FREQ 0% GR3D_FREQ 0% GR3D2_FREQ 0%@0 CV0@55.781C CPU@58.625C SOC2@56.718C SOC0@57.562C CV1@55.656C GPU@56.218C tj@59.125C SOC1@59.125C CV2@55.781C
08-21-2026 19:59:42 RAM 4274/15389MB (lfb 1162x4MB) SWAP 0/7694MB (cached 0MB) CPU [50%@806,0%@806,50%@806,0%@806,0%@1984,0%@1984,100%@1984,0%@1984] EMC_FREQ 0% GR3D_FREQ 0% GR3D2_FREQ 0%@0 CV0@55.75C CPU@58.625C SOC2@56.812C SOC0@57.531C CV1@55.687C GPU@56.312C tj@59.031C SOC1@59.031C CV2@55.812C
08-21-2026 19:59:42 RAM 4274/15389MB (lfb 1162x4MB) SWAP 0/7694MB (cached 0MB) CPU [0%@729,50%@729,0%@729,0%@729,0%@1984,0%@1984,100%@1984,0%@1984] EMC_FREQ 0% GR3D_FREQ 0% GR3D2_FREQ 0%@0 CV0@55.75C CPU@58.625C SOC2@56.875C SOC0@57.5C CV1@55.625C GPU@56.437C tj@59.031C SOC1@59.031C CV2@55.875C
08-21-2026 19:59:42 RAM 4274/15389MB (lfb 1162x4MB) SWAP 0/7694MB (cached 0MB) CPU [0%@1984,0%@1984,0%@1984,0%@1984,0%@1984,0%@1984,100%@1984,0%@1984] EMC_FREQ 0% GR3D_FREQ 0% GR3D2_FREQ 0%@0 CV0@55.687C CPU@58.531C SOC2@56.937C SOC0@57.406C CV1@55.562C GPU@56.25C tj@58.968C SOC1@58.968C CV2@55.906C
08-21-2026 19:59:42 RAM 4274/15389MB (lfb 1162x4MB) SWAP 0/7694MB (cached 0MB) CPU [50%@1984,0%@1984,0%@1984,0%@1984,0%@1984,0%@1984,100%@1984,0%@1984] EMC_FREQ 0% GR3D_FREQ 0% GR3D2_FREQ 0%@0 CV0@55.656C CPU@58.562C SOC2@56.843C SOC0@57.406C CV1@55.656C GPU@56.375C tj@59.031C SOC1@59.031C CV2@55.843C
08-21-2026 19:59:42 RAM 4274/15389MB (lfb 1162x4MB) SWAP 0/7694MB (cached 0MB) CPU [0%@1984,0%@1984,50%@1984,0%@1984,0%@1984,0%@1984,100%@1984,0%@1984] EMC_FREQ 0% GR3D_FREQ 0% GR3D2_FREQ 0%@0 CV0@55.781C CPU@58.656C SOC2@56.843C SOC0@57.468C CV1@55.75C GPU@56.312C tj@58.906C SOC1@58.906C CV2@55.843C
08-21-2026 19:59:42 RAM 4274/15389MB (lfb 1162x4MB) SWAP 0/7694MB (cached 0MB) CPU [0%@1984,0%@1984,0%@1984,50%@1984,0%@1984,0%@1984,100%@1984,0%@1984] EMC_FREQ 0% GR3D_FREQ 0% GR3D2_FREQ 0%@0 CV0@55.812C CPU@58.718C SOC2@56.843C SOC0@57.437C CV1@55.656C GPU@56.531C tj@58.968C SOC1@58.968C CV2@55.875C
08-21-2026 19:59:42 RAM 4274/15389MB (lfb 1162x4MB) SWAP 0/7694MB (cached 0MB) CPU [0%@1984,0%@1984,0%@1984,0%@1984,0%@1984,0%@1984,100%@1984,0%@1984] EMC_FREQ 0% GR3D_FREQ 0% GR3D2_FREQ 0%@0 CV0@55.781C CPU@58.718C SOC2@56.718C SOC0@57.625C CV1@55.625C GPU@56.218C tj@59.031C SOC1@59.031C CV2@55.843C
08-21-2026 19:59:42 RAM 4274/15389MB (lfb 1162x4MB) SWAP 0/7694MB (cached 0MB) CPU [0%@1984,0%@1984,0%@1984,0%@1984,0%@1984,0%@1984,100%@1984,0%@1984] EMC_FREQ 0% GR3D_FREQ 0% GR3D2_FREQ 0%@0 CV0@55.718C CPU@58.593C SOC2@56.843C SOC0@57.625C CV1@55.562C GPU@56.437C tj@59.062C SOC1@59.093C CV2@55.781C
08-21-2026 19:59:42 RAM 4274/15389MB (lfb 1162x4MB) SWAP 0/7694MB (cached 0MB) CPU [0%@806,0%@806,50%@806,50%@806,0%@1984,0%@1984,100%@1984,0%@1984] EMC_FREQ 0% GR3D_FREQ 0% GR3D2_FREQ 0%@0 CV0@55.625C CPU@58.656C SOC2@56.781C SOC0@57.562C CV1@55.625C GPU@56.156C tj@59.031C SOC1@59.031C CV2@55.968C
08-21-2026 19:59:42 RAM 4274/15389MB (lfb 1162x4MB) SWAP 0/7694MB (cached 0MB) CPU [0%@1984,0%@1984,0%@1984,0%@1984,0%@1984,0%@1984,100%@1984,0%@1984] EMC_FREQ 0% GR3D_FREQ 0% GR3D2_FREQ 0%@0 CV0@55.687C CPU@58.906C SOC2@56.968C SOC0@57.531C CV1@55.625C GPU@56.375C tj@58.937C SOC1@58.937C CV2@55.843C
08-21-2026 19:59:42 RAM 4274/15389MB (lfb 1162x4MB) SWAP 0/7694MB (cached 0MB) CPU [0%@806,0%@806,0%@806,0%@806,0%@1984,0%@1984,100%@1984,50%@1984] EMC_FREQ 0% GR3D_FREQ 0% GR3D2_FREQ 0%@0 CV0@55.687C CPU@58.781C SOC2@56.843C SOC0@57.437C CV1@55.687C GPU@56.343C tj@58.937C SOC1@58.937C CV2@56C
08-21-2026 19:59:42 RAM 4274/15389MB (lfb 1162x4MB) SWAP 0/7694MB (cached 0MB) CPU [0%@1984,0%@1984,0%@1984,0%@1984,0%@1984,0%@1984,100%@1984,0%@1984] EMC_FREQ 0% GR3D_FREQ 0% GR3D2_FREQ 0%@0 CV0@55.687C CPU@58.843C SOC2@56.875C SOC0@57.562C CV1@55.718C GPU@56.5C tj@58.875C SOC1@58.875C CV2@56C
08-21-2026 19:59:42 RAM 4275/15389MB (lfb 1162x4MB) SWAP 0/7694MB (cached 0MB) CPU [0%@1984,0%@1984,0%@1984,0%@1984,0%@1984,0%@1984,100%@1984,0%@1984] EMC_FREQ 0% GR3D_FREQ 0% GR3D2_FREQ 0%@0 CV0@55.875C CPU@58.75C SOC2@56.75C SOC0@57.437C CV1@55.718C GPU@56.281C tj@58.937C SOC1@58.937C CV2@55.875C
08-21-2026 19:59:42 RAM 4274/15389MB (lfb 1162x4MB) SWAP 0/7694MB (cached 0MB) CPU [0%@1984,0%@1984,50%@1984,0%@1984,50%@1984,0%@1984,50%@1984,0%@1984] EMC_FREQ 0% GR3D_FREQ 0% GR3D2_FREQ 0%@0 CV0@55.843C CPU@58.75C SOC2@56.875C SOC0@57.562C CV1@55.75C GPU@56.5C tj@59.093C SOC1@59.093C CV2@55.843C
08-21-2026 19:59:42 RAM 4274/15389MB (lfb 1162x4MB) SWAP 0/7694MB (cached 0MB) CPU [0%@960,50%@960,100%@960,0%@960,0%@1984,0%@1984,100%@1984,0%@1984] EMC_FREQ 0% GR3D_FREQ 0% GR3D2_FREQ 0%@0 CV0@55.781C CPU@58.562C SOC2@56.812C SOC0@57.5C CV1@55.531C GPU@56.281C tj@59.093C SOC1@59.093C CV2@55.75C
08-21-2026 19:59:42 RAM 4274/15389MB (lfb 1162x4MB) SWAP 0/7694MB (cached 0MB) CPU [50%@883,0%@883,0%@883,0%@883,0%@1984,0%@1984,100%@1984,0%@1984] EMC_FREQ 0% GR3D_FREQ 0% GR3D2_FREQ 0%@0 CV0@55.718C CPU@58.625C SOC2@56.781C SOC0@57.437C CV1@55.718C GPU@56.187C tj@59.031C SOC1@59.031C CV2@55.906C
08-21-2026 19:59:42 RAM 4274/15389MB (lfb 1162x4MB) SWAP 0/7694MB (cached 0MB) CPU [50%@1984,0%@1984,0%@1984,0%@1984,0%@1984,0%@1984,100%@1984,0%@1984] EMC_FREQ 0% GR3D_FREQ 0% GR3D2_FREQ 0%@0 CV0@55.656C CPU@58.625C SOC2@56.718C SOC0@57.468C CV1@55.593C GPU@56.406C tj@58.937C SOC1@58.937C CV2@56.062C
08-21-2026 19:59:42 RAM 4274/15389MB (lfb 1162x4MB) SWAP 0/7694MB (cached 0MB) CPU [50%@883,0%@883,50%@883,0%@883,0%@1984,0%@1984,100%@1984,0%@1984] EMC_FREQ 0% GR3D_FREQ 0% GR3D2_FREQ 0%@0 CV0@55.656C CPU@58.625C SOC2@56.843C SOC0@57.5C CV1@55.75C GPU@56.5C tj@58.968C SOC1@58.968C CV2@55.906C
08-21-2026 19:59:42 RAM 4274/15389MB (lfb 1162x4MB) SWAP 0/7694MB (cached 0MB) CPU [0%@883,0%@883,100%@883,0%@883,0%@1984,0%@1984,100%@1984,0%@1984] EMC_FREQ 0% GR3D_FREQ 0% GR3D2_FREQ 0%@0 CV0@55.781C CPU@58.875C SOC2@56.968C SOC0@57.437C CV1@55.781C GPU@56.281C tj@59.031C SOC1@59.031C CV2@55.875C
08-21-2026 19:59:42 RAM 4274/15389MB (lfb 1162x4MB) SWAP 0/7694MB (cached 0MB) CPU [0%@1984,0%@1984,0%@1984,0%@1984,0%@1984,0%@1984,100%@1984,0%@1984] EMC_FREQ 0% GR3D_FREQ 0% GR3D2_FREQ 0%@0 CV0@55.75C CPU@58.875C SOC2@56.843C SOC0@57.406C CV1@55.687C GPU@56.25C tj@58.968C SOC1@58.968C CV2@55.906C
08-21-2026 19:59:42 RAM 4274/15389MB (lfb 1162x4MB) SWAP 0/7694MB (cached 0MB) CPU [0%@883,0%@883,0%@883,0%@883,0%@1984,0%@1984,100%@1984,0%@1984] EMC_FREQ 0% GR3D_FREQ 0% GR3D2_FREQ 0%@0 CV0@55.875C CPU@58.843C SOC2@56.875C SOC0@57.562C CV1@55.75C GPU@56.375C tj@58.843C SOC1@58.843C CV2@55.843C
08-21-2026 19:59:42 RAM 4274/15389MB (lfb 1162x4MB) SWAP 0/7694MB (cached 0MB) CPU [0%@1984,0%@1984,0%@1984,0%@1984,0%@1984,0%@1984,100%@1984,0%@1984] EMC_FREQ 0% GR3D_FREQ 0% GR3D2_FREQ 0%@0 CV0@55.906C CPU@58.718C SOC2@56.75C SOC0@57.625C CV1@55.75C GPU@56.218C tj@58.937C SOC1@58.937C CV2@55.812C
08-21-2026 19:59:42 RAM 4275/15389MB (lfb 1162x4MB) SWAP 0/7694MB (cached 0MB) CPU [0%@1984,0%@1984,0%@1984,0%@1984,0%@1984,0%@1984,100%@1984,0%@1984] EMC_FREQ 0% GR3D_FREQ 0% GR3D2_FREQ 0%@0 CV0@55.812C CPU@58.562C SOC2@56.812C SOC0@57.531C CV1@55.625C GPU@56.375C tj@59.25C SOC1@59.25C CV2@55.875C
08-21-2026 19:59:42 RAM 4275/15389MB (lfb 1162x4MB) SWAP 0/7694MB (cached 0MB) CPU [0%@883,0%@883,100%@883,0%@883,0%@1984,0%@1984,100%@1984,0%@1984] EMC_FREQ 0% GR3D_FREQ 0% GR3D2_FREQ 0%@0 CV0@55.75C CPU@58.562C SOC2@56.812C SOC0@57.531C CV1@55.625C GPU@56.25C tj@59.156C SOC1@59.156C CV2@55.843C
08-21-2026 19:59:42 RAM 4275/15389MB (lfb 1162x4MB) SWAP 0/7694MB (cached 0MB) CPU [0%@1984,50%@1984,50%@1984,0%@1984,0%@1984,0%@1984,100%@1984,0%@1984] EMC_FREQ 0% GR3D_FREQ 0% GR3D2_FREQ 0%@0 CV0@55.843C CPU@58.625C SOC2@56.843C SOC0@57.468C CV1@55.656C GPU@56.5C tj@58.875C SOC1@58.937C CV2@56.031C
08-21-2026 19:59:42 RAM 4275/15389MB (lfb 1162x4MB) SWAP 0/7694MB (cached 0MB) CPU [50%@1984,0%@1984,0%@1984,0%@1984,50%@1984,0%@1984,100%@1984,0%@1984] EMC_FREQ 0% GR3D_FREQ 0% GR3D2_FREQ 0%@0 CV0@55.593C CPU@58.562C SOC2@56.906C SOC0@57.5C CV1@55.593C GPU@56.312C tj@58.906C SOC1@58.906C CV2@55.937C
08-21-2026 19:59:42 RAM 4275/15389MB (lfb 1162x4MB) SWAP 0/7694MB (cached 0MB) CPU [0%@1984,0%@1984,0%@1984,0%@1984,0%@1984,0%@1984,100%@1984,0%@1984] EMC_FREQ 0% GR3D_FREQ 0% GR3D2_FREQ 0%@0 CV0@55.625C CPU@58.562C SOC2@56.968C SOC0@57.562C CV1@55.906C GPU@56.5C tj@58.937C SOC1@58.937C CV2@55.906C
08-21-2026 19:59:42 RAM 4275/15389MB (lfb 1162x4MB) SWAP 0/7694MB (cached 0MB) CPU [0%@1984,0%@1984,0%@1984,0%@1984,0%@1984,0%@1984,100%@1984,0%@1984] EMC_FREQ 0% GR3D_FREQ 0% GR3D2_FREQ 0%@0 CV0@55.843C CPU@58.718C SOC2@56.812C SOC0@57.5C CV1@55.75C GPU@56.281C tj@59.062C SOC1@59.062C CV2@55.843C
08-21-2026 19:59:42 RAM 4275/15389MB (lfb 1162x4MB) SWAP 0/7694MB (cached 0MB) CPU [0%@1984,0%@1984,0%@1984,0%@1984,0%@1984,0%@1984,100%@1984,0%@1984] EMC_FREQ 0% GR3D_FREQ 0% GR3D2_FREQ 0%@0 CV0@55.718C CPU@58.593C SOC2@56.906C SOC0@57.375C CV1@55.75C GPU@56.406C tj@58.906C SOC1@58.906C CV2@55.875C
08-21-2026 19:59:42 RAM 4275/15389MB (lfb 1162x4MB) SWAP 0/7694MB (cached 0MB) CPU [0%@1984,50%@1984,100%@1984,50%@1984,0%@1984,0%@1984,0%@1984,0%@1984] EMC_FREQ 0% GR3D_FREQ 0% GR3D2_FREQ 0%@0 CV0@55.781C CPU@58.593C SOC2@56.875C SOC0@57.468C CV1@55.656C GPU@56.343C tj@58.906C SOC1@58.906C CV2@55.906C
08-21-2026 19:59:42 RAM 4275/15389MB (lfb 1162x4MB) SWAP 0/7694MB (cached 0MB) CPU [66%@1984,0%@1984,0%@1984,0%@1984,0%@1984,0%@1984,100%@1984,50%@1984] EMC_FREQ 0% GR3D_FREQ 0% GR3D2_FREQ 0%@0 CV0@55.812C CPU@58.625C SOC2@56.906C SOC0@57.625C CV1@55.656C GPU@56.531C tj@59.031C SOC1@59.031C CV2@55.843C
08-21-2026 19:59:42 RAM 4274/15389MB (lfb 1162x4MB) SWAP 0/7694MB (cached 0MB) CPU [0%@1036,0%@1036,0%@1036,0%@1036,0%@1984,0%@1984,100%@1984,0%@1984] EMC_FREQ 0% GR3D_FREQ 0% GR3D2_FREQ 0%@0 CV0@55.75C CPU@58.625C SOC2@56.906C SOC0@57.562C CV1@55.593C GPU@56.343C tj@58.968C SOC1@58.968C CV2@56C
08-21-2026 19:59:42 RAM 4274/15389MB (lfb 1162x4MB) SWAP 0/7694MB (cached 0MB) CPU [0%@1036,0%@1036,50%@1036,0%@1036,0%@1984,0%@1984,100%@1984,0%@1984] EMC_FREQ 0% GR3D_FREQ 0% GR3D2_FREQ 0%@0 CV0@55.75C CPU@58.687C SOC2@56.968C SOC0@57.531C CV1@55.593C GPU@56.437C tj@58.937C SOC1@58.937C CV2@55.968C
08-21-2026 19:59:42 RAM 4274/15389MB (lfb 1162x4MB) SWAP 0/7694MB (cached 0MB) CPU [0%@960,0%@960,50%@960,0%@960,0%@1984,0%@1984,0%@1984,0%@1984] EMC_FREQ 0% GR3D_FREQ 0% GR3D2_FREQ 0%@0 CV0@55.625C CPU@58.781C SOC2@56.906C SOC0@57.531C CV1@55.75C GPU@56.437C tj@59C SOC1@59C CV2@55.968C
08-21-2026 19:59:42 RAM 4274/15389MB (lfb 1162x4MB) SWAP 0/7694MB (cached 0MB) CPU [0%@806,0%@806,100%@806,0%@806,0%@1984,0%@1984,100%@1984,0%@1984] EMC_FREQ 0% GR3D_FREQ 0% GR3D2_FREQ 0%@0 CV0@55.875C CPU@58.781C SOC2@57C SOC0@57.562C CV1@55.906C GPU@56.593C tj@58.937C SOC1@58.937C CV2@55.906C
08-21-2026 19:59:42 RAM 4274/15389MB (lfb 1162x4MB) SWAP 0/7694MB (cached 0MB) CPU [0%@1984,0%@1984,0%@1984,0%@1984,0%@1984,0%@1984,100%@1984,0%@1984] EMC_FREQ 0% GR3D_FREQ 0% GR3D2_FREQ 0%@0 CV0@55.968C CPU@58.781C SOC2@56.718C SOC0@57.5C CV1@55.656C GPU@56.343C tj@59C SOC1@58.937C CV2@55.906C
08-21-2026 19:59:42 RAM 4274/15389MB (lfb 1162x4MB) SWAP 0/7694MB (cached 0MB) CPU [0%@806,0%@806,50%@806,0%@806,0%@1984,0%@1984,100%@1984,50%@1984] EMC_FREQ 0% GR3D_FREQ 0% GR3D2_FREQ 0%@0 CV0@55.781C CPU@58.75C SOC2@56.843C SOC0@57.5C CV1@55.718C GPU@56.5C tj@58.937C SOC1@58.937C CV2@55.781C
08-21-2026 19:59:42 RAM 4274/15389MB (lfb 1162x4MB) SWAP 0/7694MB (cached 0MB) CPU [0%@1984,0%@1984,0%@1984,0%@1984,0%@1984,0%@1984,100%@1984,0%@1984] EMC_FREQ 0% GR3D_FREQ 0% GR3D2_FREQ 0%@0 CV0@55.781C CPU@58.656C SOC2@56.812C SOC0@57.593C CV1@55.718C GPU@56.375C tj@59.156C SOC1@59.156C CV2@55.875C
08-21-2026 19:59:42 RAM 4277/15389MB (lfb 1161x4MB) SWAP 0/7694MB (cached 0MB) CPU [0%@1984,0%@1984,100%@1984,50%@1984,0%@1984,0%@1984,100%@1984,0%@1984] EMC_FREQ 0% GR3D_FREQ 0% GR3D2_FREQ 0%@0 CV0@55.75C CPU@58.593C SOC2@56.843C SOC0@57.5C CV1@55.593C GPU@56.5C tj@59.156C SOC1@59.156C CV2@56C
08-21-2026 19:59:42 RAM 4293/15389MB (lfb 1157x4MB) SWAP 0/7694MB (cached 0MB) CPU [0%@1984,0%@1984,50%@1984,0%@1984,0%@1984,50%@1984,50%@1984,0%@1984] EMC_FREQ 0% GR3D_FREQ 0% GR3D2_FREQ 0%@0 CV0@55.625C CPU@58.687C SOC2@56.906C SOC0@57.593C CV1@55.593C GPU@56.375C tj@58.968C SOC1@58.968C CV2@56C
08-21-2026 19:59:42 RAM 4293/15389MB (lfb 1157x4MB) SWAP 0/7694MB (cached 0MB) CPU [0%@1984,0%@1984,0%@1984,0%@1984,0%@1984,0%@1984,0%@1984,0%@1984] EMC_FREQ 0% GR3D_FREQ 38% GR3D2_FREQ 38%@0 CV0@55.656C CPU@59C SOC2@56.968C SOC0@57.468C CV1@55.843C GPU@56.593C tj@59C SOC1@59C CV2@55.906C
08-21-2026 19:59:42 RAM 4293/15389MB (lfb 1157x4MB) SWAP 0/7694MB (cached 0MB) CPU [0%@1651,0%@1651,0%@1651,0%@1651,0%@1984,0%@1984,0%@1984,0%@1984] EMC_FREQ 0% GR3D_FREQ 38% GR3D2_FREQ 38%@0 CV0@55.656C CPU@58.812C SOC2@56.812C SOC0@57.468C CV1@55.718C GPU@56.406C tj@58.875C SOC1@58.875C CV2@55.968C
08-21-2026 19:59:42 RAM 4293/15389MB (lfb 1157x4MB) SWAP 0/7694MB (cached 0MB) CPU [0%@1344,0%@1344,50%@1344,0%@1344,0%@1984,0%@1984,100%@1984,0%@1984] EMC_FREQ 0% GR3D_FREQ 5% GR3D2_FREQ 5%@0 CV0@55.875C CPU@58.843C SOC2@56.843C SOC0@57.468C CV1@55.75C GPU@56.562C tj@58.937C SOC1@58.937C CV2@55.937C
08-21-2026 19:59:42 RAM 4293/15389MB (lfb 1157x4MB) SWAP 0/7694MB (cached 0MB) CPU [0%@1113,0%@1113,0%@1113,0%@1113,0%@1984,0%@1984,0%@1984,0%@1984] EMC_FREQ 0% GR3D_FREQ 20% GR3D2_FREQ 20%@0 CV0@55.718C CPU@58.656C SOC2@56.843C SOC0@57.656C CV1@55.718C GPU@56.312C tj@58.812C SOC1@58.812C CV2@55.875C
08-21-2026 19:59:42 RAM 4293/15389MB (lfb 1157x4MB) SWAP 0/7694MB (cached 0MB) CPU [50%@1984,0%@1984,0%@1984,0%@1984,0%@1984,0%@1984,50%@1984,0%@1984] EMC_FREQ 0% GR3D_FREQ 23% GR3D2_FREQ 23%@0 CV0@55.75C CPU@58.687C SOC2@56.812C SOC0@57.593C CV1@55.75C GPU@56.5C tj@59.125C SOC1@59.125C CV2@55.875C
08-21-2026 19:59:42 RAM 4293/15389MB (lfb 1157x4MB) SWAP 0/7694MB (cached 0MB) CPU [0%@806,0%@806,0%@806,0%@806,0%@1984,0%@1984,0%@1984,0%@1984] EMC_FREQ 0% GR3D_FREQ 23% GR3D2_FREQ 23%@0 CV0@55.812C CPU@58.562C SOC2@56.812C SOC0@57.562C CV1@55.656C GPU@56.343C tj@59C SOC1@59C CV2@56.031C
08-21-2026 19:59:42 RAM 4293/15389MB (lfb 1157x4MB) SWAP 0/7694MB (cached 0MB) CPU [66%@806,0%@806,50%@806,0%@806,0%@1984,0%@1984,100%@1984,0%@1984] EMC_FREQ 0% GR3D_FREQ 0% GR3D2_FREQ 0%@0 CV0@55.718C CPU@58.562C SOC2@56.812C SOC0@57.468C CV1@55.531C GPU@56.468C tj@59.093C SOC1@59.093C CV2@55.968C
08-21-2026 19:59:42 RAM 4293/15389MB (lfb 1157x4MB) SWAP 0/7694MB (cached 0MB) CPU [0%@806,0%@806,0%@806,0%@806,0%@1804,0%@1804,0%@1804,0%@1804] EMC_FREQ 0% GR3D_FREQ 20% GR3D2_FREQ 20%@0 CV0@55.75C CPU@58.625C SOC2@56.843C SOC0@57.437C CV1@55.812C GPU@56.343C tj@58.906C SOC1@58.906C CV2@56C
08-21-2026 19:59:43 RAM 4293/15389MB (lfb 1157x4MB) SWAP 0/7694MB (cached 0MB) CPU [0%@1984,0%@1984,50%@1984,0%@1984,50%@1958,0%@1958,0%@1958,50%@1958] EMC_FREQ 0% GR3D_FREQ 20% GR3D2_FREQ 20%@0 CV0@55.781C CPU@58.562C SOC2@56.75C SOC0@57.406C CV1@55.718C GPU@56.5C tj@58.875C SOC1@58.875C CV2@55.906C
08-21-2026 19:59:43 RAM 4293/15389MB (lfb 1157x4MB) SWAP 0/7694MB (cached 0MB) CPU [0%@806,0%@806,50%@806,0%@806,0%@1728,0%@1728,0%@1728,0%@1728] EMC_FREQ 0% GR3D_FREQ 23% GR3D2_FREQ 23%@0 CV0@55.906C CPU@58.593C SOC2@56.781C SOC0@57.406C CV1@55.75C GPU@56.406C tj@59C SOC1@59C CV2@55.875C
08-21-2026 19:59:43 RAM 4293/15389MB (lfb 1157x4MB) SWAP 0/7694MB (cached 0MB) CPU [0%@1984,0%@1984,0%@1984,0%@1984,0%@1804,0%@1804,100%@1804,0%@1804] EMC_FREQ 0% GR3D_FREQ 0% GR3D2_FREQ 0%@0 CV0@55.656C CPU@58.656C SOC2@56.937C SOC0@57.656C CV1@55.656C GPU@56.5C tj@58.906C SOC1@58.906C CV2@55.875C
08-21-2026 19:59:43 RAM 4293/15389MB (lfb 1157x4MB) SWAP 0/7694MB (cached 0MB) CPU [0%@806,0%@806,0%@806,0%@806,0%@1881,0%@1881,0%@1881,33%@1881] EMC_FREQ 0% GR3D_FREQ 0% GR3D2_FREQ 19%@0 CV0@55.687C CPU@58.687C SOC2@56.906C SOC0@57.562C CV1@55.625C GPU@56.281C tj@59.25C SOC1@59.25C CV2@55.781C
08-21-2026 19:59:43 RAM 4293/15389MB (lfb 1157x4MB) SWAP 0/7694MB (cached 0MB) CPU [0%@729,0%@729,0%@729,0%@729,0%@1728,0%@1728,0%@1728,0%@1728] EMC_FREQ 0% GR3D_FREQ 19% GR3D2_FREQ 19%@0 CV0@55.718C CPU@58.656C SOC2@56.812C SOC0@57.5C CV1@55.593C GPU@56.218C tj@59C SOC1@59C CV2@55.875C
08-21-2026 19:59:43 RAM 4293/15389MB (lfb 1157x4MB) SWAP 0/7694MB (cached 0MB) CPU [0%@806,0%@806,100%@806,0%@806,0%@1728,0%@1728,0%@1728,0%@1497] EMC_FREQ 0% GR3D_FREQ 23% GR3D2_FREQ 23%@0 CV0@55.718C CPU@58.562C SOC2@56.781C SOC0@57.531C CV1@55.593C GPU@56.406C tj@58.968C SOC1@58.968C CV2@55.937C
08-21-2026 19:59:43 RAM 4293/15389MB (lfb 1157x4MB) SWAP 0/7694MB (cached 0MB) CPU [0%@729,0%@729,0%@729,0%@729,50%@1728,0%@1728,100%@1728,0%@1728] EMC_FREQ 0% GR3D_FREQ 5% GR3D2_FREQ 5%@0 CV0@55.562C CPU@58.625C SOC2@56.843C SOC0@57.531C CV1@55.625C GPU@56.5C tj@58.937C SOC1@58.937C CV2@56C
08-21-2026 19:59:43 RAM 4293/15389MB (lfb 1157x4MB) SWAP 0/7694MB (cached 0MB) CPU [50%@1984,0%@1984,50%@1984,0%@1984,0%@1497,0%@1497,0%@1497,0%@1497] EMC_FREQ 0% GR3D_FREQ 5% GR3D2_FREQ 5%@0 CV0@55.656C CPU@58.687C SOC2@56.906C SOC0@57.562C CV1@55.781C GPU@56.25C tj@59C SOC1@59.031C CV2@55.937C
08-21-2026 19:59:43 RAM 4293/15389MB (lfb 1157x4MB) SWAP 0/7694MB (cached 0MB) CPU [0%@1984,0%@1984,0%@1984,0%@1984,0%@1574,0%@1574,0%@1574,0%@1574] EMC_FREQ 0% GR3D_FREQ 14% GR3D2_FREQ 14%@0 CV0@55.656C CPU@58.625C SOC2@57C SOC0@57.468C CV1@55.812C GPU@56.312C tj@59C SOC1@59C CV2@55.937C
08-21-2026 19:59:43 RAM 4293/15389MB (lfb 1157x4MB) SWAP 0/7694MB (cached 0MB) CPU [0%@1984,0%@1984,100%@1984,0%@1984,0%@1420,0%@1420,0%@1420,50%@1420] EMC_FREQ 0% GR3D_FREQ 23% GR3D2_FREQ 23%@0 CV0@55.812C CPU@58.625C SOC2@56.875C SOC0@57.468C CV1@55.687C GPU@56.406C tj@59C SOC1@59C CV2@55.906C
08-21-2026 19:59:43 RAM 4293/15389MB (lfb 1157x4MB) SWAP 0/7694MB (cached 0MB) CPU [0%@806,0%@806,0%@806,0%@806,0%@1574,0%@1574,100%@1574,0%@1574] EMC_FREQ 0% GR3D_FREQ 4% GR3D2_FREQ 4%@0 CV0@55.75C CPU@58.5C SOC2@56.718C SOC0@57.468C CV1@55.593C GPU@56.187C tj@58.843C SOC1@58.843C CV2@55.75C
08-21-2026 19:59:43 RAM 4293/15389MB (lfb 1157x4MB) SWAP 0/7694MB (cached 0MB) CPU [66%@1984,0%@1984,50%@1984,0%@1984,0%@1574,0%@1574,0%@1574,0%@1574] EMC_FREQ 0% GR3D_FREQ 4% GR3D2_FREQ 4%@0 CV0@55.75C CPU@58.531C SOC2@56.906C SOC0@57.562C CV1@55.687C GPU@56.343C tj@59.156C SOC1@59.156C CV2@55.937C
08-21-2026 19:59:43 RAM 4293/15389MB (lfb 1157x4MB) SWAP 0/7694MB (cached 0MB) CPU [0%@1984,33%@1984,50%@1984,0%@1984,50%@1497,0%@1497,0%@1497,0%@1497] EMC_FREQ 0% GR3D_FREQ 18% GR3D2_FREQ 18%@0 CV0@55.687C CPU@58.656C SOC2@56.656C SOC0@57.531C CV1@55.531C GPU@56.281C tj@59.031C SOC1@59.031C CV2@55.843C
08-21-2026 19:59:43 RAM 4293/15389MB (lfb 1157x4MB) SWAP 0/7694MB (cached 0MB) CPU [0%@806,0%@806,0%@806,0%@806,0%@1420,0%@1420,0%@1420,0%@1420] EMC_FREQ 0% GR3D_FREQ 20% GR3D2_FREQ 20%@0 CV0@55.593C CPU@58.593C SOC2@56.843C SOC0@57.593C CV1@55.625C GPU@56.406C tj@59.031C SOC1@59.031C CV2@55.875C
08-21-2026 19:59:43 RAM 4293/15389MB (lfb 1157x4MB) SWAP 0/7694MB (cached 0MB) CPU [0%@729,0%@729,0%@729,0%@729,0%@1420,0%@1420,50%@1420,50%@1420] EMC_FREQ 0% GR3D_FREQ 0% GR3D2_FREQ 0%@0 CV0@55.687C CPU@58.843C SOC2@56.906C SOC0@57.468C CV1@55.531C GPU@56.218C tj@59.062C SOC1@59.062C CV2@55.968C
08-21-2026 19:59:43 RAM 4293/15389MB (lfb 1157x4MB) SWAP 0/7694MB (cached 0MB) CPU [0%@1984,0%@1984,50%@1984,0%@1984,0%@1497,0%@1497,0%@1497,0%@1497] EMC_FREQ 0% GR3D_FREQ 0% GR3D2_FREQ 0%@0 CV0@55.656C CPU@58.75C SOC2@56.937C SOC0@57.468C CV1@55.625C GPU@56.406C tj@58.937C SOC1@58.937C CV2@55.937C
08-21-2026 19:59:43 RAM 4293/15389MB (lfb 1157x4MB) SWAP 0/7694MB (cached 0MB) CPU [0%@1984,0%@1984,50%@1984,50%@1984,0%@1420,0%@1420,100%@1420,0%@1420] EMC_FREQ 0% GR3D_FREQ 23% GR3D2_FREQ 23%@0 CV0@55.625C CPU@58.625C SOC2@56.781C SOC0@57.5C CV1@55.656C GPU@56.187C tj@58.875C SOC1@58.875C CV2@55.906C
08-21-2026 19:59:43 RAM 4293/15389MB (lfb 1157x4MB) SWAP 0/7694MB (cached 0MB) CPU [0%@1984,0%@1984,0%@1984,0%@1984,0%@1497,0%@1497,50%@1497,0%@1497] EMC_FREQ 0% GR3D_FREQ 23% GR3D2_FREQ 23%@0 CV0@55.781C CPU@58.781C SOC2@56.812C SOC0@57.468C CV1@55.625C GPU@56.5C tj@58.968C SOC1@58.968C CV2@55.937C
08-21-2026 19:59:43 RAM 4293/15389MB (lfb 1157x4MB) SWAP 0/7694MB (cached 0MB) CPU [0%@1984,0%@1984,0%@1984,0%@1984,0%@1344,0%@1344,0%@1344,0%@1344] EMC_FREQ 0% GR3D_FREQ 23% GR3D2_FREQ 23%@0 CV0@55.718C CPU@58.562C SOC2@56.812C SOC0@57.5C CV1@55.781C GPU@56.312C tj@59.218C SOC1@59.218C CV2@55.875C
08-21-2026 19:59:43 RAM 4293/15389MB (lfb 1157x4MB) SWAP 0/7694MB (cached 0MB) CPU [50%@1984,0%@1984,100%@1984,0%@1984,0%@1420,0%@1420,0%@1420,0%@1420] EMC_FREQ 0% GR3D_FREQ 0% GR3D2_FREQ 0%@0 CV0@55.562C CPU@58.718C SOC2@56.718C SOC0@57.687C CV1@55.625C GPU@56.437C tj@59.031C SOC1@59.031C CV2@55.781C
08-21-2026 19:59:43 RAM 4293/15389MB (lfb 1157x4MB) SWAP 0/7694MB (cached 0MB) CPU [50%@960,33%@960,0%@960,0%@960,0%@1344,0%@1344,0%@1344,0%@1344] EMC_FREQ 0% GR3D_FREQ 23% GR3D2_FREQ 23%@0 CV0@55.625C CPU@58.437C SOC2@56.75C SOC0@57.562C CV1@55.562C GPU@56.312C tj@59.031C SOC1@59.031C CV2@55.812C
08-21-2026 19:59:43 RAM 4293/15389MB (lfb 1157x4MB) SWAP 0/7694MB (cached 0MB) CPU [0%@1984,0%@1984,50%@1984,0%@1984,0%@1420,0%@1420,66%@1420,0%@1420] EMC_FREQ 0% GR3D_FREQ 9% GR3D2_FREQ 9%@0 CV0@55.687C CPU@58.625C SOC2@56.687C SOC0@57.593C CV1@55.562C GPU@56.218C tj@59.031C SOC1@59.031C CV2@55.812C
08-21-2026 19:59:43 RAM 4293/15389MB (lfb 1157x4MB) SWAP 0/7694MB (cached 0MB) CPU [0%@1984,0%@1984,0%@1984,0%@1984,0%@1344,0%@1344,0%@1344,0%@1344] EMC_FREQ 0% GR3D_FREQ 9% GR3D2_FREQ 9%@0 CV0@55.593C CPU@58.468C SOC2@56.75C SOC0@57.531C CV1@55.562C GPU@56.281C tj@58.968C SOC1@58.968C CV2@55.906C
08-21-2026 19:59:43 RAM 4293/15389MB (lfb 1157x4MB) SWAP 0/7694MB (cached 0MB) CPU [50%@1984,0%@1984,0%@1984,50%@1984,0%@1344,0%@1344,100%@1344,0%@1344] EMC_FREQ 0% GR3D_FREQ 13% GR3D2_FREQ 13%@0 CV0@55.625C CPU@58.5C SOC2@56.875C SOC0@57.5C CV1@55.562C GPU@56.5C tj@58.968C SOC1@58.968C CV2@55.937C
08-21-2026 19:59:43 RAM 4293/15389MB (lfb 1157x4MB) SWAP 0/7694MB (cached 0MB) CPU [0%@1984,0%@1984,0%@1984,0%@1984,0%@1344,0%@1344,0%@1344,0%@1344] EMC_FREQ 0% GR3D_FREQ 23% GR3D2_FREQ 23%@0 CV0@55.718C CPU@58.812C SOC2@56.75C SOC0@57.531C CV1@55.718C GPU@56.468C tj@58.968C SOC1@58.968C CV2@56C
08-21-2026 19:59:43 RAM 4293/15389MB (lfb 1157x4MB) SWAP 0/7694MB (cached 0MB) CPU [50%@806,0%@806,0%@806,100%@806,0%@1420,0%@1420,50%@1420,0%@1420] EMC_FREQ 0% GR3D_FREQ 0% GR3D2_FREQ 0%@0 CV0@55.593C CPU@58.75C SOC2@56.718C SOC0@57.437C CV1@55.625C GPU@56.187C tj@59.031C SOC1@59.031C CV2@55.843C
08-21-2026 19:59:43 RAM 4293/15389MB (lfb 1157x4MB) SWAP 0/7694MB (cached 0MB) CPU [0%@1984,33%@1984,33%@1984,0%@1984,0%@1420,0%@1420,100%@1420,0%@1420] EMC_FREQ 0% GR3D_FREQ 0% GR3D2_FREQ 0%@0 CV0@55.625C CPU@58.718C SOC2@56.781C SOC0@57.5C CV1@55.687C GPU@56.312C tj@58.906C SOC1@58.906C CV2@55.812C
08-21-2026 19:59:43 RAM 4293/15389MB (lfb 1157x4MB) SWAP 0/7694MB (cached 0MB) CPU [0%@1984,0%@1984,0%@1984,50%@1984,0%@1267,0%@1267,0%@1267,0%@1267] EMC_FREQ 0% GR3D_FREQ 22% GR3D2_FREQ 22%@0 CV0@55.656C CPU@58.656C SOC2@56.656C SOC0@57.656C CV1@55.562C GPU@56.187C tj@58.812C SOC1@58.812C CV2@55.875C
08-21-2026 19:59:43 RAM 4293/15389MB (lfb 1157x4MB) SWAP 0/7694MB (cached 0MB) CPU [0%@883,0%@883,0%@883,0%@883,0%@1420,0%@1420,50%@1420,0%@1420] EMC_FREQ 0% GR3D_FREQ 16% GR3D2_FREQ 16%@0 CV0@55.656C CPU@58.406C SOC2@56.718C SOC0@57.656C CV1@55.562C GPU@56.187C tj@58.968C SOC1@58.968C CV2@55.843C
08-21-2026 19:59:43 RAM 4293/15389MB (lfb 1157x4MB) SWAP 0/7694MB (cached 0MB) CPU [0%@806,0%@806,0%@806,0%@806,0%@1344,0%@1344,50%@1344,0%@1344] EMC_FREQ 0% GR3D_FREQ 16% GR3D2_FREQ 16%@0 CV0@55.625C CPU@58.531C SOC2@56.781C SOC0@57.656C CV1@55.625C GPU@56.218C tj@59.062C SOC1@59.062C CV2@55.781C
08-21-2026 19:59:43 RAM 4293/15389MB (lfb 1157x4MB) SWAP 0/7694MB (cached 0MB) CPU [0%@1984,0%@1984,0%@1984,0%@1984,0%@1420,0%@1420,0%@1420,0%@1420] EMC_FREQ 0% GR3D_FREQ 3% GR3D2_FREQ 3%@0 CV0@55.656C CPU@58.343C SOC2@56.718C SOC0@57.562C CV1@55.593C GPU@56.468C tj@59.093C SOC1@59.093C CV2@55.843C
08-21-2026 19:59:43 RAM 4293/15389MB (lfb 1157x4MB) SWAP 0/7694MB (cached 0MB) CPU [0%@806,0%@806,0%@806,50%@806,0%@1267,0%@1267,50%@1267,0%@1267] EMC_FREQ 0% GR3D_FREQ 23% GR3D2_FREQ 23%@0 CV0@55.687C CPU@58.468C SOC2@56.781C SOC0@57.5C CV1@55.625C GPU@56.406C tj@58.937C SOC1@58.937C CV2@56C
08-21-2026 19:59:43 RAM 4293/15389MB (lfb 1157x4MB) SWAP 0/7694MB (cached 0MB) CPU [0%@1984,0%@1984,0%@1984,0%@1984,0%@1420,0%@1420,0%@1420,0%@1420] EMC_FREQ 0% GR3D_FREQ 7% GR3D2_FREQ 7%@0 CV0@55.687C CPU@58.437C SOC2@57C SOC0@57.562C CV1@55.687C GPU@56.187C tj@58.968C SOC1@58.968C CV2@56C
08-21-2026 19:59:43 RAM 4293/15389MB (lfb 1157x4MB) SWAP 0/7694MB (cached 0MB) CPU [0%@1984,0%@1984,0%@1984,50%@1984,0%@1420,0%@1420,50%@1420,0%@1420] EMC_FREQ 0% GR3D_FREQ 7% GR3D2_FREQ 7%@0 CV0@55.625C CPU@58.437C SOC2@56.687C SOC0@57.468C CV1@55.718C GPU@56.375C tj@59C SOC1@58.843C CV2@55.843C
08-21-2026 19:59:43 RAM 4293/15389MB (lfb 1157x4MB) SWAP 0/7694MB (cached 0MB) CPU [0%@806,0%@806,0%@806,0%@806,0%@1420,0%@1420,50%@1420,50%@1420] EMC_FREQ 0% GR3D_FREQ 12% GR3D2_FREQ 12%@0 CV0@55.875C CPU@58.781C SOC2@56.843C SOC0@57.5C CV1@55.625C GPU@56.156C tj@58.937C SOC1@58.937C CV2@56C
08-21-2026 19:59:43 RAM 4293/15389MB (lfb 1157x4MB) SWAP 0/7694MB (cached 0MB) CPU [0%@806,0%@806,50%@806,50%@806,0%@1420,0%@1420,0%@1420,0%@1420] EMC_FREQ 0% GR3D_FREQ 23% GR3D2_FREQ 23%@0 CV0@55.75C CPU@58.625C SOC2@56.812C SOC0@57.437C CV1@55.687C GPU@56.5C tj@58.968C SOC1@58.968C CV2@55.781C
08-21-2026 19:59:43 RAM 4293/15389MB (lfb 1157x4MB) SWAP 0/7694MB (cached 0MB) CPU [50%@729,0%@729,0%@729,0%@729,0%@1344,0%@1344,0%@1344,0%@1344] EMC_FREQ 0% GR3D_FREQ 0% GR3D2_FREQ 0%@0 CV0@55.781C CPU@58.687C SOC2@56.843C SOC0@57.5C CV1@55.656C GPU@56.093C tj@58.906C SOC1@58.906C CV2@55.75C
08-21-2026 19:59:43 RAM 4293/15389MB (lfb 1157x4MB) SWAP 0/7694MB (cached 0MB) CPU [0%@1984,0%@1984,0%@1984,100%@1984,50%@1344,0%@1344,50%@1344,0%@1344] EMC_FREQ 0% GR3D_FREQ 0% GR3D2_FREQ 0%@0 CV0@55.718C CPU@58.437C SOC2@56.843C SOC0@57.593C CV1@55.593C GPU@56.156C tj@58.906C SOC1@58.906C CV2@55.843C
08-21-2026 19:59:43 RAM 4293/15389MB (lfb 1157x4MB) SWAP 0/7694MB (cached 0MB) CPU [0%@1984,0%@1984,0%@1984,0%@1984,0%@1267,0%@1267,0%@1267,50%@1267] EMC_FREQ 0% GR3D_FREQ 22% GR3D2_FREQ 22%@0 CV0@55.781C CPU@58.468C SOC2@56.843C SOC0@57.718C CV1@55.593C GPU@56.312C tj@59.156C SOC1@59.156C CV2@55.875C
08-21-2026 19:59:43 RAM 4293/15389MB (lfb 1157x4MB) SWAP 0/7694MB (cached 0MB) CPU [0%@883,0%@883,0%@883,0%@883,0%@1344,0%@1344,0%@1344,0%@1344] EMC_FREQ 0% GR3D_FREQ 20% GR3D2_FREQ 20%@0 CV0@55.656C CPU@58.343C SOC2@56.687C SOC0@57.593C CV1@55.593C GPU@56.125C tj@59.062C SOC1@59.062C CV2@55.843C
08-21-2026 19:59:43 RAM 4293/15389MB (lfb 1157x4MB) SWAP 0/7694MB (cached 0MB) CPU [0%@1984,0%@1984,0%@1984,50%@1984,0%@1344,0%@1344,0%@1344,0%@1344] EMC_FREQ 0% GR3D_FREQ 2% GR3D2_FREQ 2%@0 CV0@55.562C CPU@58.406C SOC2@56.812C SOC0@57.625C CV1@55.531C GPU@56.25C tj@58.937C SOC1@58.937C CV2@55.906C
08-21-2026 19:59:43 RAM 4293/15389MB (lfb 1157x4MB) SWAP 0/7694MB (cached 0MB) CPU [0%@1984,0%@1984,0%@1984,50%@1984,0%@1420,0%@1420,100%@1420,0%@1420] EMC_FREQ 0% GR3D_FREQ 2% GR3D2_FREQ 2%@0 CV0@55.718C CPU@58.406C SOC2@56.843C SOC0@57.531C CV1@55.531C GPU@56.5C tj@59.031C SOC1@59.031C CV2@56C
08-21-2026 19:59:43 RAM 4293/15389MB (lfb 1157x4MB) SWAP 0/7694MB (cached 0MB) CPU [0%@1984,0%@1984,0%@1984,0%@1984,0%@1267,0%@1267,0%@1267,50%@1267] EMC_FREQ 0% GR3D_FREQ 23% GR3D2_FREQ 23%@0 CV0@55.593C CPU@58.437C SOC2@56.906C SOC0@57.5C CV1@55.781C GPU@56.375C tj@59C SOC1@59C CV2@55.968C
08-21-2026 19:59:43 RAM 4293/15389MB (lfb 1157x4MB) SWAP 0/7694MB (cached 0MB) CPU [50%@1984,50%@1984,0%@1984,50%@1984,0%@1344,0%@1344,0%@1344,0%@1344] EMC_FREQ 0% GR3D_FREQ 0% GR3D2_FREQ 0%@0 CV0@55.781C CPU@58.468C SOC2@56.781C SOC0@57.593C CV1@55.656C GPU@56.156C tj@58.937C SOC1@58.937C CV2@55.75C
08-21-2026 19:59:43 RAM 4293/15389MB (lfb 1157x4MB) SWAP 0/7694MB (cached 0MB) CPU [0%@1984,0%@1984,0%@1984,0%@1984,0%@1344,0%@1344,50%@1344,0%@1344] EMC_FREQ 0% GR3D_FREQ 0% GR3D2_FREQ 0%@0 CV0@55.687C CPU@58.5C SOC2@56.812C SOC0@57.437C CV1@55.593C GPU@56.312C tj@58.968C SOC1@58.968C CV2@55.875C
08-21-2026 19:59:43 RAM 4293/15389MB (lfb 1157x4MB) SWAP 0/7694MB (cached 0MB) CPU [66%@729,0%@729,50%@729,50%@729,0%@1344,0%@1344,100%@1344,0%@1344] EMC_FREQ 0% GR3D_FREQ 19% GR3D2_FREQ 19%@0 CV0@55.75C CPU@58.406C SOC2@56.656C SOC0@57.5C CV1@55.687C GPU@56.281C tj@59.062C SOC1@58.906C CV2@55.906C
08-21-2026 19:59:43 RAM 4293/15389MB (lfb 1157x4MB) SWAP 0/7694MB (cached 0MB) CPU [50%@806,0%@806,0%@1984,50%@1984,0%@1344,0%@1344,0%@1344,0%@1344] EMC_FREQ 0% GR3D_FREQ 22% GR3D2_FREQ 22%@0 CV0@55.75C CPU@58.406C SOC2@56.812C SOC0@57.468C CV1@55.687C GPU@56.125C tj@59.156C SOC1@59.156C CV2@55.781C
08-21-2026 19:59:43 RAM 4293/15389MB (lfb 1157x4MB) SWAP 0/7694MB (cached 0MB) CPU [0%@806,0%@806,50%@806,0%@806,50%@1344,0%@1344,50%@1344,50%@1344] EMC_FREQ 0% GR3D_FREQ 0% GR3D2_FREQ 0%@0 CV0@55.718C CPU@58.437C SOC2@56.812C SOC0@57.5C CV1@55.531C GPU@56.218C tj@59.187C SOC1@59.187C CV2@55.812C
08-21-2026 19:59:43 RAM 4293/15389MB (lfb 1157x4MB) SWAP 0/7694MB (cached 0MB) CPU [0%@729,0%@729,0%@729,66%@729,0%@1420,50%@1420,100%@1420,0%@1420] EMC_FREQ 0% GR3D_FREQ 22% GR3D2_FREQ 22%@0 CV0@55.562C CPU@58.406C SOC2@56.781C SOC0@57.625C CV1@55.593C GPU@56.125C tj@59.062C SOC1@59.062C CV2@55.937C
08-21-2026 19:59:43 RAM 4293/15389MB (lfb 1157x4MB) SWAP 0/7694MB (cached 0MB) CPU [0%@1984,0%@1984,0%@1984,0%@1984,0%@1344,0%@1344,50%@1344,0%@1344] EMC_FREQ 0% GR3D_FREQ 22% GR3D2_FREQ 22%@0 CV0@55.656C CPU@58.375C SOC2@56.687C SOC0@57.5C CV1@55.656C GPU@56.343C tj@59.093C SOC1@59.093C CV2@56.031C
08-21-2026 19:59:43 RAM 4293/15389MB (lfb 1157x4MB) SWAP 0/7694MB (cached 0MB) CPU [0%@806,33%@806,50%@1984,100%@1984,50%@1420,0%@1420,0%@1420,0%@1420] EMC_FREQ 0% GR3D_FREQ 0% GR3D2_FREQ 0%@0 CV0@55.593C CPU@58.5C SOC2@56.625C SOC0@57.593C CV1@55.531C GPU@56.093C tj@58.968C SOC1@58.968C CV2@55.968C
08-21-2026 19:59:43 RAM 4293/15389MB (lfb 1157x4MB) SWAP 0/7694MB (cached 0MB) CPU [0%@729,0%@1984,0%@1984,0%@1984,0%@1344,0%@1344,50%@1344,0%@1344] EMC_FREQ 0% GR3D_FREQ 22% GR3D2_FREQ 22%@0 CV0@55.656C CPU@58.375C SOC2@56.812C SOC0@57.531C CV1@55.625C GPU@56.062C tj@59.062C SOC1@59.062C CV2@56C
08-21-2026 19:59:43 RAM 4293/15389MB (lfb 1157x4MB) SWAP 0/7694MB (cached 0MB) CPU [0%@729,50%@729,0%@729,0%@729,0%@1420,0%@1420,100%@1420,0%@1420] EMC_FREQ 0% GR3D_FREQ 22% GR3D2_FREQ 22%@0 CV0@55.562C CPU@58.468C SOC2@56.843C SOC0@57.593C CV1@55.75C GPU@56.25C tj@59C SOC1@59C CV2@55.906C
08-21-2026 19:59:43 RAM 4293/15389MB (lfb 1157x4MB) SWAP 0/7694MB (cached 0MB) CPU [0%@806,0%@806,0%@806,0%@806,0%@1344,0%@1344,0%@1344,0%@1344] EMC_FREQ 0% GR3D_FREQ 22% GR3D2_FREQ 22%@0 CV0@55.531C CPU@58.375C SOC2@56.718C SOC0@57.5C CV1@55.718C GPU@56.156C tj@59C SOC1@59C CV2@55.906C
08-21-2026 19:59:43 RAM 4293/15389MB (lfb 1157x4MB) SWAP 0/7694MB (cached 0MB) CPU [0%@1984,0%@1984,0%@1984,50%@1984,0%@1420,0%@1420,100%@1420,50%@1420] EMC_FREQ 0% GR3D_FREQ 0% GR3D2_FREQ 0%@0 CV0@55.531C CPU@58.343C SOC2@56.718C SOC0@57.5C CV1@55.718C GPU@56.375C tj@59.062C SOC1@59.062C CV2@55.843C
08-21-2026 19:59:43 RAM 4293/15389MB (lfb 1157x4MB) SWAP 0/7694MB (cached 0MB) CPU [0%@1984,0%@1984,0%@1984,100%@1984,0%@1267,0%@1267,50%@1267,0%@1267] EMC_FREQ 0% GR3D_FREQ 22% GR3D2_FREQ 22%@0 CV0@55.718C CPU@58.812C SOC2@56.718C SOC0@57.531C CV1@55.562C GPU@56.093C tj@58.875C SOC1@58.875C CV2@55.937C
08-21-2026 19:59:43 RAM 4293/15389MB (lfb 1157x4MB) SWAP 0/7694MB (cached 0MB) CPU [0%@1984,50%@1984,0%@1984,0%@1984,0%@1267,0%@1267,50%@1267,0%@1267] EMC_FREQ 0% GR3D_FREQ 22% GR3D2_FREQ 0%@0 CV0@55.718C CPU@58.5C SOC2@56.781C SOC0@57.531C CV1@55.687C GPU@56.312C tj@59.187C SOC1@59.187C CV2@55.843C
08-21-2026 19:59:43 RAM 4293/15389MB (lfb 1157x4MB) SWAP 0/7694MB (cached 0MB) CPU [0%@1984,0%@1984,0%@1984,0%@1984,0%@1420,0%@1420,0%@1420,50%@1420] EMC_FREQ 0% GR3D_FREQ 0% GR3D2_FREQ 0%@0 CV0@55.75C CPU@58.375C SOC2@56.781C SOC0@57.687C CV1@55.562C GPU@56.156C tj@59.093C SOC1@59.093C CV2@55.843C
08-21-2026 19:59:43 RAM 4293/15389MB (lfb 1157x4MB) SWAP 0/7694MB (cached 0MB) CPU [66%@729,0%@729,50%@729,50%@729,0%@1344,0%@1344,0%@1344,50%@1344] EMC_FREQ 0% GR3D_FREQ 22% GR3D2_FREQ 22%@0 CV0@55.625C CPU@58.437C SOC2@56.75C SOC0@57.593C CV1@55.593C GPU@56.093C tj@59.062C SOC1@59.062C CV2@55.781C
08-21-2026 19:59:43 RAM 4293/15389MB (lfb 1157x4MB) SWAP 0/7694MB (cached 0MB) CPU [0%@1984,0%@1984,0%@1984,100%@1984,50%@1420,0%@1420,0%@1420,0%@1420] EMC_FREQ 0% GR3D_FREQ 23% GR3D2_FREQ 23%@0 CV0@55.593C CPU@58.562C SOC2@56.687C SOC0@57.531C CV1@55.593C GPU@56.218C tj@59C SOC1@59C CV2@55.843C
08-21-2026 19:59:43 RAM 4293/15389MB (lfb 1157x4MB) SWAP 0/7694MB (cached 0MB) CPU [0%@806,0%@806,0%@806,0%@806,0%@1344,0%@1344,0%@1344,0%@1344] EMC_FREQ 0% GR3D_FREQ 23% GR3D2_FREQ 23%@0 CV0@55.656C CPU@58.375C SOC2@56.656C SOC0@57.531C CV1@55.468C GPU@56.406C tj@59.031C SOC1@59.031C CV2@56C
08-21-2026 19:59:43 RAM 4293/15389MB (lfb 1157x4MB) SWAP 0/7694MB (cached 0MB) CPU [0%@960,0%@960,50%@960,100%@960,0%@1420,0%@1420,100%@1420,0%@1420] EMC_FREQ 0% GR3D_FREQ 0% GR3D2_FREQ 0%@0 CV0@55.593C CPU@58.406C SOC2@56.781C SOC0@57.5C CV1@55.656C GPU@56.25C tj@58.968C SOC1@58.968C CV2@55.968C
08-21-2026 19:59:43 RAM 4293/15389MB (lfb 1157x4MB) SWAP 0/7694MB (cached 0MB) CPU [50%@883,0%@883,0%@883,0%@883,0%@1190,0%@1190,0%@1190,0%@1190] EMC_FREQ 0% GR3D_FREQ 23% GR3D2_FREQ 23%@0 CV0@55.593C CPU@58.343C SOC2@56.875C SOC0@57.562C CV1@55.781C GPU@56.031C tj@59C SOC1@58.968C CV2@55.875C
08-21-2026 19:59:43 RAM 4293/15389MB (lfb 1157x4MB) SWAP 0/7694MB (cached 0MB) CPU [0%@883,0%@883,50%@883,50%@883,0%@1344,0%@1344,100%@1344,0%@1344] EMC_FREQ 0% GR3D_FREQ 5% GR3D2_FREQ 5%@0 CV0@55.531C CPU@58.437C SOC2@56.781C SOC0@57.531C CV1@55.687C GPU@56.031C tj@58.906C SOC1@58.906C CV2@55.843C
08-21-2026 19:59:43 RAM 4293/15389MB (lfb 1157x4MB) SWAP 0/7694MB (cached 0MB) CPU [0%@1984,0%@1984,0%@1984,0%@1984,0%@1344,0%@1344,50%@1344,0%@1344] EMC_FREQ 0% GR3D_FREQ 5% GR3D2_FREQ 17%@0 CV0@55.75C CPU@58.312C SOC2@56.781C SOC0@57.468C CV1@55.718C GPU@56.187C tj@58.968C SOC1@58.968C CV2@55.843C
08-21-2026 19:59:43 RAM 4293/15389MB (lfb 1157x4MB) SWAP 0/7694MB (cached 0MB) CPU [50%@1984,0%@1984,0%@1984,50%@1984,0%@1344,50%@1344,50%@1344,0%@1344] EMC_FREQ 0% GR3D_FREQ 17% GR3D2_FREQ 17%@0 CV0@55.75C CPU@58.468C SOC2@56.625C SOC0@57.406C CV1@55.656C GPU@56.437C tj@58.968C SOC1@58.968C CV2@55.875C
08-21-2026 19:59:43 RAM 4293/15389MB (lfb 1157x4MB) SWAP 0/7694MB (cached 0MB) CPU [0%@1984,0%@1984,0%@1984,0%@1984,0%@1344,0%@1344,0%@1344,0%@1344] EMC_FREQ 0% GR3D_FREQ 24% GR3D2_FREQ 24%@0 CV0@55.75C CPU@58.343C SOC2@56.687C SOC0@57.5C CV1@55.687C GPU@56.375C tj@58.812C SOC1@58.812C CV2@55.875C
08-21-2026 19:59:43 RAM 4293/15389MB (lfb 1157x4MB) SWAP 0/7694MB (cached 0MB) CPU [0%@1984,0%@1984,50%@1984,0%@1984,0%@1267,0%@1267,0%@1267,0%@1267] EMC_FREQ 0% GR3D_FREQ 0% GR3D2_FREQ 0%@0 CV0@55.656C CPU@58.5C SOC2@56.812C SOC0@57.468C CV1@55.593C GPU@56.156C tj@59.218C SOC1@59.218C CV2@55.812C
08-21-2026 19:59:43 RAM 4293/15389MB (lfb 1157x4MB) SWAP 0/7694MB (cached 0MB) CPU [50%@960,33%@960,0%@960,50%@960,0%@1420,0%@1420,50%@1420,0%@1420] EMC_FREQ 0% GR3D_FREQ 0% GR3D2_FREQ 0%@0 CV0@55.625C CPU@58.406C SOC2@56.656C SOC0@57.625C CV1@55.562C GPU@56.312C tj@59.125C SOC1@59.125C CV2@55.875C
08-21-2026 19:59:43 RAM 4293/15389MB (lfb 1157x4MB) SWAP 0/7694MB (cached 0MB) CPU [50%@1984,0%@1984,0%@1984,50%@1984,0%@1344,0%@1344,0%@1344,0%@1344] EMC_FREQ 0% GR3D_FREQ 22% GR3D2_FREQ 22%@0 CV0@55.562C CPU@58.437C SOC2@56.718C SOC0@57.656C CV1@55.593C GPU@56.062C tj@59C SOC1@59C CV2@55.843C
08-21-2026 19:59:43 RAM 4293/15389MB (lfb 1157x4MB) SWAP 0/7694MB (cached 0MB) CPU [0%@1984,50%@1984,0%@1984,0%@1984,50%@1420,0%@1420,100%@1420,0%@1420] EMC_FREQ 0% GR3D_FREQ 4% GR3D2_FREQ 4%@0 CV0@55.625C CPU@58.531C SOC2@56.812C SOC0@57.5C CV1@55.531C GPU@56.468C tj@58.968C SOC1@58.968C CV2@55.875C
08-21-2026 19:59:43 RAM 4293/15389MB (lfb 1157x4MB) SWAP 0/7694MB (cached 0MB) CPU [0%@806,0%@806,0%@806,0%@806,0%@1420,0%@1420,0%@1420,0%@1420] EMC_FREQ 0% GR3D_FREQ 18% GR3D2_FREQ 18%@0 CV0@55.718C CPU@58.406C SOC2@56.906C SOC0@57.468C CV1@55.718C GPU@56.125C tj@59C SOC1@58.937C CV2@55.906C
08-21-2026 19:59:43 RAM 4294/15389MB (lfb 1157x4MB) SWAP 0/7694MB (cached 0MB) CPU [0%@806,0%@806,50%@806,0%@806,0%@1420,0%@1420,50%@1420,0%@1420] EMC_FREQ 0% GR3D_FREQ 18% GR3D2_FREQ 18%@0 CV0@55.562C CPU@58.343C SOC2@56.781C SOC0@57.593C CV1@55.687C GPU@56.406C tj@58.937C SOC1@58.937C CV2@55.812C
08-21-2026 19:59:43 RAM 4294/15389MB (lfb 1157x4MB) SWAP 0/7694MB (cached 0MB) CPU [0%@1984,0%@1984,0%@1984,0%@1984,0%@1420,0%@1420,0%@1420,0%@1420] EMC_FREQ 0% GR3D_FREQ 23% GR3D2_FREQ 23%@0 CV0@55.531C CPU@58.375C SOC2@56.75C SOC0@57.531C CV1@55.656C GPU@56.343C tj@59C SOC1@59C CV2@55.812C
08-21-2026 19:59:43 RAM 4294/15389MB (lfb 1157x4MB) SWAP 0/7694MB (cached 0MB) CPU [0%@806,0%@806,0%@806,100%@806,0%@1344,0%@1344,100%@1344,0%@1344] EMC_FREQ 0% GR3D_FREQ 0% GR3D2_FREQ 0%@0 CV0@55.656C CPU@58.437C SOC2@56.75C SOC0@57.562C CV1@55.656C GPU@56.031C tj@58.875C SOC1@58.875C CV2@55.812C
08-21-2026 19:59:43 RAM 4293/15389MB (lfb 1157x4MB) SWAP 0/7694MB (cached 0MB) CPU [0%@1984,0%@1984,0%@1984,0%@1984,0%@1420,0%@1420,0%@1420,50%@1420] EMC_FREQ 0% GR3D_FREQ 23% GR3D2_FREQ 23%@0 CV0@55.75C CPU@58.5C SOC2@56.781C SOC0@57.531C CV1@55.625C GPU@56.218C tj@59C SOC1@58.968C CV2@55.843C
08-21-2026 19:59:43 RAM 4293/15389MB (lfb 1157x4MB) SWAP 0/7694MB (cached 0MB) CPU [0%@729,0%@729,0%@729,50%@729,0%@1267,0%@1267,50%@1267,0%@1267] EMC_FREQ 0% GR3D_FREQ 23% GR3D2_FREQ 23%@0 CV0@55.625C CPU@58.531C SOC2@56.718C SOC0@57.531C CV1@55.625C GPU@56.062C tj@58.968C SOC1@58.968C CV2@55.843C
08-21-2026 19:59:44 RAM 4293/15389MB (lfb 1157x4MB) SWAP 0/7694MB (cached 0MB) CPU [50%@1984,0%@1984,0%@1984,50%@1984,0%@1267,0%@1267,100%@1267,0%@1267] EMC_FREQ 0% GR3D_FREQ 4% GR3D2_FREQ 4%@0 CV0@55.593C CPU@58.437C SOC2@56.781C SOC0@57.625C CV1@55.593C GPU@56.468C tj@59.125C SOC1@59.125C CV2@55.812C
08-21-2026 19:59:44 RAM 4293/15389MB (lfb 1157x4MB) SWAP 0/7694MB (cached 0MB) CPU [0%@1984,0%@1984,0%@1984,0%@1984,50%@1344,0%@1344,0%@1344,0%@1344] EMC_FREQ 0% GR3D_FREQ 21% GR3D2_FREQ 21%@0 CV0@55.625C CPU@58.468C SOC2@56.625C SOC0@57.593C CV1@55.531C GPU@56.093C tj@58.968C SOC1@58.968C CV2@55.781C
08-21-2026 19:59:44 RAM 4293/15389MB (lfb 1157x4MB) SWAP 0/7694MB (cached 0MB) CPU [0%@1984,0%@1984,0%@1984,50%@1984,0%@1420,0%@1420,100%@1420,0%@1420] EMC_FREQ 0% GR3D_FREQ 22% GR3D2_FREQ 22%@0 CV0@55.562C CPU@58.5C SOC2@56.75C SOC0@57.625C CV1@55.531C GPU@56.343C tj@59C SOC1@59C CV2@55.968C
08-21-2026 19:59:44 RAM 4293/15389MB (lfb 1157x4MB) SWAP 0/7694MB (cached 0MB) CPU [50%@1984,50%@1984,0%@1984,0%@1984,0%@1267,0%@1267,0%@1267,0%@1267] EMC_FREQ 0% GR3D_FREQ 22% GR3D2_FREQ 22%@0 CV0@55.593C CPU@58.5C SOC2@56.687C SOC0@57.531C CV1@55.531C GPU@56.281C tj@58.937C SOC1@58.937C CV2@55.875C
08-21-2026 19:59:44 RAM 4293/15389MB (lfb 1157x4MB) SWAP 0/7694MB (cached 0MB) CPU [0%@883,0%@883,0%@883,0%@883,0%@1344,0%@1344,50%@1344,0%@1344] EMC_FREQ 0% GR3D_FREQ 0% GR3D2_FREQ 0%@0 CV0@55.531C CPU@58.312C SOC2@56.718C SOC0@57.468C CV1@55.656C GPU@56.125C tj@59.062C SOC1@59.062C CV2@55.906C
08-21-2026 19:59:44 RAM 4293/15389MB (lfb 1157x4MB) SWAP 0/7694MB (cached 0MB) CPU [0%@806,0%@806,0%@806,0%@806,0%@1344,0%@1344,50%@1344,0%@1344] EMC_FREQ 0% GR3D_FREQ 19% GR3D2_FREQ 19%@0 CV0@55.718C CPU@58.562C SOC2@56.843C SOC0@57.562C CV1@55.687C GPU@56.156C tj@58.875C SOC1@58.875C CV2@55.906C
08-21-2026 19:59:44 RAM 4293/15389MB (lfb 1157x4MB) SWAP 0/7694MB (cached 0MB) CPU [0%@729,0%@729,0%@729,0%@729,0%@1344,0%@1344,100%@1344,0%@1344] EMC_FREQ 0% GR3D_FREQ 15% GR3D2_FREQ 15%@0 CV0@55.562C CPU@58.406C SOC2@56.718C SOC0@57.562C CV1@55.718C GPU@56.125C tj@59.031C SOC1@59.031C CV2@55.937C
08-21-2026 19:59:44 RAM 4293/15389MB (lfb 1157x4MB) SWAP 0/7694MB (cached 0MB) CPU [0%@1984,0%@1984,0%@1984,0%@1984,0%@1344,0%@1344,0%@1344,0%@1344] EMC_FREQ 0% GR3D_FREQ 15% GR3D2_FREQ 15%@0 CV0@55.531C CPU@58.5C SOC2@56.687C SOC0@57.5C CV1@55.625C GPU@56.375C tj@58.937C SOC1@58.937C CV2@55.843C
08-21-2026 19:59:44 RAM 4294/15389MB (lfb 1157x4MB) SWAP 0/7694MB (cached 0MB) CPU [0%@1984,0%@1984,0%@1984,100%@1984,0%@1267,0%@1267,0%@1267,50%@1267] EMC_FREQ 0% GR3D_FREQ 7% GR3D2_FREQ 7%@0 CV0@55.625C CPU@58.468C SOC2@56.718C SOC0@57.656C CV1@55.625C GPU@56.031C tj@58.875C SOC1@58.875C CV2@55.75C
08-21-2026 19:59:44 RAM 4294/15389MB (lfb 1157x4MB) SWAP 0/7694MB (cached 0MB) CPU [0%@1984,0%@1984,0%@1984,0%@1984,0%@1267,0%@1267,100%@1267,0%@1267] EMC_FREQ 0% GR3D_FREQ 20% GR3D2_FREQ 20%@0 CV0@55.625C CPU@58.406C SOC2@56.718C SOC0@57.656C CV1@55.562C GPU@56.125C tj@59.031C SOC1@59.031C CV2@55.843C
08-21-2026 19:59:44 RAM 4294/15389MB (lfb 1157x4MB) SWAP 0/7694MB (cached 0MB) CPU [0%@1984,0%@1984,0%@1984,50%@1984,0%@1267,0%@1267,0%@1267,0%@1267] EMC_FREQ 0% GR3D_FREQ 20% GR3D2_FREQ 20%@0 CV0@55.687C CPU@58.437C SOC2@56.625C SOC0@57.531C CV1@55.531C GPU@56.187C tj@59.062C SOC1@59.062C CV2@55.718C
08-21-2026 19:59:44 RAM 4294/15389MB (lfb 1157x4MB) SWAP 0/7694MB (cached 0MB) CPU [0%@729,0%@729,0%@729,0%@729,0%@1420,0%@1420,50%@1420,0%@1420] EMC_FREQ 0% GR3D_FREQ 0% GR3D2_FREQ 0%@0 CV0@55.531C CPU@58.437C SOC2@56.687C SOC0@57.656C CV1@55.562C GPU@56.531C tj@59.062C SOC1@59.062C CV2@55.968C
08-21-2026 19:59:44 RAM 4294/15389MB (lfb 1157x4MB) SWAP 0/7694MB (cached 0MB) CPU [66%@1984,50%@1984,33%@1984,100%@1984,0%@1267,33%@1267,100%@1267,0%@1267] EMC_FREQ 0% GR3D_FREQ 20% GR3D2_FREQ 20%@0 CV0@55.562C CPU@58.406C SOC2@56.562C SOC0@57.562C CV1@55.531C GPU@56.125C tj@58.937C SOC1@58.937C CV2@55.937C
08-21-2026 19:59:44 RAM 4293/15389MB (lfb 1157x4MB) SWAP 0/7694MB (cached 0MB) CPU [0%@1984,0%@1984,0%@1984,50%@1984,0%@1344,0%@1344,50%@1344,0%@1344] EMC_FREQ 0% GR3D_FREQ 19% GR3D2_FREQ 19%@0 CV0@55.625C CPU@58.593C SOC2@56.781C SOC0@57.562C CV1@55.718C GPU@56.437C tj@59.031C SOC1@58.937C CV2@56C
08-21-2026 19:59:44 RAM 4293/15389MB (lfb 1157x4MB) SWAP 0/7694MB (cached 0MB) CPU [0%@1984,0%@1984,0%@1984,0%@1984,0%@1344,0%@1344,0%@1344,0%@1344] EMC_FREQ 0% GR3D_FREQ 19% GR3D2_FREQ 19%@0 CV0@55.562C CPU@58.531C SOC2@56.75C SOC0@57.5C CV1@55.687C GPU@56.312C tj@58.906C SOC1@58.906C CV2@55.812C
08-21-2026 19:59:44 RAM 4293/15389MB (lfb 1157x4MB) SWAP 0/7694MB (cached 0MB) CPU [0%@729,0%@729,0%@729,50%@729,0%@1344,0%@1344,100%@1344,0%@1344] EMC_FREQ 0% GR3D_FREQ 3% GR3D2_FREQ 3%@0 CV0@55.687C CPU@58.625C SOC2@56.812C SOC0@57.531C CV1@55.75C GPU@56.062C tj@59.031C SOC1@59.031C CV2@55.843C
08-21-2026 19:59:44 RAM 4293/15389MB (lfb 1157x4MB) SWAP 0/7694MB (cached 0MB) CPU [0%@806,0%@806,50%@806,100%@806,33%@1420,0%@1420,0%@1420,0%@1420] EMC_FREQ 0% GR3D_FREQ 22% GR3D2_FREQ 22%@0 CV0@55.687C CPU@58.406C SOC2@56.75C SOC0@57.5C CV1@55.562C GPU@56.25C tj@58.937C SOC1@58.968C CV2@55.875C
08-21-2026 19:59:44 RAM 4293/15389MB (lfb 1157x4MB) SWAP 0/7694MB (cached 0MB) CPU [0%@1984,0%@1984,0%@1984,0%@1984,0%@1344,0%@1344,50%@1344,0%@1344] EMC_FREQ 0% GR3D_FREQ 2% GR3D2_FREQ 2%@0 CV0@55.687C CPU@58.562C SOC2@56.75C SOC0@57.656C CV1@55.625C GPU@56.125C tj@58.937C SOC1@58.937C CV2@55.937C
08-21-2026 19:59:44 RAM 4293/15389MB (lfb 1157x4MB) SWAP 0/7694MB (cached 0MB) CPU [0%@883,0%@883,0%@883,0%@883,0%@1420,0%@1420,50%@1420,0%@1420] EMC_FREQ 0% GR3D_FREQ 2% GR3D2_FREQ 2%@0 CV0@55.656C CPU@58.5C SOC2@56.718C SOC0@57.406C CV1@55.531C GPU@56.312C tj@59.187C SOC1@59.187C CV2@55.843C
08-21-2026 19:59:44 RAM 4293/15389MB (lfb 1157x4MB) SWAP 0/7694MB (cached 0MB) CPU [50%@883,0%@883,0%@883,66%@883,0%@1344,0%@1344,100%@1344,0%@1344] EMC_FREQ 0% GR3D_FREQ 20% GR3D2_FREQ 20%@0 CV0@55.625C CPU@58.437C SOC2@56.781C SOC0@57.625C CV1@55.593C GPU@56.343C tj@59.062C SOC1@59.062C CV2@55.812C
08-21-2026 19:59:44 RAM 4293/15389MB (lfb 1157x4MB) SWAP 0/7694MB (cached 0MB) CPU [0%@883,0%@883,0%@883,0%@883,0%@1344,0%@1344,0%@1344,0%@1344] EMC_FREQ 0% GR3D_FREQ 22% GR3D2_FREQ 22%@0 CV0@55.593C CPU@58.406C SOC2@56.656C SOC0@57.531C CV1@55.656C GPU@56.187C tj@58.937C SOC1@58.937C CV2@55.75C
08-21-2026 19:59:44 RAM 4293/15389MB (lfb 1157x4MB) SWAP 0/7694MB (cached 0MB) CPU [0%@1984,0%@1984,0%@1984,0%@1984,0%@1420,0%@1420,100%@1420,0%@1420] EMC_FREQ 0% GR3D_FREQ 0% GR3D2_FREQ 0%@0 CV0@55.531C CPU@58.375C SOC2@56.656C SOC0@57.593C CV1@55.656C GPU@56.25C tj@59.031C SOC1@59.031C CV2@55.812C
08-21-2026 19:59:44 RAM 4293/15389MB (lfb 1157x4MB) SWAP 0/7694MB (cached 0MB) CPU [0%@1984,0%@1984,0%@1984,0%@1984,0%@1344,0%@1344,0%@1344,0%@1344] EMC_FREQ 0% GR3D_FREQ 0% GR3D2_FREQ 0%@0 CV0@55.625C CPU@58.531C SOC2@56.687C SOC0@57.562C CV1@55.531C GPU@56.25C tj@59C SOC1@59C CV2@55.968C
08-21-2026 19:59:44 RAM 4293/15389MB (lfb 1157x4MB) SWAP 0/7694MB (cached 0MB) CPU [33%@1984,0%@1984,33%@1984,50%@1984,0%@1344,0%@1344,0%@1344,50%@1344] EMC_FREQ 0% GR3D_FREQ 23% GR3D2_FREQ 23%@0 CV0@55.562C CPU@58.437C SOC2@56.75C SOC0@57.5C CV1@55.531C GPU@56.437C tj@58.937C SOC1@58.937C CV2@56C
08-21-2026 19:59:44 RAM 4293/15389MB (lfb 1157x4MB) SWAP 0/7694MB (cached 0MB) CPU [0%@1984,50%@1984,0%@1984,0%@1984,0%@1344,0%@1344,100%@1344,0%@1344] EMC_FREQ 0% GR3D_FREQ 19% GR3D2_FREQ 19%@0 CV0@55.531C CPU@58.593C SOC2@56.75C SOC0@57.562C CV1@55.781C GPU@56.156C tj@58.937C SOC1@58.937C CV2@55.906C
08-21-2026 19:59:44 RAM 4293/15389MB (lfb 1157x4MB) SWAP 0/7694MB (cached 0MB) CPU [50%@1984,0%@1984,0%@1984,0%@1984,33%@1344,0%@1344,0%@1344,0%@1344] EMC_FREQ 0% GR3D_FREQ 0% GR3D2_FREQ 0%@0 CV0@55.656C CPU@58.593C SOC2@56.781C SOC0@57.468C CV1@55.625C GPU@56.343C tj@58.937C SOC1@58.937C CV2@55.968C
08-21-2026 19:59:44 RAM 4293/15389MB (lfb 1157x4MB) SWAP 0/7694MB (cached 0MB) CPU [0%@806,0%@806,0%@806,0%@806,0%@1420,0%@1420,50%@1420,0%@1420] EMC_FREQ 0% GR3D_FREQ 0% GR3D2_FREQ 0%@0 CV0@55.656C CPU@58.406C SOC2@56.812C SOC0@57.562C CV1@55.625C GPU@56.25C tj@59C SOC1@59C CV2@55.781C
08-21-2026 19:59:44 RAM 4294/15389MB (lfb 1157x4MB) SWAP 0/7694MB (cached 0MB) CPU [0%@1984,50%@1984,0%@1984,50%@1984,0%@1267,0%@1267,0%@1267,0%@1267] EMC_FREQ 0% GR3D_FREQ 22% GR3D2_FREQ 22%@0 CV0@55.562C CPU@58.593C SOC2@56.687C SOC0@57.437C CV1@55.562C GPU@56.093C tj@58.968C SOC1@58.968C CV2@55.875C
08-21-2026 19:59:44 RAM 4294/15389MB (lfb 1156x4MB) SWAP 0/7694MB (cached 0MB) CPU [0%@729,0%@729,0%@729,0%@729,0%@1420,0%@1420,100%@1420,0%@1420] EMC_FREQ 0% GR3D_FREQ 2% GR3D2_FREQ 2%@0 CV0@55.562C CPU@58.531C SOC2@56.656C SOC0@57.656C CV1@55.593C GPU@56.156C tj@59.218C SOC1@59.218C CV2@55.843C
08-21-2026 19:59:44 RAM 4294/15389MB (lfb 1156x4MB) SWAP 0/7694MB (cached 0MB) CPU [100%@1036,0%@1036,0%@1036,0%@1036,0%@1344,0%@1344,50%@1344,0%@1344] EMC_FREQ 0% GR3D_FREQ 20% GR3D2_FREQ 20%@0 CV0@55.562C CPU@58.5C SOC2@56.656C SOC0@57.625C CV1@55.562C GPU@56.031C tj@59.093C SOC1@59.125C CV2@55.718C
08-21-2026 19:59:44 RAM 4294/15389MB (lfb 1156x4MB) SWAP 0/7694MB (cached 0MB) CPU [50%@960,0%@960,0%@960,0%@960,0%@1344,50%@1344,100%@1344,0%@1344] EMC_FREQ 0% GR3D_FREQ 20% GR3D2_FREQ 20%@0 CV0@55.625C CPU@58.406C SOC2@56.687C SOC0@57.593C CV1@55.593C GPU@56.437C tj@59.031C SOC1@59.031C CV2@55.75C
08-21-2026 19:59:44 RAM 4294/15389MB (lfb 1156x4MB) SWAP 0/7694MB (cached 0MB) CPU [0%@1984,0%@1984,0%@1984,0%@1984,50%@1420,0%@1420,0%@1420,0%@1420] EMC_FREQ 0% GR3D_FREQ 23% GR3D2_FREQ 23%@0 CV0@55.531C CPU@58.437C SOC2@56.718C SOC0@57.656C CV1@55.531C GPU@56.062C tj@58.937C SOC1@58.937C CV2@55.937C
08-21-2026 19:59:44 RAM 4294/15389MB (lfb 1156x4MB) SWAP 0/7694MB (cached 0MB) CPU [50%@1036,0%@1036,0%@1036,0%@1036,0%@1344,0%@1344,0%@1344,0%@1344] EMC_FREQ 0% GR3D_FREQ 0% GR3D2_FREQ 0%@0 CV0@55.562C CPU@58.562C SOC2@56.843C SOC0@57.531C CV1@55.562C GPU@56.25C tj@58.937C SOC1@58.968C CV2@55.906C
08-21-2026 19:59:44 RAM 4294/15389MB (lfb 1156x4MB) SWAP 0/7694MB (cached 0MB) CPU [0%@1190,0%@1190,0%@1190,0%@1190,0%@1344,0%@1344,50%@1344,50%@1344] EMC_FREQ 0% GR3D_FREQ 0% GR3D2_FREQ 22%@0 CV0@55.593C CPU@58.562C SOC2@56.812C SOC0@57.593C CV1@55.718C GPU@56.218C tj@58.937C SOC1@58.937C CV2@55.906C
08-21-2026 19:59:44 RAM 4294/15389MB (lfb 1156x4MB) SWAP 0/7694MB (cached 0MB) CPU [50%@1984,0%@1984,0%@1984,50%@1984,0%@1344,0%@1344,0%@1344,0%@1344] EMC_FREQ 0% GR3D_FREQ 22% GR3D2_FREQ 22%@0 CV0@55.562C CPU@58.593C SOC2@56.75C SOC0@57.5C CV1@55.687C GPU@56.093C tj@59.062C SOC1@59.062C CV2@55.843C
08-21-2026 19:59:44 RAM 4294/15389MB (lfb 1156x4MB) SWAP 0/7694MB (cached 0MB) CPU [0%@1984,50%@1984,0%@1984,0%@1984,0%@1420,0%@1420,50%@1420,0%@1420] EMC_FREQ 0% GR3D_FREQ 6% GR3D2_FREQ 6%@0 CV0@55.718C CPU@58.562C SOC2@56.718C SOC0@57.531C CV1@55.625C GPU@56.25C tj@58.937C SOC1@58.937C CV2@55.937C
08-21-2026 19:59:44 RAM 4294/15389MB (lfb 1156x4MB) SWAP 0/7694MB (cached 0MB) CPU [0%@1036,0%@1036,0%@1036,0%@1036,0%@1190,0%@1190,0%@1190,0%@1190] EMC_FREQ 0% GR3D_FREQ 16% GR3D2_FREQ 16%@0 CV0@55.687C CPU@58.5C SOC2@56.875C SOC0@57.718C CV1@55.656C GPU@56.437C tj@58.875C SOC1@58.875C CV2@55.781C
08-21-2026 19:59:44 RAM 4294/15389MB (lfb 1156x4MB) SWAP 0/7694MB (cached 0MB) CPU [50%@1036,0%@1036,0%@1036,0%@1036,0%@1420,0%@1420,100%@1420,0%@1420] EMC_FREQ 0% GR3D_FREQ 16% GR3D2_FREQ 16%@0 CV0@55.593C CPU@58.437C SOC2@56.906C SOC0@57.75C CV1@55.625C GPU@56.281C tj@59.187C SOC1@59.187C CV2@55.812C
08-21-2026 19:59:44 RAM 4294/15389MB (lfb 1156x4MB) SWAP 0/7694MB (cached 0MB) CPU [100%@1036,0%@1036,0%@1036,0%@1036,0%@1420,0%@1420,0%@1420,0%@1420] EMC_FREQ 0% GR3D_FREQ 22% GR3D2_FREQ 22%@0 CV0@55.656C CPU@58.468C SOC2@56.718C SOC0@57.531C CV1@55.562C GPU@56.125C tj@59.093C SOC1@59.093C CV2@55.906C
08-21-2026 19:59:44 RAM 4294/15389MB (lfb 1156x4MB) SWAP 0/7694MB (cached 0MB) CPU [50%@960,0%@960,0%@960,0%@960,0%@1420,0%@1420,0%@1420,0%@1420] EMC_FREQ 0% GR3D_FREQ 0% GR3D2_FREQ 0%@0 CV0@55.687C CPU@58.375C SOC2@56.687C SOC0@57.531C CV1@55.562C GPU@56.281C tj@59C SOC1@59C CV2@55.906C
08-21-2026 19:59:44 RAM 4294/15389MB (lfb 1156x4MB) SWAP 0/7694MB (cached 0MB) CPU [50%@1984,0%@1984,0%@1984,0%@1984,0%@1267,0%@1267,100%@1267,0%@1267] EMC_FREQ 0% GR3D_FREQ 23% GR3D2_FREQ 23%@0 CV0@55.687C CPU@58.312C SOC2@56.843C SOC0@57.5C CV1@55.593C GPU@56.031C tj@59.093C SOC1@59.093C CV2@55.906C
08-21-2026 19:59:44 RAM 4294/15389MB (lfb 1156x4MB) SWAP 0/7694MB (cached 0MB) CPU [0%@1984,0%@1984,0%@1984,50%@1984,0%@1267,0%@1267,50%@1267,0%@1267] EMC_FREQ 0% GR3D_FREQ 23% GR3D2_FREQ 23%@0 CV0@55.625C CPU@58.718C SOC2@56.812C SOC0@57.562C CV1@55.75C GPU@56.437C tj@59.031C SOC1@59.031C CV2@56.031C
08-21-2026 19:59:44 RAM 4294/15389MB (lfb 1156x4MB) SWAP 0/7694MB (cached 0MB) CPU [0%@960,0%@960,0%@960,0%@960,0%@1344,0%@1344,0%@1344,0%@1344] EMC_FREQ 0% GR3D_FREQ 17% GR3D2_FREQ 17%@0 CV0@55.562C CPU@58.656C SOC2@56.625C SOC0@57.468C CV1@55.687C GPU@56.093C tj@59C SOC1@59C CV2@55.875C
08-21-2026 19:59:44 RAM 4294/15389MB (lfb 1156x4MB) SWAP 0/7694MB (cached 0MB) CPU [0%@960,0%@960,0%@960,0%@960,0%@1344,0%@1344,100%@1344,0%@1344] EMC_FREQ 0% GR3D_FREQ 2% GR3D2_FREQ 2%@0 CV0@55.593C CPU@58.593C SOC2@56.593C SOC0@57.437C CV1@55.687C GPU@56.343C tj@58.843C SOC1@58.843C CV2@55.875C
08-21-2026 19:59:44 RAM 4294/15389MB (lfb 1156x4MB) SWAP 0/7694MB (cached 0MB) CPU [0%@806,0%@806,0%@806,0%@806,0%@1420,0%@1420,0%@1420,0%@1420] EMC_FREQ 0% GR3D_FREQ 22% GR3D2_FREQ 22%@0 CV0@55.718C CPU@58.593C SOC2@56.812C SOC0@57.531C CV1@55.656C GPU@56.187C tj@58.906C SOC1@58.906C CV2@55.968C
08-21-2026 19:59:44 RAM 4294/15389MB (lfb 1156x4MB) SWAP 0/7694MB (cached 0MB) CPU [0%@729,0%@729,50%@729,0%@729,0%@1344,0%@1344,50%@1344,0%@1344] EMC_FREQ 0% GR3D_FREQ 22% GR3D2_FREQ 22%@0 CV0@55.687C CPU@58.625C SOC2@56.687C SOC0@57.5C CV1@55.593C GPU@56.125C tj@59C SOC1@59C CV2@55.843C
08-21-2026 19:59:44 RAM 4294/15389MB (lfb 1156x4MB) SWAP 0/7694MB (cached 0MB) CPU [0%@883,0%@1984,50%@1984,50%@1984,0%@1420,0%@1420,0%@1420,0%@1420] EMC_FREQ 0% GR3D_FREQ 0% GR3D2_FREQ 0%@0 CV0@55.593C CPU@58.531C SOC2@56.812C SOC0@57.5C CV1@55.562C GPU@56.218C tj@59.187C SOC1@59.187C CV2@55.812C
08-21-2026 19:59:44 RAM 4294/15389MB (lfb 1156x4MB) SWAP 0/7694MB (cached 0MB) CPU [50%@806,0%@806,33%@806,50%@806,0%@1190,0%@1190,50%@1190,0%@1190] EMC_FREQ 0% GR3D_FREQ 19% GR3D2_FREQ 19%@0 CV0@55.718C CPU@58.562C SOC2@56.625C SOC0@57.5C CV1@55.562C GPU@56.187C tj@59.093C SOC1@59.093C CV2@55.781C
08-21-2026 19:59:44 RAM 4294/15389MB (lfb 1156x4MB) SWAP 0/7694MB (cached 0MB) CPU [0%@1984,50%@1984,0%@1984,0%@1984,0%@1420,0%@1420,0%@1420,0%@1420] EMC_FREQ 0% GR3D_FREQ 22% GR3D2_FREQ 22%@0 CV0@55.593C CPU@58.406C SOC2@56.656C SOC0@57.562C CV1@55.593C GPU@56.468C tj@59.125C SOC1@59.125C CV2@55.812C
08-21-2026 19:59:44 RAM 4294/15389MB (lfb 1156x4MB) SWAP 0/7694MB (cached 0MB) CPU [0%@883,0%@883,0%@883,50%@883,0%@1190,0%@1190,50%@1190,0%@1190] EMC_FREQ 0% GR3D_FREQ 22% GR3D2_FREQ 22%@0 CV0@55.531C CPU@58.406C SOC2@56.625C SOC0@57.437C CV1@55.5C GPU@56.031C tj@59.031C SOC1@59.031C CV2@56.093C
08-21-2026 19:59:44 RAM 4294/15389MB (lfb 1156x4MB) SWAP 0/7694MB (cached 0MB) CPU [0%@729,0%@729,0%@729,0%@729,0%@1420,0%@1420,0%@1420,0%@1420] EMC_FREQ 0% GR3D_FREQ 0% GR3D2_FREQ 0%@0 CV0@55.625C CPU@58.281C SOC2@56.781C SOC0@57.5C CV1@55.593C GPU@56.25C tj@59C SOC1@59C CV2@56C
08-21-2026 19:59:44 RAM 4294/15389MB (lfb 1156x4MB) SWAP 0/7694MB (cached 0MB) CPU [0%@1984,0%@1984,0%@1984,50%@1984,50%@1420,0%@1420,0%@1420,0%@1420] EMC_FREQ 0% GR3D_FREQ 22% GR3D2_FREQ 22%@0 CV0@55.562C CPU@58.781C SOC2@56.812C SOC0@57.593C CV1@55.718C GPU@56.25C tj@59.062C SOC1@59.062C CV2@55.968C
08-21-2026 19:59:44 RAM 4294/15389MB (lfb 1156x4MB) SWAP 0/7694MB (cached 0MB) CPU [50%@883,0%@883,0%@883,50%@883,0%@1344,0%@1344,100%@1344,0%@1344] EMC_FREQ 0% GR3D_FREQ 22% GR3D2_FREQ 22%@0 CV0@55.531C CPU@58.656C SOC2@56.781C SOC0@57.5C CV1@55.687C GPU@56C tj@59C SOC1@59C CV2@55.812C
08-21-2026 19:59:44 RAM 4294/15389MB (lfb 1156x4MB) SWAP 0/7694MB (cached 0MB) CPU [0%@1984,0%@1984,0%@1984,50%@1984,0%@1344,0%@1344,0%@1344,0%@1344] EMC_FREQ 0% GR3D_FREQ 12% GR3D2_FREQ 12%@0 CV0@55.656C CPU@58.656C SOC2@56.625C SOC0@57.531C CV1@55.593C GPU@56.156C tj@59.062C SOC1@59.062C CV2@55.843C
08-21-2026 19:59:44 RAM 4294/15389MB (lfb 1156x4MB) SWAP 0/7694MB (cached 0MB) CPU [0%@1984,0%@1984,0%@1984,0%@1984,0%@1420,0%@1420,0%@1420,0%@1420] EMC_FREQ 0% GR3D_FREQ 10% GR3D2_FREQ 10%@0 CV0@55.687C CPU@58.531C SOC2@56.656C SOC0@57.531C CV1@55.531C GPU@56.156C tj@58.937C SOC1@58.937C CV2@55.843C
08-21-2026 19:59:44 RAM 4294/15389MB (lfb 1156x4MB) SWAP 0/7694MB (cached 0MB) CPU [0%@806,0%@806,0%@806,100%@806,0%@1344,0%@1344,50%@1344,0%@1344] EMC_FREQ 0% GR3D_FREQ 20% GR3D2_FREQ 20%@0 CV0@55.593C CPU@58.562C SOC2@56.687C SOC0@57.468C CV1@55.656C GPU@56.375C tj@58.937C SOC1@58.937C CV2@55.812C
08-21-2026 19:59:44 RAM 4294/15389MB (lfb 1156x4MB) SWAP 0/7694MB (cached 0MB) CPU [50%@1984,0%@1984,0%@1984,0%@1984,0%@1344,0%@1344,100%@1344,0%@1344] EMC_FREQ 0% GR3D_FREQ 20% GR3D2_FREQ 20%@0 CV0@55.562C CPU@58.531C SOC2@56.687C SOC0@57.531C CV1@55.593C GPU@56.281C tj@59.218C SOC1@59.218C CV2@55.875C
08-21-2026 19:59:44 RAM 4294/15389MB (lfb 1156x4MB) SWAP 0/7694MB (cached 0MB) CPU [0%@1984,0%@1984,0%@1984,50%@1984,0%@1420,0%@1420,0%@1420,0%@1420] EMC_FREQ 0% GR3D_FREQ 2% GR3D2_FREQ 2%@0 CV0@55.781C CPU@58.375C SOC2@56.75C SOC0@57.562C CV1@55.593C GPU@56C tj@59.218C SOC1@59.218C CV2@55.812C
08-21-2026 19:59:44 RAM 4294/15389MB (lfb 1156x4MB) SWAP 0/7694MB (cached 0MB) CPU [0%@1984,0%@1984,0%@1984,0%@1984,0%@1267,0%@1267,50%@1267,0%@1267] EMC_FREQ 0% GR3D_FREQ 18% GR3D2_FREQ 18%@0 CV0@55.625C CPU@58.406C SOC2@56.718C SOC0@57.5C CV1@55.593C GPU@56.187C tj@58.937C SOC1@59.062C CV2@55.843C
08-21-2026 19:59:44 RAM 4294/15389MB (lfb 1156x4MB) SWAP 0/7694MB (cached 0MB) CPU [0%@729,50%@729,0%@729,0%@729,50%@1497,0%@1497,100%@1497,0%@1497] EMC_FREQ 0% GR3D_FREQ 22% GR3D2_FREQ 22%@0 CV0@55.5C CPU@58.375C SOC2@56.656C SOC0@57.562C CV1@55.531C GPU@56.468C tj@59.031C SOC1@59.031C CV2@55.843C
08-21-2026 19:59:44 RAM 4294/15389MB (lfb 1156x4MB) SWAP 0/7694MB (cached 0MB) CPU [0%@806,50%@806,0%@806,100%@806,0%@1344,0%@1344,0%@1344,50%@1344] EMC_FREQ 0% GR3D_FREQ 22% GR3D2_FREQ 22%@0 CV0@55.562C CPU@58.406C SOC2@56.625C SOC0@57.593C CV1@55.562C GPU@56.375C tj@58.968C SOC1@58.968C CV2@55.968C
08-21-2026 19:59:44 RAM 4294/15389MB (lfb 1156x4MB) SWAP 0/7694MB (cached 0MB) CPU [0%@960,50%@960,33%@960,50%@960,0%@1497,50%@1497,0%@1497,0%@1497] EMC_FREQ 0% GR3D_FREQ 0% GR3D2_FREQ 0%@0 CV0@55.562C CPU@58.375C SOC2@56.781C SOC0@57.562C CV1@55.625C GPU@56.156C tj@59C SOC1@59C CV2@55.875C
08-21-2026 19:59:44 RAM 4294/15389MB (lfb 1156x4MB) SWAP 0/7694MB (cached 0MB) CPU [50%@960,0%@960,0%@960,50%@960,0%@1497,0%@1497,0%@1344,0%@1344] EMC_FREQ 0% GR3D_FREQ 23% GR3D2_FREQ 23%@0 CV0@55.593C CPU@58.812C SOC2@56.687C SOC0@57.468C CV1@55.718C GPU@56.156C tj@58.968C SOC1@58.968C CV2@55.968C
08-21-2026 19:59:44 RAM 4294/15389MB (lfb 1156x4MB) SWAP 0/7694MB (cached 0MB) CPU [0%@960,0%@960,0%@960,0%@960,0%@1574,0%@1574,0%@1574,0%@1574] EMC_FREQ 0% GR3D_FREQ 16% GR3D2_FREQ 16%@0 CV0@55.562C CPU@58.718C SOC2@56.75C SOC0@57.531C CV1@55.781C GPU@56.25C tj@59C SOC1@59C CV2@55.875C
08-21-2026 19:59:44 RAM 4294/15389MB (lfb 1156x4MB) SWAP 0/7694MB (cached 0MB) CPU [0%@1984,0%@1984,0%@1984,0%@1984,0%@1497,0%@1497,0%@1497,50%@1497] EMC_FREQ 0% GR3D_FREQ 6% GR3D2_FREQ 6%@0 CV0@55.593C CPU@58.531C SOC2@56.843C SOC0@57.593C CV1@55.75C GPU@56.062C tj@58.968C SOC1@58.968C CV2@55.937C
08-21-2026 19:59:44 RAM 4294/15389MB (lfb 1156x4MB) SWAP 0/7694MB (cached 0MB) CPU [50%@1036,0%@1036,0%@1036,50%@1036,0%@1497,0%@1497,0%@1497,0%@1497] EMC_FREQ 0% GR3D_FREQ 6% GR3D2_FREQ 6%@0 CV0@55.718C CPU@58.531C SOC2@56.687C SOC0@57.375C CV1@55.593C GPU@56.406C tj@58.812C SOC1@58.812C CV2@55.781C
08-21-2026 19:59:44 RAM 4294/15389MB (lfb 1156x4MB) SWAP 0/7694MB (cached 0MB) CPU [0%@1984,0%@1984,0%@1984,0%@1984,50%@1497,0%@1497,0%@1497,0%@1497] EMC_FREQ 0% GR3D_FREQ 23% GR3D2_FREQ 23%@0 CV0@55.687C CPU@58.5C SOC2@56.781C SOC0@57.5C CV1@55.687C GPU@56.156C tj@59.187C SOC1@59.187C CV2@55.906C
08-21-2026 19:59:44 RAM 4294/15389MB (lfb 1156x4MB) SWAP 0/7694MB (cached 0MB) CPU [0%@806,50%@806,0%@806,0%@806,0%@1420,0%@1420,50%@1497,50%@1497] EMC_FREQ 0% GR3D_FREQ 0% GR3D2_FREQ 0%@0 CV0@55.593C CPU@58.531C SOC2@56.75C SOC0@57.531C CV1@55.593C GPU@56.312C tj@59.156C SOC1@59.156C CV2@55.781C
08-21-2026 19:59:44 RAM 4294/15389MB (lfb 1156x4MB) SWAP 0/7694MB (cached 0MB) CPU [0%@1984,0%@1984,0%@1984,50%@1984,0%@1420,0%@1420,0%@1420,0%@1420] EMC_FREQ 0% GR3D_FREQ 0% GR3D2_FREQ 0%@0 CV0@55.562C CPU@58.312C SOC2@56.75C SOC0@57.531C CV1@55.593C GPU@56.093C tj@58.937C SOC1@58.937C CV2@55.812C
08-21-2026 19:59:44 RAM 4294/15389MB (lfb 1156x4MB) SWAP 0/7694MB (cached 0MB) CPU [50%@1984,0%@1984,50%@1984,0%@1984,0%@1344,0%@1344,0%@1344,100%@1344] EMC_FREQ 0% GR3D_FREQ 22% GR3D2_FREQ 22%@0 CV0@55.562C CPU@58.406C SOC2@56.812C SOC0@57.562C CV1@55.593C GPU@56.031C tj@58.968C SOC1@58.968C CV2@55.812C
08-21-2026 19:59:44 RAM 4294/15389MB (lfb 1156x4MB) SWAP 0/7694MB (cached 0MB) CPU [0%@1984,0%@1984,0%@1984,50%@1984,0%@1344,0%@1344,0%@1344,0%@1344] EMC_FREQ 0% GR3D_FREQ 19% GR3D2_FREQ 19%@0 CV0@55.593C CPU@58.468C SOC2@56.687C SOC0@57.531C CV1@55.562C GPU@56.187C tj@59.031C SOC1@59.031C CV2@56C
08-21-2026 19:59:44 RAM 4294/15389MB (lfb 1156x4MB) SWAP 0/7694MB (cached 0MB) CPU [0%@883,0%@883,0%@883,0%@883,0%@1420,0%@1420,0%@1420,50%@1420] EMC_FREQ 0% GR3D_FREQ 0% GR3D2_FREQ 0%@0 CV0@55.656C CPU@58.406C SOC2@56.75C SOC0@57.5C CV1@55.625C GPU@56.5C tj@58.937C SOC1@58.937C CV2@55.968C
08-21-2026 19:59:44 RAM 4294/15389MB (lfb 1156x4MB) SWAP 0/7694MB (cached 0MB) CPU [0%@883,0%@883,0%@883,50%@883,0%@1344,0%@1344,0%@1344,0%@1344] EMC_FREQ 0% GR3D_FREQ 0% GR3D2_FREQ 0%@0 CV0@55.531C CPU@58.687C SOC2@56.718C SOC0@57.531C CV1@55.75C GPU@56.375C tj@59C SOC1@59C CV2@55.875C
08-21-2026 19:59:44 RAM 4294/15389MB (lfb 1156x4MB) SWAP 0/7694MB (cached 0MB) CPU [50%@883,0%@883,0%@883,0%@883,0%@1344,0%@1344,0%@1344,50%@1344] EMC_FREQ 0% GR3D_FREQ 23% GR3D2_FREQ 23%@0 CV0@55.593C CPU@58.718C SOC2@56.718C SOC0@57.531C CV1@55.656C GPU@56.093C tj@59.062C SOC1@59.062C CV2@55.937C
08-21-2026 19:59:44 RAM 4294/15389MB (lfb 1156x4MB) SWAP 0/7694MB (cached 0MB) CPU [0%@960,0%@960,0%@960,50%@960,0%@1497,0%@1497,0%@1497,50%@1497] EMC_FREQ 0% GR3D_FREQ 19% GR3D2_FREQ 19%@0 CV0@55.625C CPU@58.656C SOC2@56.781C SOC0@57.562C CV1@55.687C GPU@56.187C tj@59.031C SOC1@59.031C CV2@55.812C
08-21-2026 19:59:44 RAM 4294/15389MB (lfb 1156x4MB) SWAP 0/7694MB (cached 0MB) CPU [0%@1984,0%@1984,0%@1984,0%@1984,0%@1420,0%@1420,0%@1420,0%@1420] EMC_FREQ 0% GR3D_FREQ 3% GR3D2_FREQ 3%@0 CV0@55.718C CPU@58.562C SOC2@56.812C SOC0@57.468C CV1@55.687C GPU@56.312C tj@58.843C SOC1@58.843C CV2@55.906C
08-21-2026 19:59:44 RAM 4294/15389MB (lfb 1156x4MB) SWAP 0/7694MB (cached 0MB) CPU [0%@806,50%@806,0%@806,0%@806,50%@1420,0%@1420,0%@1420,50%@1420] EMC_FREQ 0% GR3D_FREQ 3% GR3D2_FREQ 3%@0 CV0@55.593C CPU@58.406C SOC2@56.812C SOC0@57.593C CV1@55.625C GPU@56.031C tj@59C SOC1@59C CV2@55.843C
08-21-2026 19:59:45 RAM 4294/15389MB (lfb 1156x4MB) SWAP 0/7694MB (cached 0MB) CPU [50%@1984,0%@1984,0%@1984,0%@1984,0%@1267,50%@1267,0%@1267,0%@1267] EMC_FREQ 0% GR3D_FREQ 25% GR3D2_FREQ 25%@0 CV0@55.625C CPU@58.375C SOC2@56.781C SOC0@57.656C CV1@55.593C GPU@56.125C tj@59.218C SOC1@59.218C CV2@55.781C
08-21-2026 19:59:45 RAM 4294/15389MB (lfb 1156x4MB) SWAP 0/7694MB (cached 0MB) CPU [50%@1984,0%@1984,0%@1984,0%@1984,100%@1497,0%@1497,0%@1497,0%@1497] EMC_FREQ 0% GR3D_FREQ 4% GR3D2_FREQ 4%@0 CV0@55.625C CPU@58.5C SOC2@56.718C SOC0@57.593C CV1@55.687C GPU@56.406C tj@59.062C SOC1@59.062C CV2@55.843C
08-21-2026 19:59:45 RAM 4294/15389MB (lfb 1156x4MB) SWAP 0/7694MB (cached 0MB) CPU [0%@1984,0%@1984,0%@1984,100%@1984,0%@1267,0%@1267,50%@1267,0%@1267] EMC_FREQ 0% GR3D_FREQ 18% GR3D2_FREQ 18%@0 CV0@55.625C CPU@58.343C SOC2@56.75C SOC0@57.531C CV1@55.625C GPU@56.25C tj@59C SOC1@59C CV2@55.968C
08-21-2026 19:59:45 RAM 4294/15389MB (lfb 1156x4MB) SWAP 0/7694MB (cached 0MB) CPU [0%@1984,0%@729,0%@729,50%@729,100%@1344,0%@1344,0%@1344,0%@1344] EMC_FREQ 0% GR3D_FREQ 18% GR3D2_FREQ 18%@0 CV0@55.593C CPU@58.468C SOC2@56.843C SOC0@57.531C CV1@55.656C GPU@56.156C tj@59C SOC1@59C CV2@55.968C
08-21-2026 19:59:45 RAM 4294/15389MB (lfb 1156x4MB) SWAP 0/7694MB (cached 0MB) CPU [0%@806,0%@806,0%@806,0%@806,50%@1267,0%@1267,0%@1267,0%@1267] EMC_FREQ 0% GR3D_FREQ 22% GR3D2_FREQ 22%@0 CV0@55.531C CPU@58.375C SOC2@56.843C SOC0@57.531C CV1@55.75C GPU@56.156C tj@59C SOC1@59C CV2@55.812C
08-21-2026 19:59:45 RAM 4294/15389MB (lfb 1156x4MB) SWAP 0/7694MB (cached 0MB) CPU [0%@1984,0%@1984,50%@1984,50%@1984,50%@1344,0%@1344,0%@1344,0%@1344] EMC_FREQ 0% GR3D_FREQ 0% GR3D2_FREQ 0%@0 CV0@55.593C CPU@58.812C SOC2@56.781C SOC0@57.562C CV1@55.75C GPU@56.218C tj@58.906C SOC1@58.906C CV2@55.968C
08-21-2026 19:59:45 RAM 4294/15389MB (lfb 1156x4MB) SWAP 0/7694MB (cached 0MB) CPU [0%@1984,0%@1984,0%@1984,0%@1984,0%@1267,0%@1267,0%@1267,0%@1267] EMC_FREQ 0% GR3D_FREQ 0% GR3D2_FREQ 19%@0 CV0@55.75C CPU@58.75C SOC2@56.687C SOC0@57.531C CV1@55.718C GPU@56.468C tj@58.906C SOC1@58.906C CV2@55.906C
08-21-2026 19:59:45 RAM 4294/15389MB (lfb 1156x4MB) SWAP 0/7694MB (cached 0MB) CPU [0%@729,0%@729,0%@729,50%@729,100%@1344,0%@1344,0%@1344,0%@1344] EMC_FREQ 0% GR3D_FREQ 19% GR3D2_FREQ 19%@0 CV0@55.718C CPU@58.562C SOC2@56.656C SOC0@57.5C CV1@55.625C GPU@56.093C tj@58.875C SOC1@58.875C CV2@55.937C
08-21-2026 19:59:45 RAM 4294/15389MB (lfb 1156x4MB) SWAP 0/7694MB (cached 0MB) CPU [0%@806,0%@806,0%@806,0%@806,50%@1344,0%@1344,0%@1344,0%@1344] EMC_FREQ 0% GR3D_FREQ 19% GR3D2_FREQ 19%@0 CV0@55.656C CPU@58.718C SOC2@56.718C SOC0@57.656C CV1@55.687C GPU@56.156C tj@58.906C SOC1@58.906C CV2@55.875C
08-21-2026 19:59:45 RAM 4294/15389MB (lfb 1156x4MB) SWAP 0/7694MB (cached 0MB) CPU [0%@806,0%@806,0%@806,50%@806,50%@1267,0%@1267,0%@1267,0%@1267] EMC_FREQ 0% GR3D_FREQ 3% GR3D2_FREQ 3%@0 CV0@55.656C CPU@58.343C SOC2@56.718C SOC0@57.718C CV1@55.718C GPU@56.281C tj@59.031C SOC1@59.031C CV2@55.75C
08-21-2026 19:59:45 RAM 4294/15389MB (lfb 1156x4MB) SWAP 0/7694MB (cached 0MB) CPU [0%@883,0%@883,0%@883,50%@883,100%@1420,0%@1420,0%@1420,0%@1420] EMC_FREQ 0% GR3D_FREQ 3% GR3D2_FREQ 22%@0 CV0@55.687C CPU@58.375C SOC2@56.687C SOC0@57.531C CV1@55.625C GPU@56.031C tj@59.125C SOC1@59.125C CV2@55.937C
08-21-2026 19:59:45 RAM 4294/15389MB (lfb 1156x4MB) SWAP 0/7694MB (cached 0MB) CPU [0%@1984,0%@1984,0%@1984,0%@1984,0%@1267,0%@1267,0%@1267,0%@1267] EMC_FREQ 0% GR3D_FREQ 22% GR3D2_FREQ 22%@0 CV0@55.531C CPU@58.375C SOC2@56.625C SOC0@57.625C CV1@55.625C GPU@56.031C tj@58.968C SOC1@58.968C CV2@55.906C
08-21-2026 19:59:45 RAM 4294/15389MB (lfb 1156x4MB) SWAP 0/7694MB (cached 0MB) CPU [0%@1984,0%@1984,0%@1984,100%@1984,50%@1420,0%@1420,50%@1420,0%@1420] EMC_FREQ 0% GR3D_FREQ 2% GR3D2_FREQ 2%@0 CV0@55.562C CPU@58.343C SOC2@56.75C SOC0@57.531C CV1@55.625C GPU@56.218C tj@59.093C SOC1@59.093C CV2@55.968C
08-21-2026 19:59:45 RAM 4294/15389MB (lfb 1156x4MB) SWAP 0/7694MB (cached 0MB) CPU [0%@883,0%@883,0%@883,0%@1984,0%@1344,0%@1344,0%@1344,0%@1344] EMC_FREQ 0% GR3D_FREQ 21% GR3D2_FREQ 21%@0 CV0@55.562C CPU@58.375C SOC2@56.875C SOC0@57.562C CV1@55.656C GPU@56.25C tj@58.968C SOC1@58.968C CV2@55.968C
08-21-2026 19:59:45 RAM 4294/15389MB (lfb 1156x4MB) SWAP 0/7694MB (cached 0MB) CPU [50%@883,50%@883,0%@883,50%@883,100%@1497,0%@1497,0%@1497,0%@1497] EMC_FREQ 0% GR3D_FREQ 21% GR3D2_FREQ 21%@0 CV0@55.593C CPU@58.343C SOC2@56.781C SOC0@57.625C CV1@55.75C GPU@56.062C tj@59.062C SOC1@59.062C CV2@55.906C
08-21-2026 19:59:45 RAM 4294/15389MB (lfb 1156x4MB) SWAP 0/7694MB (cached 0MB) CPU [50%@806,0%@806,33%@806,100%@806,0%@1267,0%@1267,0%@1267,0%@1267] EMC_FREQ 0% GR3D_FREQ 19% GR3D2_FREQ 19%@0 CV0@55.562C CPU@58.25C SOC2@56.781C SOC0@57.562C CV1@55.718C GPU@56.125C tj@59.031C SOC1@59.031C CV2@55.875C
08-21-2026 19:59:45 RAM 4294/15389MB (lfb 1156x4MB) SWAP 0/7694MB (cached 0MB) CPU [0%@883,0%@883,0%@1984,0%@1984,100%@1420,0%@1420,0%@1420,0%@1420] EMC_FREQ 0% GR3D_FREQ 0% GR3D2_FREQ 0%@0 CV0@55.531C CPU@58.625C SOC2@56.812C SOC0@57.625C CV1@55.75C GPU@56.187C tj@58.937C SOC1@58.937C CV2@55.937C
08-21-2026 19:59:45 RAM 4294/15389MB (lfb 1156x4MB) SWAP 0/7694MB (cached 0MB) CPU [0%@960,0%@960,50%@960,0%@960,0%@1267,0%@1267,0%@1267,0%@1267] EMC_FREQ 0% GR3D_FREQ 23% GR3D2_FREQ 23%@0 CV0@55.656C CPU@58.656C SOC2@56.687C SOC0@57.375C CV1@55.718C GPU@56.062C tj@58.906C SOC1@58.906C CV2@55.718C
08-21-2026 19:59:45 RAM 4294/15389MB (lfb 1156x4MB) SWAP 0/7694MB (cached 0MB) CPU [0%@729,50%@729,0%@729,50%@729,50%@1420,0%@1420,0%@1420,50%@1420] EMC_FREQ 0% GR3D_FREQ 23% GR3D2_FREQ 22%@0 CV0@55.625C CPU@58.625C SOC2@56.781C SOC0@57.625C CV1@55.625C GPU@56.468C tj@58.937C SOC1@58.937C CV2@55.906C
08-21-2026 19:59:45 RAM 4294/15389MB (lfb 1156x4MB) SWAP 0/7694MB (cached 0MB) CPU [0%@1984,50%@1984,0%@1984,0%@1984,0%@1420,0%@1420,0%@1420,0%@1420] EMC_FREQ 0% GR3D_FREQ 22% GR3D2_FREQ 22%@0 CV0@55.687C CPU@58.406C SOC2@56.75C SOC0@57.562C CV1@55.625C GPU@56.093C tj@58.937C SOC1@58.937C CV2@55.937C
08-21-2026 19:59:45 RAM 4294/15389MB (lfb 1156x4MB) SWAP 0/7694MB (cached 0MB) CPU [0%@1984,0%@1984,0%@1984,50%@1984,100%@1420,0%@1420,50%@1420,0%@1420] EMC_FREQ 0% GR3D_FREQ 0% GR3D2_FREQ 0%@0 CV0@55.656C CPU@58.312C SOC2@56.687C SOC0@57.687C CV1@55.656C GPU@56.312C tj@59.125C SOC1@59.125C CV2@55.843C
08-21-2026 19:59:45 RAM 4294/15389MB (lfb 1156x4MB) SWAP 0/7694MB (cached 0MB) CPU [0%@1984,0%@1984,0%@1984,0%@1984,0%@1420,0%@1420,0%@1420,0%@1420] EMC_FREQ 0% GR3D_FREQ 22% GR3D2_FREQ 22%@0 CV0@55.531C CPU@58.343C SOC2@56.593C SOC0@57.562C CV1@55.531C GPU@56.25C tj@58.968C SOC1@58.968C CV2@55.968C
08-21-2026 19:59:45 RAM 4294/15389MB (lfb 1156x4MB) SWAP 0/7694MB (cached 0MB) CPU [0%@1036,0%@1036,0%@1036,100%@1036,0%@1344,0%@1344,0%@1344,0%@1344] EMC_FREQ 0% GR3D_FREQ 22% GR3D2_FREQ 22%@0 CV0@55.562C CPU@58.406C SOC2@56.562C SOC0@57.562C CV1@55.562C GPU@56.031C tj@59C SOC1@59C CV2@56C
08-21-2026 19:59:45 RAM 4294/15389MB (lfb 1156x4MB) SWAP 0/7694MB (cached 0MB) CPU [0%@1984,0%@1984,0%@1984,0%@1984,50%@1344,0%@1344,0%@1344,0%@1344] EMC_FREQ 0% GR3D_FREQ 4% GR3D2_FREQ 4%@0 CV0@55.593C CPU@58.312C SOC2@56.875C SOC0@57.593C CV1@55.812C GPU@56.218C tj@59C SOC1@59C CV2@55.937C
08-21-2026 19:59:45 RAM 4294/15389MB (lfb 1156x4MB) SWAP 0/7694MB (cached 0MB) CPU [0%@1984,0%@1984,0%@1984,0%@1984,50%@1344,0%@1344,0%@1344,0%@1344] EMC_FREQ 0% GR3D_FREQ 18% GR3D2_FREQ 18%@0 CV0@55.562C CPU@58.281C SOC2@56.687C SOC0@57.656C CV1@55.843C GPU@56.468C tj@58.937C SOC1@58.937C CV2@55.906C
08-21-2026 19:59:45 RAM 4294/15389MB (lfb 1156x4MB) SWAP 0/7694MB (cached 0MB) CPU [0%@1984,0%@1984,0%@1984,50%@1984,0%@1420,0%@1420,0%@1420,50%@1420] EMC_FREQ 0% GR3D_FREQ 23% GR3D2_FREQ 23%@0 CV0@55.812C CPU@58.343C SOC2@56.687C SOC0@57.406C CV1@55.625C GPU@56.156C tj@58.937C SOC1@58.937C CV2@55.843C
08-21-2026 19:59:45 RAM 4294/15389MB (lfb 1156x4MB) SWAP 0/7694MB (cached 0MB) CPU [0%@1984,0%@1984,0%@1984,0%@1984,0%@1267,0%@1267,0%@1267,0%@1267] EMC_FREQ 0% GR3D_FREQ 23% GR3D2_FREQ 23%@0 CV0@55.625C CPU@58.468C SOC2@56.718C SOC0@57.562C CV1@55.75C GPU@56.093C tj@58.937C SOC1@58.937C CV2@56C
08-21-2026 19:59:45 RAM 4294/15389MB (lfb 1156x4MB) SWAP 0/7694MB (cached 0MB) CPU [50%@1984,0%@1984,0%@1984,0%@1984,50%@1344,0%@1344,0%@1344,0%@1344] EMC_FREQ 0% GR3D_FREQ 0% GR3D2_FREQ 0%@0 CV0@55.593C CPU@58.406C SOC2@56.75C SOC0@57.468C CV1@55.625C GPU@56.187C tj@58.937C SOC1@58.937C CV2@55.718C
08-21-2026 19:59:45 RAM 4294/15389MB (lfb 1156x4MB) SWAP 0/7694MB (cached 0MB) CPU [0%@1984,0%@1984,0%@1984,0%@1984,50%@1344,0%@1344,0%@1344,0%@1344] EMC_FREQ 0% GR3D_FREQ 22% GR3D2_FREQ 22%@0 CV0@55.687C CPU@58.468C SOC2@56.781C SOC0@57.625C CV1@55.625C GPU@56.031C tj@59.156C SOC1@59.156C CV2@55.906C
08-21-2026 19:59:45 RAM 4294/15389MB (lfb 1156x4MB) SWAP 0/7694MB (cached 0MB) CPU [50%@1036,0%@1036,0%@1036,100%@1036,0%@1344,0%@1344,0%@1344,0%@1344] EMC_FREQ 0% GR3D_FREQ 22% GR3D2_FREQ 22%@0 CV0@55.593C CPU@58.406C SOC2@56.625C SOC0@57.5C CV1@55.593C GPU@56C tj@58.937C SOC1@58.937C CV2@55.718C
08-21-2026 19:59:45 RAM 4294/15389MB (lfb 1156x4MB) SWAP 0/7694MB (cached 0MB) CPU [0%@960,33%@960,0%@960,50%@960,66%@1267,0%@1267,0%@1267,0%@1267] EMC_FREQ 0% GR3D_FREQ 0% GR3D2_FREQ 0%@0 CV0@55.593C CPU@58.343C SOC2@56.625C SOC0@57.531C CV1@55.593C GPU@56.125C tj@59C SOC1@59C CV2@55.906C
08-21-2026 19:59:45 RAM 4294/15389MB (lfb 1156x4MB) SWAP 0/7694MB (cached 0MB) CPU [0%@806,0%@806,0%@806,0%@806,0%@1344,0%@1344,0%@1344,0%@1344] EMC_FREQ 0% GR3D_FREQ 19% GR3D2_FREQ 19%@0 CV0@55.562C CPU@58.343C SOC2@56.843C SOC0@57.593C CV1@55.531C GPU@56.375C tj@59.031C SOC1@59.031C CV2@55.875C
08-21-2026 19:59:45 RAM 4294/15389MB (lfb 1156x4MB) SWAP 0/7694MB (cached 0MB) CPU [0%@1984,0%@1984,33%@1984,50%@1984,0%@1344,0%@1344,0%@1344,0%@1344] EMC_FREQ 0% GR3D_FREQ 23% GR3D2_FREQ 23%@0 CV0@55.531C CPU@58.375C SOC2@56.781C SOC0@57.562C CV1@55.656C GPU@56.281C tj@58.968C SOC1@58.968C CV2@55.906C
08-21-2026 19:59:45 RAM 4294/15389MB (lfb 1156x4MB) SWAP 0/7694MB (cached 0MB) CPU [0%@1984,0%@1984,0%@1984,0%@1984,50%@1344,0%@1344,0%@1344,0%@1344] EMC_FREQ 0% GR3D_FREQ 23% GR3D2_FREQ 23%@0 CV0@55.531C CPU@58.312C SOC2@56.687C SOC0@57.468C CV1@55.718C GPU@56.062C tj@58.906C SOC1@58.906C CV2@55.937C
08-21-2026 19:59:45 RAM 4294/15389MB (lfb 1156x4MB) SWAP 0/7694MB (cached 0MB) CPU [0%@1984,50%@1984,0%@1984,100%@1984,50%@1420,0%@1420,0%@1420,0%@1420] EMC_FREQ 0% GR3D_FREQ 0% GR3D2_FREQ 0%@0 CV0@55.781C CPU@58.437C SOC2@56.718C SOC0@57.531C CV1@55.75C GPU@56.187C tj@58.968C SOC1@58.968C CV2@55.906C
08-21-2026 19:59:45 RAM 4294/15389MB (lfb 1156x4MB) SWAP 0/7694MB (cached 0MB) CPU [0%@1984,0%@1984,0%@1984,0%@1984,50%@1267,0%@1267,0%@1267,0%@1267] EMC_FREQ 0% GR3D_FREQ 22% GR3D2_FREQ 22%@0 CV0@55.687C CPU@58.406C SOC2@56.687C SOC0@57.406C CV1@55.656C GPU@56.125C tj@58.937C SOC1@58.937C CV2@55.937C
08-21-2026 19:59:45 RAM 4294/15389MB (lfb 1156x4MB) SWAP 0/7694MB (cached 0MB) CPU [0%@883,0%@883,0%@883,0%@883,100%@1420,0%@1420,50%@1420,0%@1420] EMC_FREQ 0% GR3D_FREQ 18% GR3D2_FREQ 18%@0 CV0@55.625C CPU@58.5C SOC2@56.75C SOC0@57.625C CV1@55.562C GPU@56.156C tj@59.125C SOC1@59.125C CV2@55.875C
08-21-2026 19:59:45 RAM 4294/15389MB (lfb 1156x4MB) SWAP 0/7694MB (cached 0MB) CPU [0%@960,0%@960,0%@960,0%@960,0%@1344,0%@1344,50%@1344,0%@1344] EMC_FREQ 0% GR3D_FREQ 18% GR3D2_FREQ 18%@0 CV0@55.625C CPU@58.375C SOC2@56.625C SOC0@57.625C CV1@55.625C GPU@56.062C tj@59.031C SOC1@59.031C CV2@55.875C
08-21-2026 19:59:45 RAM 4294/15389MB (lfb 1156x4MB) SWAP 0/7694MB (cached 0MB) CPU [0%@1984,0%@1984,0%@1984,50%@1984,50%@1344,33%@1344,0%@1344,0%@1344] EMC_FREQ 0% GR3D_FREQ 4% GR3D2_FREQ 4%@0 CV0@55.687C CPU@58.312C SOC2@56.593C SOC0@57.531C CV1@55.625C GPU@56.093C tj@59.125C SOC1@59.125C CV2@55.875C
08-21-2026 19:59:45 RAM 4294/15389MB (lfb 1156x4MB) SWAP 0/7694MB (cached 0MB) CPU [66%@1984,0%@1984,50%@1984,50%@1984,0%@1497,0%@1497,0%@1497,0%@1497] EMC_FREQ 0% GR3D_FREQ 23% GR3D2_FREQ 23%@0 CV0@55.687C CPU@58.343C SOC2@56.75C SOC0@57.625C CV1@55.656C GPU@56.187C tj@59.062C SOC1@59.062C CV2@55.875C
08-21-2026 19:59:45 RAM 4294/15389MB (lfb 1156x4MB) SWAP 0/7694MB (cached 0MB) CPU [0%@1984,0%@1984,0%@1984,0%@1984,100%@1420,0%@1420,0%@1420,0%@1420] EMC_FREQ 0% GR3D_FREQ 2% GR3D2_FREQ 2%@0 CV0@55.593C CPU@58.343C SOC2@56.781C SOC0@57.531C CV1@55.625C GPU@56C tj@59.156C SOC1@59.156C CV2@56C
08-21-2026 19:59:45 RAM 4294/15389MB (lfb 1156x4MB) SWAP 0/7694MB (cached 0MB) CPU [0%@1984,0%@1984,0%@1984,50%@1984,0%@1344,0%@1344,0%@1344,0%@1344] EMC_FREQ 0% GR3D_FREQ 2% GR3D2_FREQ 2%@0 CV0@55.625C CPU@58.343C SOC2@56.906C SOC0@57.625C CV1@55.593C GPU@56.218C tj@59C SOC1@59C CV2@55.968C
08-21-2026 19:59:45 RAM 4294/15389MB (lfb 1156x4MB) SWAP 0/7694MB (cached 0MB) CPU [50%@1984,0%@1984,0%@1984,50%@1984,0%@1344,0%@1344,50%@1344,0%@1344] EMC_FREQ 0% GR3D_FREQ 20% GR3D2_FREQ 20%@0 CV0@55.593C CPU@58.437C SOC2@56.812C SOC0@57.468C CV1@55.75C GPU@56.093C tj@58.968C SOC1@58.968C CV2@55.812C
08-21-2026 19:59:45 RAM 4294/15389MB (lfb 1156x4MB) SWAP 0/7694MB (cached 0MB) CPU [0%@806,0%@806,0%@806,0%@806,0%@1344,0%@1344,0%@1344,0%@1344] EMC_FREQ 0% GR3D_FREQ 20% GR3D2_FREQ 20%@0 CV0@55.625C CPU@58.531C SOC2@56.625C SOC0@57.468C CV1@55.687C GPU@56.343C tj@58.937C SOC1@58.937C CV2@55.875C
08-21-2026 19:59:45 RAM 4294/15389MB (lfb 1156x4MB) SWAP 0/7694MB (cached 0MB) CPU [50%@883,0%@883,0%@883,100%@883,0%@1344,0%@1344,50%@1344,0%@1344] EMC_FREQ 0% GR3D_FREQ 0% GR3D2_FREQ 0%@0 CV0@55.656C CPU@58.437C SOC2@56.75C SOC0@57.5C CV1@55.625C GPU@56.093C tj@58.937C SOC1@58.937C CV2@55.843C
08-21-2026 19:59:45 RAM 4294/15389MB (lfb 1156x4MB) SWAP 0/7694MB (cached 0MB) CPU [0%@1984,0%@1984,0%@1984,0%@1984,0%@1420,0%@1420,0%@1420,0%@1420] EMC_FREQ 0% GR3D_FREQ 0% GR3D2_FREQ 0%@0 CV0@55.625C CPU@58.437C SOC2@56.687C SOC0@57.468C CV1@55.625C GPU@56.281C tj@59C SOC1@59C CV2@55.812C
08-21-2026 19:59:45 RAM 4294/15389MB (lfb 1156x4MB) SWAP 0/7694MB (cached 0MB) CPU [0%@806,0%@806,0%@806,50%@806,0%@1344,0%@1344,50%@1344,33%@1344] EMC_FREQ 0% GR3D_FREQ 22% GR3D2_FREQ 22%@0 CV0@55.531C CPU@58.531C SOC2@56.781C SOC0@57.75C CV1@55.625C GPU@56.25C tj@59.25C SOC1@59.25C CV2@55.812C
08-21-2026 19:59:45 RAM 4294/15389MB (lfb 1156x4MB) SWAP 0/7694MB (cached 0MB) CPU [0%@1984,0%@1984,0%@1984,0%@1984,0%@1497,0%@1497,100%@1497,0%@1497] EMC_FREQ 0% GR3D_FREQ 8% GR3D2_FREQ 8%@0 CV0@55.562C CPU@58.5C SOC2@56.75C SOC0@57.625C CV1@55.625C GPU@56C tj@59.187C SOC1@59.187C CV2@55.843C
08-21-2026 19:59:45 RAM 4294/15389MB (lfb 1156x4MB) SWAP 0/7694MB (cached 0MB) CPU [0%@1984,0%@1984,0%@1984,0%@1984,0%@1420,0%@1420,0%@1420,0%@1420] EMC_FREQ 0% GR3D_FREQ 14% GR3D2_FREQ 14%@0 CV0@55.593C CPU@58.406C SOC2@56.562C SOC0@57.531C CV1@55.531C GPU@56.187C tj@59.156C SOC1@59.156C CV2@55.75C
08-21-2026 19:59:45 RAM 4295/15389MB (lfb 1156x4MB) SWAP 0/7694MB (cached 0MB) CPU [50%@806,0%@806,0%@806,100%@806,0%@1420,0%@1420,100%@1420,0%@1420] EMC_FREQ 0% GR3D_FREQ 14% GR3D2_FREQ 14%@0 CV0@55.593C CPU@58.406C SOC2@56.75C SOC0@57.687C CV1@55.625C GPU@56.031C tj@59.062C SOC1@59.062C CV2@55.937C
08-21-2026 19:59:45 RAM 4294/15389MB (lfb 1156x4MB) SWAP 0/7694MB (cached 0MB) CPU [0%@1984,50%@1984,0%@1984,0%@1984,0%@1420,0%@1420,0%@1420,0%@1420] EMC_FREQ 0% GR3D_FREQ 22% GR3D2_FREQ 22%@0 CV0@55.531C CPU@58.343C SOC2@56.781C SOC0@57.593C CV1@55.562C GPU@56.281C tj@58.968C SOC1@58.968C CV2@56C
08-21-2026 19:59:45 RAM 4294/15389MB (lfb 1156x4MB) SWAP 0/7694MB (cached 0MB) CPU [0%@1984,0%@1984,0%@1984,0%@1984,0%@1344,50%@1344,0%@1344,0%@1344] EMC_FREQ 0% GR3D_FREQ 0% GR3D2_FREQ 0%@0 CV0@55.531C CPU@58.625C SOC2@56.75C SOC0@57.562C CV1@55.718C GPU@56.093C tj@58.937C SOC1@58.937C CV2@55.875C
08-21-2026 19:59:45 RAM 4294/15389MB (lfb 1156x4MB) SWAP 0/7694MB (cached 0MB) CPU [0%@1984,0%@1984,0%@1984,0%@1984,0%@1344,0%@1344,50%@1344,0%@1344] EMC_FREQ 0% GR3D_FREQ 0% GR3D2_FREQ 0%@0 CV0@55.531C CPU@58.593C SOC2@56.75C SOC0@57.531C CV1@55.718C GPU@56.093C tj@59.031C SOC1@59.031C CV2@55.937C
08-21-2026 19:59:45 RAM 4294/15389MB (lfb 1156x4MB) SWAP 0/7694MB (cached 0MB) CPU [0%@1984,0%@1984,0%@1984,0%@1984,0%@1344,0%@1344,100%@1344,0%@1344] EMC_FREQ 0% GR3D_FREQ 22% GR3D2_FREQ 22%@0 CV0@55.593C CPU@58.625C SOC2@56.812C SOC0@57.531C CV1@55.75C GPU@56.125C tj@58.937C SOC1@58.937C CV2@55.812C
08-21-2026 19:59:45 RAM 4294/15389MB (lfb 1156x4MB) SWAP 0/7694MB (cached 0MB) CPU [50%@1984,0%@1984,0%@1984,100%@1984,0%@1344,0%@1344,0%@1344,0%@1344] EMC_FREQ 0% GR3D_FREQ 20% GR3D2_FREQ 20%@0 CV0@55.718C CPU@58.437C SOC2@56.812C SOC0@57.562C CV1@55.718C GPU@56.406C tj@58.906C SOC1@58.906C CV2@55.875C
08-21-2026 19:59:45 RAM 4294/15389MB (lfb 1156x4MB) SWAP 0/7694MB (cached 0MB) CPU [100%@1984,50%@1984,0%@1984,0%@1984,0%@1344,0%@1344,50%@1344,0%@1344] EMC_FREQ 0% GR3D_FREQ 0% GR3D2_FREQ 0%@0 CV0@55.687C CPU@58.406C SOC2@56.781C SOC0@57.406C CV1@55.531C GPU@56.25C tj@58.875C SOC1@58.875C CV2@55.875C
08-21-2026 19:59:45 RAM 4294/15389MB (lfb 1156x4MB) SWAP 0/7694MB (cached 0MB) CPU [0%@960,0%@960,0%@960,0%@960,0%@1497,0%@1497,100%@1497,0%@1497] EMC_FREQ 0% GR3D_FREQ 0% GR3D2_FREQ 0%@0 CV0@55.687C CPU@58.5C SOC2@56.812C SOC0@57.625C CV1@55.687C GPU@56.093C tj@59.125C SOC1@59.125C CV2@55.843C
08-21-2026 19:59:45 RAM 4294/15389MB (lfb 1156x4MB) SWAP 0/7694MB (cached 0MB) CPU [0%@883,0%@883,0%@883,0%@883,0%@1267,50%@1267,0%@1267,0%@1267] EMC_FREQ 0% GR3D_FREQ 22% GR3D2_FREQ 22%@0 CV0@55.625C CPU@58.531C SOC2@56.718C SOC0@57.531C CV1@55.625C GPU@56.281C tj@59.062C SOC1@59.062C CV2@55.812C
08-21-2026 19:59:45 RAM 4294/15389MB (lfb 1156x4MB) SWAP 0/7694MB (cached 0MB) CPU [0%@1984,0%@1984,0%@1984,0%@1984,0%@1420,0%@1420,100%@1420,0%@1420] EMC_FREQ 0% GR3D_FREQ 0% GR3D2_FREQ 0%@0 CV0@55.656C CPU@58.406C SOC2@56.593C SOC0@57.531C CV1@55.531C GPU@56.062C tj@59.156C SOC1@59.156C CV2@55.843C
08-21-2026 19:59:45 RAM 4294/15389MB (lfb 1156x4MB) SWAP 0/7694MB (cached 0MB) CPU [0%@1036,0%@1036,0%@1036,0%@1036,33%@1420,0%@1267,0%@1267,0%@1267] EMC_FREQ 0% GR3D_FREQ 22% GR3D2_FREQ 22%@0 CV0@55.656C CPU@58.625C SOC2@56.906C SOC0@57.531C CV1@55.531C GPU@56.125C tj@59.031C SOC1@59.031C CV2@56.031C
08-21-2026 19:59:45 RAM 4294/15389MB (lfb 1156x4MB) SWAP 0/7694MB (cached 0MB) CPU [75%@1984,0%@1984,0%@1984,0%@1984,0%@1344,66%@1344,0%@1344,0%@1344] EMC_FREQ 0% GR3D_FREQ 22% GR3D2_FREQ 22%@0 CV0@55.593C CPU@58.718C SOC2@56.937C SOC0@57.406C CV1@55.718C GPU@56.125C tj@58.937C SOC1@58.937C CV2@55.937C
08-21-2026 19:59:45 RAM 4294/15389MB (lfb 1156x4MB) SWAP 0/7694MB (cached 0MB) CPU [0%@1984,0%@1984,0%@1984,0%@1984,0%@1344,0%@1344,50%@1344,0%@1344] EMC_FREQ 0% GR3D_FREQ 22% GR3D2_FREQ 22%@0 CV0@55.531C CPU@58.5C SOC2@56.656C SOC0@57.5C CV1@55.687C GPU@56.343C tj@59.031C SOC1@59.031C CV2@55.812C
08-21-2026 19:59:45 RAM 4294/15389MB (lfb 1156x4MB) SWAP 0/7694MB (cached 0MB) CPU [50%@1036,0%@1036,0%@1036,0%@1036,0%@1420,0%@1420,100%@1420,0%@1420] EMC_FREQ 0% GR3D_FREQ 0% GR3D2_FREQ 0%@0 CV0@55.625C CPU@58.625C SOC2@56.75C SOC0@57.437C CV1@55.625C GPU@56.062C tj@58.906C SOC1@58.906C CV2@55.968C
08-21-2026 19:59:45 RAM 4294/15389MB (lfb 1156x4MB) SWAP 0/7694MB (cached 0MB) CPU [0%@1984,0%@1984,0%@1984,0%@1984,50%@1344,0%@1344,0%@1344,0%@1344] EMC_FREQ 0% GR3D_FREQ 22% GR3D2_FREQ 22%@0 CV0@55.75C CPU@58.562C SOC2@56.687C SOC0@57.406C CV1@55.625C GPU@56.062C tj@58.843C SOC1@58.843C CV2@55.906C
08-21-2026 19:59:45 RAM 4294/15389MB (lfb 1156x4MB) SWAP 0/7694MB (cached 0MB) CPU [50%@1984,0%@1984,0%@1984,0%@1984,0%@1420,0%@1420,50%@1420,0%@1420] EMC_FREQ 0% GR3D_FREQ 22% GR3D2_FREQ 22%@0 CV0@55.593C CPU@58.437C SOC2@56.75C SOC0@57.625C CV1@55.593C GPU@56.25C tj@58.843C SOC1@58.843C CV2@55.75C
08-21-2026 19:59:45 RAM 4294/15389MB (lfb 1156x4MB) SWAP 0/7694MB (cached 0MB) CPU [0%@1984,0%@1984,0%@1984,0%@1984,0%@1420,0%@1420,100%@1420,0%@1420] EMC_FREQ 0% GR3D_FREQ 14% GR3D2_FREQ 14%@0 CV0@55.687C CPU@58.531C SOC2@56.843C SOC0@57.562C CV1@55.656C GPU@56.125C tj@59.031C SOC1@59.031C CV2@55.843C
08-21-2026 19:59:45 RAM 4294/15389MB (lfb 1156x4MB) SWAP 0/7694MB (cached 0MB) CPU [50%@1984,0%@1984,0%@1984,0%@1984,0%@1344,33%@1344,0%@1344,0%@1344] EMC_FREQ 0% GR3D_FREQ 5% GR3D2_FREQ 5%@0 CV0@55.625C CPU@58.312C SOC2@56.687C SOC0@57.75C CV1@55.625C GPU@56.156C tj@59C SOC1@59C CV2@56.062C
08-21-2026 19:59:45 RAM 4294/15389MB (lfb 1156x4MB) SWAP 0/7694MB (cached 0MB) CPU [0%@1984,0%@1984,0%@1984,0%@1984,0%@1497,0%@1497,50%@1497,0%@1497] EMC_FREQ 0% GR3D_FREQ 5% GR3D2_FREQ 23%@0 CV0@55.625C CPU@58.375C SOC2@56.812C SOC0@57.656C CV1@55.531C GPU@56.156C tj@58.968C SOC1@58.968C CV2@56C
08-21-2026 19:59:45 RAM 4294/15389MB (lfb 1156x4MB) SWAP 0/7694MB (cached 0MB) CPU [50%@960,0%@960,0%@960,0%@960,0%@1344,0%@1344,0%@1344,0%@1344] EMC_FREQ 0% GR3D_FREQ 23% GR3D2_FREQ 23%@0 CV0@55.531C CPU@58.375C SOC2@56.906C SOC0@57.468C CV1@55.593C GPU@56.343C tj@59.062C SOC1@59.062C CV2@55.968C
08-21-2026 19:59:45 RAM 4294/15389MB (lfb 1156x4MB) SWAP 0/7694MB (cached 0MB) CPU [0%@883,50%@883,0%@883,0%@883,0%@1497,0%@1497,50%@1497,0%@1497] EMC_FREQ 0% GR3D_FREQ 1% GR3D2_FREQ 1%@0 CV0@55.531C CPU@58.656C SOC2@56.812C SOC0@57.531C CV1@55.812C GPU@56.093C tj@59.062C SOC1@59.062C CV2@55.75C
08-21-2026 19:59:45 RAM 4294/15389MB (lfb 1156x4MB) SWAP 0/7694MB (cached 0MB) CPU [0%@883,0%@883,0%@883,50%@883,0%@1344,0%@1344,50%@1344,0%@1420] EMC_FREQ 0% GR3D_FREQ 22% GR3D2_FREQ 22%@0 CV0@55.562C CPU@58.593C SOC2@56.781C SOC0@57.531C CV1@55.781C GPU@56.218C tj@59.062C SOC1@59.062C CV2@55.875C
08-21-2026 19:59:45 RAM 4295/15389MB (lfb 1156x4MB) SWAP 0/7694MB (cached 0MB) CPU [0%@1984,0%@1984,0%@1984,0%@1984,0%@1574,0%@1574,0%@1574,0%@1574] EMC_FREQ 0% GR3D_FREQ 22% GR3D2_FREQ 22%@0 CV0@55.687C CPU@58.593C SOC2@56.687C SOC0@57.437C CV1@55.687C GPU@56.125C tj@58.843C SOC1@58.843C CV2@55.812C
08-21-2026 19:59:45 RAM 4295/15389MB (lfb 1156x4MB) SWAP 0/7694MB (cached 0MB) CPU [0%@883,50%@883,0%@883,0%@883,0%@1267,0%@1267,50%@1267,0%@1267] EMC_FREQ 0% GR3D_FREQ 19% GR3D2_FREQ 19%@0 CV0@55.687C CPU@58.625C SOC2@56.718C SOC0@57.5C CV1@55.593C GPU@56.406C tj@58.937C SOC1@58.937C CV2@56C
08-21-2026 19:59:45 RAM 4295/15389MB (lfb 1156x4MB) SWAP 0/7694MB (cached 0MB) CPU [0%@883,50%@883,50%@883,0%@883,0%@1420,50%@1420,0%@1420,100%@1420] EMC_FREQ 0% GR3D_FREQ 0% GR3D2_FREQ 0%@0 CV0@55.718C CPU@58.468C SOC2@56.625C SOC0@57.437C CV1@55.593C GPU@56.375C tj@59C SOC1@59C CV2@55.968C
08-21-2026 19:59:45 RAM 4295/15389MB (lfb 1156x4MB) SWAP 0/7694MB (cached 0MB) CPU [0%@1984,0%@1984,0%@1984,0%@1984,0%@1267,0%@1267,0%@1267,0%@1267] EMC_FREQ 0% GR3D_FREQ 23% GR3D2_FREQ 23%@0 CV0@55.687C CPU@58.562C SOC2@56.718C SOC0@57.656C CV1@55.687C GPU@56.062C tj@58.937C SOC1@58.937C CV2@55.906C
08-21-2026 19:59:45 RAM 4295/15389MB (lfb 1156x4MB) SWAP 0/7694MB (cached 0MB) CPU [0%@1036,0%@1036,0%@1036,0%@1036,0%@1420,0%@1420,0%@1420,100%@1420] EMC_FREQ 0% GR3D_FREQ 23% GR3D2_FREQ 22%@0 CV0@55.625C CPU@58.406C SOC2@56.718C SOC0@57.687C CV1@55.625C GPU@56.187C tj@59.218C SOC1@59.218C CV2@55.812C
08-21-2026 19:59:45 RAM 4295/15389MB (lfb 1156x4MB) SWAP 0/7694MB (cached 0MB) CPU [0%@960,0%@960,0%@960,0%@960,0%@1420,0%@1420,0%@1420,50%@1420] EMC_FREQ 0% GR3D_FREQ 22% GR3D2_FREQ 22%@0 CV0@55.625C CPU@58.406C SOC2@56.812C SOC0@57.5C CV1@55.562C GPU@56.187C tj@59.187C SOC1@59.187C CV2@55.75C
08-21-2026 19:59:46 RAM 4295/15389MB (lfb 1156x4MB) SWAP 0/7694MB (cached 0MB) CPU [50%@1984,0%@1984,50%@1984,50%@1984,0%@1344,0%@1344,0%@1344,0%@1344] EMC_FREQ 0% GR3D_FREQ 0% GR3D2_FREQ 0%@0 CV0@55.531C CPU@58.437C SOC2@56.625C SOC0@57.593C CV1@55.562C GPU@56C tj@59C SOC1@59C CV2@55.906C
08-21-2026 19:59:46 RAM 4295/15389MB (lfb 1156x4MB) SWAP 0/7694MB (cached 0MB) CPU [0%@1984,0%@1984,0%@1984,0%@1984,0%@1344,0%@1344,50%@1344,0%@1344] EMC_FREQ 0% GR3D_FREQ 20% GR3D2_FREQ 20%@0 CV0@55.656C CPU@58.468C SOC2@56.812C SOC0@57.531C CV1@55.5C GPU@56.156C tj@59.031C SOC1@59.031C CV2@56.062C
08-21-2026 19:59:46 RAM 4295/15389MB (lfb 1156x4MB) SWAP 0/7694MB (cached 0MB) CPU [0%@1984,0%@1984,0%@1984,0%@1984,0%@1344,0%@1344,0%@1344,100%@1344] EMC_FREQ 0% GR3D_FREQ 20% GR3D2_FREQ 20%@0 CV0@55.625C CPU@58.718C SOC2@56.781C SOC0@57.531C CV1@55.843C GPU@56.343C tj@59.031C SOC1@59.031C CV2@55.906C
08-21-2026 19:59:46 RAM 4295/15389MB (lfb 1156x4MB) SWAP 0/7694MB (cached 0MB) CPU [50%@1984,0%@1984,0%@1984,0%@1984,0%@1420,0%@1420,0%@1420,50%@1420] EMC_FREQ 0% GR3D_FREQ 0% GR3D2_FREQ 0%@0 CV0@55.5C CPU@58.718C SOC2@56.687C SOC0@57.531C CV1@55.718C GPU@56.093C tj@58.937C SOC1@58.937C CV2@56C
08-21-2026 19:59:46 RAM 4295/15389MB (lfb 1156x4MB) SWAP 0/7694MB (cached 0MB) CPU [50%@1984,0%@1984,0%@1984,50%@1984,0%@1344,0%@1344,0%@1344,0%@1344] EMC_FREQ 0% GR3D_FREQ 22% GR3D2_FREQ 22%@0 CV0@55.625C CPU@58.718C SOC2@56.656C SOC0@57.562C CV1@55.656C GPU@56.031C tj@58.843C SOC1@58.843C CV2@55.781C
08-21-2026 19:59:46 RAM 4295/15389MB (lfb 1156x4MB) SWAP 0/7694MB (cached 0MB) CPU [0%@1984,0%@1984,0%@1984,0%@1984,0%@1420,0%@1420,0%@1420,100%@1420] EMC_FREQ 0% GR3D_FREQ 22% GR3D2_FREQ 22%@0 CV0@55.656C CPU@58.625C SOC2@56.687C SOC0@57.625C CV1@55.531C GPU@56.25C tj@58.937C SOC1@58.937C CV2@55.906C
08-21-2026 19:59:46 RAM 4295/15389MB (lfb 1156x4MB) SWAP 0/7694MB (cached 0MB) CPU [0%@1984,0%@1984,0%@1984,0%@1984,0%@1267,0%@1267,0%@1267,0%@1267] EMC_FREQ 0% GR3D_FREQ 22% GR3D2_FREQ 22%@0 CV0@55.687C CPU@58.437C SOC2@56.687C SOC0@57.625C CV1@55.656C GPU@56.093C tj@59.093C SOC1@59.093C CV2@55.875C
08-21-2026 19:59:46 RAM 4295/15389MB (lfb 1156x4MB) SWAP 0/7694MB (cached 0MB) CPU [0%@1984,0%@1984,0%@1984,0%@1984,0%@1344,0%@1344,0%@1344,100%@1344] EMC_FREQ 0% GR3D_FREQ 0% GR3D2_FREQ 0%@0 CV0@55.562C CPU@58.406C SOC2@56.656C SOC0@57.562C CV1@55.593C GPU@56.218C tj@59.062C SOC1@59.062C CV2@55.937C
08-21-2026 19:59:46 RAM 4295/15389MB (lfb 1156x4MB) SWAP 0/7694MB (cached 0MB) CPU [0%@1984,50%@1984,0%@1984,33%@1984,50%@1344,0%@1344,50%@1344,0%@1344] EMC_FREQ 0% GR3D_FREQ 22% GR3D2_FREQ 22%@0 CV0@55.656C CPU@58.375C SOC2@56.781C SOC0@57.593C CV1@55.593C GPU@56.406C tj@59C SOC1@59C CV2@55.968C
08-21-2026 19:59:46 RAM 4295/15389MB (lfb 1156x4MB) SWAP 0/7694MB (cached 0MB) CPU [0%@1984,50%@1984,0%@1984,0%@1984,0%@1420,0%@1420,0%@1420,50%@1420] EMC_FREQ 0% GR3D_FREQ 22% GR3D2_FREQ 22%@0 CV0@55.593C CPU@58.437C SOC2@56.687C SOC0@57.531C CV1@55.531C GPU@56.25C tj@59.062C SOC1@59.062C CV2@56C
08-21-2026 19:59:46 RAM 4295/15389MB (lfb 1156x4MB) SWAP 0/7694MB (cached 0MB) CPU [0%@1984,0%@1984,0%@1984,0%@1984,0%@1497,0%@1497,0%@1497,0%@1497] EMC_FREQ 0% GR3D_FREQ 9% GR3D2_FREQ 9%@0 CV0@55.562C CPU@58.5C SOC2@56.843C SOC0@57.5C CV1@55.75C GPU@56.062C tj@58.937C SOC1@58.937C CV2@55.843C
08-21-2026 19:59:46 RAM 4295/15389MB (lfb 1156x4MB) SWAP 0/7694MB (cached 0MB) CPU [50%@1984,0%@1984,50%@1984,0%@1984,0%@1344,0%@1344,50%@1344,100%@1344] EMC_FREQ 0% GR3D_FREQ 13% GR3D2_FREQ 13%@0 CV0@55.593C CPU@58.437C SOC2@56.625C SOC0@57.468C CV1@55.593C GPU@56.312C tj@58.812C SOC1@58.812C CV2@55.843C
08-21-2026 19:59:46 RAM 4295/15389MB (lfb 1156x4MB) SWAP 0/7694MB (cached 0MB) CPU [0%@1984,0%@1984,0%@1984,0%@1984,50%@1574,0%@1574,0%@1574,0%@1574] EMC_FREQ 0% GR3D_FREQ 22% GR3D2_FREQ 22%@0 CV0@55.687C CPU@58.562C SOC2@56.75C SOC0@57.531C CV1@55.687C GPU@56.281C tj@58.968C SOC1@58.968C CV2@55.812C
08-21-2026 19:59:46 RAM 4295/15389MB (lfb 1156x4MB) SWAP 0/7694MB (cached 0MB) CPU [0%@1984,0%@1984,0%@1984,0%@1984,0%@1344,0%@1344,0%@1344,0%@1344] EMC_FREQ 0% GR3D_FREQ 22% GR3D2_FREQ 22%@0 CV0@55.718C CPU@58.5C SOC2@56.625C SOC0@57.468C CV1@55.593C GPU@56.406C tj@58.937C SOC1@58.937C CV2@55.718C
08-21-2026 19:59:46 RAM 4295/15389MB (lfb 1156x4MB) SWAP 0/7694MB (cached 0MB) CPU [0%@1984,0%@1984,0%@1984,0%@1984,0%@1651,0%@1651,0%@1651,0%@1651] EMC_FREQ 0% GR3D_FREQ 0% GR3D2_FREQ 0%@0 CV0@55.625C CPU@58.5C SOC2@56.656C SOC0@57.625C CV1@55.593C GPU@56.125C tj@59.062C SOC1@59.062C CV2@55.781C
08-21-2026 19:59:46 RAM 4295/15389MB (lfb 1156x4MB) SWAP 0/7694MB (cached 0MB) CPU [50%@1984,0%@1984,0%@1984,0%@1984,0%@1267,0%@1267,100%@1267,0%@1267] EMC_FREQ 0% GR3D_FREQ 23% GR3D2_FREQ 23%@0 CV0@55.625C CPU@58.5C SOC2@56.718C SOC0@57.687C CV1@55.625C GPU@56.281C tj@59C SOC1@59C CV2@55.906C
08-21-2026 19:59:46 RAM 4295/15389MB (lfb 1156x4MB) SWAP 0/7694MB (cached 0MB) CPU [50%@1651,0%@1651,0%@1651,0%@1651,50%@1574,50%@1574,0%@1574,0%@1574] EMC_FREQ 0% GR3D_FREQ 23% GR3D2_FREQ 23%@0 CV0@55.625C CPU@58.562C SOC2@56.75C SOC0@57.562C CV1@55.593C GPU@56.25C tj@59.125C SOC1@59.125C CV2@55.937C
08-21-2026 19:59:46 RAM 4295/15389MB (lfb 1156x4MB) SWAP 0/7694MB (cached 0MB) CPU [0%@1497,0%@1984,50%@1984,0%@1984,0%@883,0%@883,50%@883,0%@883] EMC_FREQ 0% GR3D_FREQ 23% GR3D2_FREQ 23%@0 CV0@55.625C CPU@58.468C SOC2@56.812C SOC0@57.562C CV1@55.593C GPU@56.062C tj@58.937C SOC1@59.156C CV2@55.906C
08-21-2026 19:59:46 RAM 4295/15389MB (lfb 1156x4MB) SWAP 0/7694MB (cached 0MB) CPU [0%@1420,50%@1420,100%@1420,0%@1420,0%@806,0%@806,0%@806,50%@806] EMC_FREQ 0% GR3D_FREQ 0% GR3D2_FREQ 0%@0 CV0@55.625C CPU@58.406C SOC2@56.75C SOC0@57.5C CV1@55.718C GPU@56.25C tj@58.843C SOC1@58.843C CV2@55.937C
08-21-2026 19:59:46 RAM 4295/15389MB (lfb 1156x4MB) SWAP 0/7694MB (cached 0MB) CPU [0%@1984,0%@1984,0%@1984,50%@1984,0%@883,0%@883,50%@883,0%@883] EMC_FREQ 0% GR3D_FREQ 19% GR3D2_FREQ 19%@0 CV0@55.531C CPU@58.5C SOC2@56.687C SOC0@57.5C CV1@55.687C GPU@56.406C tj@59.062C SOC1@59.062C CV2@55.843C
08-21-2026 19:59:46 RAM 4295/15389MB (lfb 1156x4MB) SWAP 0/7694MB (cached 0MB) CPU [0%@1344,0%@1344,0%@1344,0%@1344,0%@806,66%@806,0%@806,0%@806] EMC_FREQ 0% GR3D_FREQ 19% GR3D2_FREQ 19%@0 CV0@55.75C CPU@58.531C SOC2@56.781C SOC0@57.5C CV1@55.656C GPU@56.093C tj@58.937C SOC1@58.937C CV2@55.937C
08-21-2026 19:59:46 RAM 4295/15389MB (lfb 1156x4MB) SWAP 0/7694MB (cached 0MB) CPU [50%@1497,0%@1497,50%@1497,0%@1497,0%@806,0%@806,50%@806,0%@806] EMC_FREQ 0% GR3D_FREQ 0% GR3D2_FREQ 0%@0 CV0@55.562C CPU@58.437C SOC2@56.781C SOC0@57.468C CV1@55.562C GPU@56.343C tj@59.031C SOC1@59.031C CV2@55.875C
08-21-2026 19:59:46 RAM 4295/15389MB (lfb 1156x4MB) SWAP 0/7694MB (cached 0MB) CPU [0%@1984,0%@1984,0%@1984,0%@1984,0%@729,0%@729,0%@729,33%@729] EMC_FREQ 0% GR3D_FREQ 20% GR3D2_FREQ 20%@0 CV0@55.593C CPU@58.437C SOC2@56.843C SOC0@57.625C CV1@55.656C GPU@56.218C tj@59.156C SOC1@59.156C CV2@55.843C
08-21-2026 19:59:46 RAM 4295/15389MB (lfb 1156x4MB) SWAP 0/7694MB (cached 0MB) CPU [0%@1984,0%@1984,50%@1984,100%@1984,50%@806,0%@806,50%@806,0%@806] EMC_FREQ 0% GR3D_FREQ 22% GR3D2_FREQ 22%@0 CV0@55.593C CPU@58.468C SOC2@56.656C SOC0@57.656C CV1@55.531C GPU@56.062C tj@58.968C SOC1@58.968C CV2@55.812C
08-21-2026 19:59:46 RAM 4295/15389MB (lfb 1156x4MB) SWAP 0/7694MB (cached 0MB) CPU [0%@1344,0%@1344,0%@1344,0%@1344,0%@729,0%@729,100%@729,0%@729] EMC_FREQ 0% GR3D_FREQ 22% GR3D2_FREQ 22%@0 CV0@55.562C CPU@58.625C SOC2@56.718C SOC0@57.593C CV1@55.593C GPU@56.156C tj@59.093C SOC1@59.093C CV2@55.968C
08-21-2026 19:59:46 RAM 4295/15389MB (lfb 1156x4MB) SWAP 0/7694MB (cached 0MB) CPU [50%@1984,0%@1984,0%@1984,100%@1984,0%@806,0%@806,0%@806,0%@806] EMC_FREQ 0% GR3D_FREQ 0% GR3D2_FREQ 0%@0 CV0@55.531C CPU@58.656C SOC2@56.843C SOC0@57.531C CV1@55.656C GPU@56.5C tj@58.937C SOC1@58.937C CV2@55.968C
08-21-2026 19:59:46 RAM 4295/15389MB (lfb 1156x4MB) SWAP 0/7694MB (cached 0MB) CPU [0%@1497,0%@1497,0%@1497,0%@1497,0%@729,0%@729,50%@729,0%@729] EMC_FREQ 0% GR3D_FREQ 20% GR3D2_FREQ 20%@0 CV0@55.5C CPU@58.593C SOC2@56.781C SOC0@57.5C CV1@55.718C GPU@56.093C tj@58.968C SOC1@58.968C CV2@55.937C
08-21-2026 19:59:46 RAM 4295/15389MB (lfb 1156x4MB) SWAP 0/7694MB (cached 0MB) CPU [0%@1420,33%@1420,0%@1420,50%@1420,0%@729,0%@729,50%@729,0%@729] EMC_FREQ 0% GR3D_FREQ 20% GR3D2_FREQ 20%@0 CV0@55.75C CPU@58.5C SOC2@56.75C SOC0@57.562C CV1@55.656C GPU@56.156C tj@58.937C SOC1@58.937C CV2@55.875C
08-21-2026 19:59:46 RAM 4295/15389MB (lfb 1156x4MB) SWAP 0/7694MB (cached 0MB) CPU [100%@1651,0%@1651,0%@1651,0%@1651,0%@729,0%@729,0%@729,0%@729] EMC_FREQ 0% GR3D_FREQ 0% GR3D2_FREQ 0%@0 CV0@55.656C CPU@58.531C SOC2@56.687C SOC0@57.562C CV1@55.687C GPU@56.312C tj@58.812C SOC1@58.812C CV2@55.812C
08-21-2026 19:59:46 RAM 4295/15389MB (lfb 1156x4MB) SWAP 0/7694MB (cached 0MB) CPU [0%@1984,0%@1984,0%@1984,0%@1984,0%@1344,0%@1344,0%@1344,0%@1344] EMC_FREQ 0% GR3D_FREQ 20% GR3D2_FREQ 20%@0 CV0@55.781C CPU@58.437C SOC2@56.875C SOC0@57.75C CV1@55.656C GPU@56.062C tj@59.187C SOC1@59.187C CV2@55.843C
08-21-2026 19:59:46 RAM 4295/15389MB (lfb 1156x4MB) SWAP 0/7694MB (cached 0MB) CPU [50%@1984,0%@1984,0%@1984,0%@1984,0%@1574,0%@1574,0%@1574,0%@1574] EMC_FREQ 0% GR3D_FREQ 23% GR3D2_FREQ 23%@0 CV0@55.656C CPU@58.375C SOC2@56.687C SOC0@57.656C CV1@55.531C GPU@56.281C tj@59.187C SOC1@59.187C CV2@55.906C
08-21-2026 19:59:46 RAM 4295/15389MB (lfb 1156x4MB) SWAP 0/7694MB (cached 0MB) CPU [0%@1984,0%@1984,50%@1984,0%@1984,0%@1344,50%@1344,0%@1344,0%@1344] EMC_FREQ 0% GR3D_FREQ 23% GR3D2_FREQ 23%@0 CV0@55.593C CPU@58.406C SOC2@56.75C SOC0@57.593C CV1@55.656C GPU@56.156C tj@59.031C SOC1@58.968C CV2@55.875C
08-21-2026 19:59:46 RAM 4295/15389MB (lfb 1156x4MB) SWAP 0/7694MB (cached 0MB) CPU [0%@1984,0%@1984,100%@1984,0%@1984,0%@1497,0%@1497,0%@1497,0%@1497] EMC_FREQ 0% GR3D_FREQ 0% GR3D2_FREQ 0%@0 CV0@55.531C CPU@58.281C SOC2@56.593C SOC0@57.562C CV1@55.562C GPU@56.437C tj@58.937C SOC1@58.937C CV2@56C
08-21-2026 19:59:46 RAM 4295/15389MB (lfb 1156x4MB) SWAP 0/7694MB (cached 0MB) CPU [0%@883,50%@883,0%@883,0%@883,0%@1344,50%@1344,0%@1344,50%@1344] EMC_FREQ 0% GR3D_FREQ 20% GR3D2_FREQ 20%@0 CV0@55.625C CPU@58.312C SOC2@56.812C SOC0@57.437C CV1@55.562C GPU@56.156C tj@59.093C SOC1@59.093C CV2@56C
08-21-2026 19:59:46 RAM 4295/15389MB (lfb 1156x4MB) SWAP 0/7694MB (cached 0MB) CPU [0%@1984,0%@1984,0%@1984,0%@1984,0%@1420,0%@1420,0%@1420,0%@1420] EMC_FREQ 0% GR3D_FREQ 8% GR3D2_FREQ 8%@0 CV0@55.531C CPU@58.75C SOC2@56.843C SOC0@57.625C CV1@55.812C GPU@56.093C tj@59.125C SOC1@59.125C CV2@55.843C
08-21-2026 19:59:46 RAM 4295/15389MB (lfb 1156x4MB) SWAP 0/7694MB (cached 0MB) CPU [0%@1984,0%@1984,50%@1984,0%@1984,0%@1497,0%@1497,0%@1497,0%@1497] EMC_FREQ 0% GR3D_FREQ 8% GR3D2_FREQ 8%@0 CV0@55.562C CPU@58.562C SOC2@56.75C SOC0@57.531C CV1@55.75C GPU@56.343C tj@58.906C SOC1@58.906C CV2@55.812C
08-21-2026 19:59:46 RAM 4295/15389MB (lfb 1156x4MB) SWAP 0/7694MB (cached 0MB) CPU [0%@1984,0%@1984,50%@1984,0%@1984,100%@1344,0%@1344,50%@1344,0%@1344] EMC_FREQ 0% GR3D_FREQ 11% GR3D2_FREQ 11%@0 CV0@55.687C CPU@58.562C SOC2@56.656C SOC0@57.468C CV1@55.656C GPU@56.031C tj@58.906C SOC1@58.906C CV2@55.937C
08-21-2026 19:59:46 RAM 4295/15389MB (lfb 1156x4MB) SWAP 0/7694MB (cached 0MB) CPU [0%@806,0%@806,100%@806,0%@806,50%@1497,0%@1497,0%@1497,0%@1497] EMC_FREQ 0% GR3D_FREQ 19% GR3D2_FREQ 19%@0 CV0@55.687C CPU@58.593C SOC2@56.656C SOC0@57.437C CV1@55.687C GPU@56.468C tj@59.031C SOC1@59.031C CV2@55.906C
08-21-2026 19:59:46 RAM 4295/15389MB (lfb 1156x4MB) SWAP 0/7694MB (cached 0MB) CPU [0%@1984,33%@1984,0%@1984,0%@1984,0%@1344,0%@1344,0%@1344,0%@1344] EMC_FREQ 0% GR3D_FREQ 0% GR3D2_FREQ 0%@0 CV0@55.687C CPU@58.562C SOC2@56.781C SOC0@57.5C CV1@55.718C GPU@56.093C tj@59C SOC1@59C CV2@55.843C
08-21-2026 19:59:46 RAM 4295/15389MB (lfb 1156x4MB) SWAP 0/7694MB (cached 0MB) CPU [0%@1984,0%@1984,50%@1984,0%@1984,0%@1420,0%@1420,50%@1420,50%@1420] EMC_FREQ 0% GR3D_FREQ 0% GR3D2_FREQ 0%@0 CV0@55.593C CPU@58.5C SOC2@56.718C SOC0@57.656C CV1@55.562C GPU@56.343C tj@59.093C SOC1@59.093C CV2@55.843C
08-21-2026 19:59:46 RAM 4295/15389MB (lfb 1156x4MB) SWAP 0/7694MB (cached 0MB) CPU [0%@1984,0%@1984,0%@1984,0%@1984,0%@1267,100%@1267,0%@1267,0%@1267] EMC_FREQ 0% GR3D_FREQ 20% GR3D2_FREQ 20%@0 CV0@55.75C CPU@58.281C SOC2@56.718C SOC0@57.625C CV1@55.593C GPU@56.125C tj@58.968C SOC1@59.125C CV2@55.875C
08-21-2026 19:59:46 RAM 4295/15389MB (lfb 1156x4MB) SWAP 0/7694MB (cached 0MB) CPU [50%@1984,0%@1984,100%@1984,0%@1984,0%@1497,0%@1497,0%@1497,0%@1497] EMC_FREQ 0% GR3D_FREQ 23% GR3D2_FREQ 23%@0 CV0@55.593C CPU@58.343C SOC2@56.593C SOC0@57.437C CV1@55.593C GPU@56.093C tj@59C SOC1@59C CV2@55.875C
08-21-2026 19:59:46 RAM 4295/15389MB (lfb 1156x4MB) SWAP 0/7694MB (cached 0MB) CPU [0%@1984,0%@1984,0%@1984,0%@1984,0%@1344,50%@1344,0%@1344,0%@1344] EMC_FREQ 0% GR3D_FREQ 23% GR3D2_FREQ 23%@0 CV0@55.531C CPU@58.312C SOC2@56.625C SOC0@57.593C CV1@55.562C GPU@56.156C tj@59C SOC1@59C CV2@55.906C
08-21-2026 19:59:46 RAM 4295/15389MB (lfb 1156x4MB) SWAP 0/7694MB (cached 0MB) CPU [0%@1984,0%@1984,0%@1984,0%@1984,0%@1497,0%@1497,0%@1497,0%@1497] EMC_FREQ 0% GR3D_FREQ 0% GR3D2_FREQ 0%@0 CV0@55.593C CPU@58.437C SOC2@56.843C SOC0@57.625C CV1@55.593C GPU@56.468C tj@59C SOC1@59C CV2@55.937C
08-21-2026 19:59:46 RAM 4295/15389MB (lfb 1156x4MB) SWAP 0/7694MB (cached 0MB) CPU [50%@1984,50%@1984,0%@1984,0%@1984,0%@1420,50%@1420,0%@1420,0%@1420] EMC_FREQ 0% GR3D_FREQ 23% GR3D2_FREQ 23%@0 CV0@55.531C CPU@58.75C SOC2@56.75C SOC0@57.562C CV1@55.812C GPU@56.343C tj@58.937C SOC1@58.937C CV2@55.937C
08-21-2026 19:59:46 RAM 4295/15389MB (lfb 1156x4MB) SWAP 0/7694MB (cached 0MB) CPU [50%@1984,0%@1984,0%@1984,0%@1984,0%@1420,0%@1420,0%@1420,0%@1420] EMC_FREQ 0% GR3D_FREQ 13% GR3D2_FREQ 13%@0 CV0@55.656C CPU@58.656C SOC2@56.781C SOC0@57.5C CV1@55.625C GPU@56.156C tj@58.875C SOC1@58.875C CV2@55.812C
08-21-2026 19:59:46 RAM 4295/15389MB (lfb 1156x4MB) SWAP 0/7694MB (cached 0MB) CPU [0%@806,0%@1984,50%@1984,0%@1984,0%@1420,0%@1420,0%@1420,0%@1420] EMC_FREQ 0% GR3D_FREQ 13% GR3D2_FREQ 13%@0 CV0@55.593C CPU@58.562C SOC2@56.781C SOC0@57.531C CV1@55.781C GPU@56.312C tj@59.062C SOC1@59.062C CV2@55.812C
08-21-2026 19:59:46 RAM 4295/15389MB (lfb 1156x4MB) SWAP 0/7694MB (cached 0MB) CPU [0%@1984,0%@1984,50%@1984,50%@1984,100%@1420,0%@1420,0%@1420,0%@1420] EMC_FREQ 0% GR3D_FREQ 9% GR3D2_FREQ 9%@0 CV0@55.593C CPU@58.593C SOC2@56.781C SOC0@57.656C CV1@55.625C GPU@56.125C tj@58.937C SOC1@58.937C CV2@55.937C
08-21-2026 19:59:46 RAM 4295/15389MB (lfb 1156x4MB) SWAP 0/7694MB (cached 0MB) CPU [0%@883,0%@883,0%@883,0%@883,50%@1420,0%@1420,0%@1420,0%@1420] EMC_FREQ 0% GR3D_FREQ 22% GR3D2_FREQ 22%@0 CV0@55.687C CPU@58.375C SOC2@56.718C SOC0@57.562C CV1@55.625C GPU@56.281C tj@59.031C SOC1@59.031C CV2@55.843C
08-21-2026 19:59:46 RAM 4295/15389MB (lfb 1156x4MB) SWAP 0/7694MB (cached 0MB) CPU [0%@883,0%@883,100%@883,50%@883,0%@1344,0%@1344,0%@1344,0%@1344] EMC_FREQ 0% GR3D_FREQ 0% GR3D2_FREQ 0%@0 CV0@55.625C CPU@58.437C SOC2@56.75C SOC0@57.625C CV1@55.531C GPU@56.156C tj@59.187C SOC1@59.187C CV2@55.781C
08-21-2026 19:59:46 RAM 4295/15389MB (lfb 1156x4MB) SWAP 0/7694MB (cached 0MB) CPU [0%@1984,33%@1984,0%@1984,0%@1984,0%@1344,0%@1344,0%@1344,0%@1344] EMC_FREQ 0% GR3D_FREQ 0% GR3D2_FREQ 0%@0 CV0@55.531C CPU@58.281C SOC2@56.687C SOC0@57.593C CV1@55.562C GPU@56.437C tj@59.062C SOC1@59.062C CV2@55.875C
08-21-2026 19:59:46 RAM 4295/15389MB (lfb 1156x4MB) SWAP 0/7694MB (cached 0MB) CPU [0%@1984,0%@1984,50%@1984,0%@1984,100%@1267,0%@1267,0%@1267,0%@1267] EMC_FREQ 0% GR3D_FREQ 22% GR3D2_FREQ 22%@0 CV0@55.531C CPU@58.312C SOC2@56.75C SOC0@57.531C CV1@55.625C GPU@56.156C tj@58.937C SOC1@58.937C CV2@55.968C
08-21-2026 19:59:46 RAM 4295/15389MB (lfb 1156x4MB) SWAP 0/7694MB (cached 0MB) CPU [0%@1984,0%@1984,0%@1984,0%@1984,50%@1344,0%@1344,0%@1344,0%@1344] EMC_FREQ 0% GR3D_FREQ 22% GR3D2_FREQ 22%@0 CV0@55.562C CPU@58.25C SOC2@56.875C SOC0@57.531C CV1@55.812C GPU@56.062C tj@58.968C SOC1@58.968C CV2@55.906C
08-21-2026 19:59:46 RAM 4295/15389MB (lfb 1156x4MB) SWAP 0/7694MB (cached 0MB) CPU [0%@806,0%@806,0%@806,0%@806,0%@1344,0%@1344,0%@1344,0%@1344] EMC_FREQ 0% GR3D_FREQ 22% GR3D2_FREQ 0%@0 CV0@55.562C CPU@58.281C SOC2@56.687C SOC0@57.531C CV1@55.781C GPU@56.281C tj@58.937C SOC1@59C CV2@55.875C
08-21-2026 19:59:46 RAM 4295/15389MB (lfb 1156x4MB) SWAP 0/7694MB (cached 0MB) CPU [0%@883,0%@883,100%@883,0%@883,100%@1344,50%@1344,50%@1344,0%@1344] EMC_FREQ 0% GR3D_FREQ 0% GR3D2_FREQ 0%@0 CV0@55.625C CPU@58.281C SOC2@56.687C SOC0@57.5C CV1@55.687C GPU@56.093C tj@58.875C SOC1@58.875C CV2@55.937C
08-21-2026 19:59:46 RAM 4295/15389MB (lfb 1156x4MB) SWAP 0/7694MB (cached 0MB) CPU [0%@1984,0%@1984,50%@1984,0%@1984,0%@1420,0%@1420,0%@1420,0%@1420] EMC_FREQ 0% GR3D_FREQ 23% GR3D2_FREQ 23%@0 CV0@55.718C CPU@58.656C SOC2@56.875C SOC0@57.468C CV1@55.625C GPU@56.468C tj@58.968C SOC1@58.968C CV2@55.843C
08-21-2026 19:59:46 RAM 4295/15389MB (lfb 1156x4MB) SWAP 0/7694MB (cached 0MB) CPU [0%@729,50%@729,0%@729,0%@729,50%@1420,0%@1420,0%@1420,0%@1420] EMC_FREQ 0% GR3D_FREQ 0% GR3D2_FREQ 0%@0 CV0@55.625C CPU@58.343C SOC2@56.718C SOC0@57.531C CV1@55.625C GPU@56.156C tj@59.281C SOC1@59.281C CV2@55.75C
08-21-2026 19:59:46 RAM 4295/15389MB (lfb 1156x4MB) SWAP 0/7694MB (cached 0MB) CPU [50%@1984,0%@1984,50%@1984,0%@1984,0%@1420,0%@1420,0%@1420,0%@1420] EMC_FREQ 0% GR3D_FREQ 0% GR3D2_FREQ 0%@0 CV0@55.625C CPU@58.343C SOC2@56.687C SOC0@57.531C CV1@55.718C GPU@56.312C tj@59.093C SOC1@59.093C CV2@55.875C
08-21-2026 19:59:46 RAM 4295/15389MB (lfb 1156x4MB) SWAP 0/7694MB (cached 0MB) CPU [0%@729,0%@729,0%@729,0%@1984,0%@1344,0%@1344,0%@1344,0%@1344] EMC_FREQ 0% GR3D_FREQ 22% GR3D2_FREQ 22%@0 CV0@55.593C CPU@58.375C SOC2@56.687C SOC0@57.593C CV1@55.531C GPU@56.093C tj@59.156C SOC1@59.156C CV2@55.843C
08-21-2026 19:59:46 RAM 4295/15389MB (lfb 1156x4MB) SWAP 0/7694MB (cached 0MB) CPU [0%@1984,0%@1984,100%@1984,0%@1984,50%@1420,50%@1420,50%@1420,0%@1420] EMC_FREQ 0% GR3D_FREQ 19% GR3D2_FREQ 19%@0 CV0@55.531C CPU@58.406C SOC2@56.625C SOC0@57.562C CV1@55.687C GPU@56.031C tj@58.937C SOC1@58.937C CV2@56C
08-21-2026 19:59:46 RAM 4295/15389MB (lfb 1156x4MB) SWAP 0/7694MB (cached 0MB) CPU [0%@1036,0%@1036,50%@1036,0%@1036,100%@1267,0%@1267,0%@1267,0%@1267] EMC_FREQ 0% GR3D_FREQ 0% GR3D2_FREQ 0%@0 CV0@55.562C CPU@58.406C SOC2@56.75C SOC0@57.531C CV1@55.531C GPU@56.218C tj@59.031C SOC1@59.031C CV2@55.937C
08-21-2026 19:59:46 RAM 4295/15389MB (lfb 1156x4MB) SWAP 0/7694MB (cached 0MB) CPU [0%@960,0%@960,50%@960,50%@960,0%@1420,0%@1420,0%@1420,33%@1420] EMC_FREQ 0% GR3D_FREQ 0% GR3D2_FREQ 0%@0 CV0@55.531C CPU@58.343C SOC2@56.906C SOC0@57.593C CV1@55.625C GPU@56.468C tj@59.125C SOC1@59.125C CV2@55.875C
08-21-2026 19:59:46 RAM 4295/15389MB (lfb 1156x4MB) SWAP 0/7694MB (cached 0MB) CPU [0%@1984,0%@1984,0%@1984,50%@1984,0%@1190,0%@1190,0%@1190,0%@1190] EMC_FREQ 0% GR3D_FREQ 23% GR3D2_FREQ 23%@0 CV0@55.437C CPU@58.375C SOC2@56.75C SOC0@57.531C CV1@55.718C GPU@56.437C tj@58.937C SOC1@58.937C CV2@55.968C
08-21-2026 19:59:46 RAM 4295/15389MB (lfb 1156x4MB) SWAP 0/7694MB (cached 0MB) CPU [50%@806,50%@806,0%@806,0%@806,100%@1420,0%@1420,0%@1420,0%@1420] EMC_FREQ 0% GR3D_FREQ 14% GR3D2_FREQ 14%@0 CV0@55.625C CPU@58.468C SOC2@56.812C SOC0@57.5C CV1@55.687C GPU@56.093C tj@59.125C SOC1@59.125C CV2@55.875C
08-21-2026 19:59:46 RAM 4295/15389MB (lfb 1156x4MB) SWAP 0/7694MB (cached 0MB) CPU [0%@1984,0%@1984,0%@1984,0%@1984,50%@1420,0%@1420,0%@1420,0%@1420] EMC_FREQ 0% GR3D_FREQ 11% GR3D2_FREQ 11%@0 CV0@55.718C CPU@58.406C SOC2@56.718C SOC0@57.562C CV1@55.656C GPU@56.281C tj@59.031C SOC1@59.031C CV2@55.812C
08-21-2026 19:59:46 RAM 4295/15389MB (lfb 1156x4MB) SWAP 0/7694MB (cached 0MB) CPU [0%@1984,0%@1984,0%@1984,0%@1984,50%@1344,0%@1344,0%@1344,0%@1344] EMC_FREQ 0% GR3D_FREQ 11% GR3D2_FREQ 11%@0 CV0@55.718C CPU@58.437C SOC2@56.75C SOC0@57.656C CV1@55.687C GPU@56.093C tj@58.906C SOC1@58.906C CV2@55.906C
08-21-2026 19:59:46 RAM 4295/15389MB (lfb 1156x4MB) SWAP 0/7694MB (cached 0MB) CPU [0%@1984,50%@1984,0%@1984,0%@1984,0%@1267,0%@1267,0%@1267,0%@1267] EMC_FREQ 0% GR3D_FREQ 22% GR3D2_FREQ 22%@0 CV0@55.593C CPU@58.375C SOC2@56.656C SOC0@57.687C CV1@55.625C GPU@56.062C tj@59.156C SOC1@59.156C CV2@55.843C
08-21-2026 19:59:46 RAM 4295/15389MB (lfb 1156x4MB) SWAP 0/7694MB (cached 0MB) CPU [0%@1984,0%@1984,0%@1984,0%@1984,100%@1420,0%@1420,0%@1420,0%@1420] EMC_FREQ 0% GR3D_FREQ 0% GR3D2_FREQ 0%@0 CV0@55.625C CPU@58.406C SOC2@56.812C SOC0@57.656C CV1@55.687C GPU@56.25C tj@59.125C SOC1@59.125C CV2@55.781C
08-21-2026 19:59:46 RAM 4295/15389MB (lfb 1156x4MB) SWAP 0/7694MB (cached 0MB) CPU [50%@729,0%@729,100%@729,0%@729,0%@1267,0%@1267,0%@1267,0%@1267] EMC_FREQ 0% GR3D_FREQ 22% GR3D2_FREQ 22%@0 CV0@55.562C CPU@58.343C SOC2@56.718C SOC0@57.531C CV1@55.531C GPU@56.437C tj@59.031C SOC1@59.031C CV2@55.906C
08-21-2026 19:59:46 RAM 4295/15389MB (lfb 1156x4MB) SWAP 0/7694MB (cached 0MB) CPU [50%@1984,0%@1984,100%@1984,0%@1984,100%@1344,0%@1344,0%@1344,0%@1344] EMC_FREQ 0% GR3D_FREQ 22% GR3D2_FREQ 22%@0 CV0@55.531C CPU@58.375C SOC2@56.625C SOC0@57.593C CV1@55.562C GPU@56.375C tj@59.125C SOC1@59.125C CV2@55.968C
08-21-2026 19:59:46 RAM 4295/15389MB (lfb 1156x4MB) SWAP 0/7694MB (cached 0MB) CPU [0%@1984,0%@1984,100%@1984,0%@1984,50%@1344,0%@1344,0%@1344,50%@1344] EMC_FREQ 0% GR3D_FREQ 22% GR3D2_FREQ 22%@0 CV0@55.531C CPU@58.343C SOC2@56.656C SOC0@57.562C CV1@55.562C GPU@56.156C tj@59.062C SOC1@59.062C CV2@55.937C
08-21-2026 19:59:46 RAM 4295/15389MB (lfb 1156x4MB) SWAP 0/7694MB (cached 0MB) CPU [0%@1984,0%@1984,66%@1984,0%@1984,0%@1267,0%@1267,0%@1267,0%@1267] EMC_FREQ 0% GR3D_FREQ 0% GR3D2_FREQ 0%@0 CV0@55.687C CPU@58.25C SOC2@56.781C SOC0@57.468C CV1@55.687C GPU@56.187C tj@58.968C SOC1@58.968C CV2@55.875C
08-21-2026 19:59:46 RAM 4295/15389MB (lfb 1156x4MB) SWAP 0/7694MB (cached 0MB) CPU [50%@1984,0%@1984,0%@1984,66%@1984,0%@1420,0%@1420,0%@1420,0%@1420] EMC_FREQ 0% GR3D_FREQ 20% GR3D2_FREQ 20%@0 CV0@55.625C CPU@58.5C SOC2@56.812C SOC0@57.625C CV1@55.687C GPU@56.187C tj@59.093C SOC1@59.093C CV2@55.937C
08-21-2026 19:59:46 RAM 4295/15389MB (lfb 1156x4MB) SWAP 0/7694MB (cached 0MB) CPU [0%@1267,0%@1267,0%@1267,0%@1267,100%@1267,0%@1267,0%@1267,0%@1267] EMC_FREQ 0% GR3D_FREQ 20% GR3D2_FREQ 20%@0 CV0@55.562C CPU@58.406C SOC2@56.781C SOC0@57.562C CV1@55.687C GPU@56.437C tj@58.968C SOC1@58.968C CV2@55.875C
08-21-2026 19:59:46 RAM 4295/15389MB (lfb 1156x4MB) SWAP 0/7694MB (cached 0MB) CPU [0%@1984,0%@1984,0%@1984,0%@1984,50%@1497,0%@1497,0%@1497,0%@1497] EMC_FREQ 0% GR3D_FREQ 0% GR3D2_FREQ 0%@0 CV0@55.718C CPU@58.437C SOC2@56.718C SOC0@57.5C CV1@55.687C GPU@56.156C tj@58.937C SOC1@58.937C CV2@55.937C
08-21-2026 19:59:46 RAM 4295/15389MB (lfb 1156x4MB) SWAP 0/7694MB (cached 0MB) CPU [0%@1113,0%@1113,0%@1113,0%@1113,50%@1420,33%@1420,0%@1420,0%@1420] EMC_FREQ 0% GR3D_FREQ 22% GR3D2_FREQ 22%@0 CV0@55.718C CPU@58.437C SOC2@56.687C SOC0@57.718C CV1@55.562C GPU@56.312C tj@58.968C SOC1@58.968C CV2@55.937C
08-21-2026 19:59:46 RAM 4295/15389MB (lfb 1156x4MB) SWAP 0/7694MB (cached 0MB) CPU [0%@960,0%@960,50%@960,0%@960,0%@1420,0%@1420,0%@1420,33%@1420] EMC_FREQ 0% GR3D_FREQ 22% GR3D2_FREQ 22%@0 CV0@55.687C CPU@58.437C SOC2@56.781C SOC0@57.625C CV1@55.687C GPU@56.343C tj@59.093C SOC1@59.093C CV2@55.781C
08-21-2026 19:59:46 RAM 4295/15389MB (lfb 1156x4MB) SWAP 0/7694MB (cached 0MB) CPU [0%@1036,0%@1036,0%@1036,0%@1036,50%@1267,0%@1267,0%@1267,0%@1267] EMC_FREQ 0% GR3D_FREQ 23% GR3D2_FREQ 23%@0 CV0@55.75C CPU@58.437C SOC2@56.656C SOC0@57.593C CV1@55.625C GPU@56.093C tj@59C SOC1@59C CV2@55.781C
08-21-2026 19:59:47 RAM 4295/15389MB (lfb 1156x4MB) SWAP 0/7694MB (cached 0MB) CPU [0%@729,0%@729,50%@729,0%@729,0%@1344,0%@1344,0%@1344,0%@1344] EMC_FREQ 0% GR3D_FREQ 0% GR3D2_FREQ 0%@0 CV0@55.656C CPU@58.406C SOC2@56.687C SOC0@57.562C CV1@55.531C GPU@56C tj@59.031C SOC1@59.031C CV2@55.937C
08-21-2026 19:59:47 RAM 4295/15389MB (lfb 1156x4MB) SWAP 0/7694MB (cached 0MB) CPU [0%@883,0%@883,50%@883,0%@883,0%@1267,0%@1267,0%@1267,0%@1267] EMC_FREQ 0% GR3D_FREQ 22% GR3D2_FREQ 22%@0 CV0@55.531C CPU@58.343C SOC2@56.812C SOC0@57.5C CV1@55.625C GPU@56.218C tj@58.937C SOC1@58.937C CV2@56C
08-21-2026 19:59:47 RAM 4295/15389MB (lfb 1156x4MB) SWAP 0/7694MB (cached 0MB) CPU [0%@883,0%@883,0%@883,0%@883,100%@1420,0%@1420,0%@1420,0%@1420] EMC_FREQ 0% GR3D_FREQ 19% GR3D2_FREQ 19%@0 CV0@55.593C CPU@58.187C SOC2@56.843C SOC0@57.531C CV1@55.531C GPU@56.406C tj@59.062C SOC1@59.062C CV2@55.906C
08-21-2026 19:59:47 RAM 4295/15389MB (lfb 1156x4MB) SWAP 0/7694MB (cached 0MB) CPU [50%@883,0%@883,0%@883,0%@883,0%@1267,0%@1267,0%@1267,0%@1267] EMC_FREQ 0% GR3D_FREQ 19% GR3D2_FREQ 19%@0 CV0@55.562C CPU@58.25C SOC2@56.781C SOC0@57.593C CV1@55.656C GPU@56.281C tj@59.031C SOC1@59.031C CV2@55.968C
08-21-2026 19:59:47 RAM 4295/15389MB (lfb 1156x4MB) SWAP 0/7694MB (cached 0MB) CPU [0%@1984,50%@1984,50%@1984,0%@1984,0%@1344,50%@1344,0%@1344,0%@1344] EMC_FREQ 0% GR3D_FREQ 3% GR3D2_FREQ 3%@0 CV0@55.5C CPU@58.281C SOC2@56.718C SOC0@57.593C CV1@55.687C GPU@56.125C tj@58.968C SOC1@58.968C CV2@55.812C
08-21-2026 19:59:47 RAM 4295/15389MB (lfb 1156x4MB) SWAP 0/7694MB (cached 0MB) CPU [50%@729,0%@729,0%@729,0%@729,0%@1344,50%@1344,0%@1344,0%@1344] EMC_FREQ 0% GR3D_FREQ 22% GR3D2_FREQ 22%@0 CV0@55.625C CPU@58.281C SOC2@56.812C SOC0@57.5C CV1@55.656C GPU@56.343C tj@59C SOC1@59C CV2@55.968C
08-21-2026 19:59:47 RAM 4295/15389MB (lfb 1156x4MB) SWAP 0/7694MB (cached 0MB) CPU [0%@806,50%@806,50%@806,0%@806,0%@1344,100%@1344,50%@1344,0%@1344] EMC_FREQ 0% GR3D_FREQ 0% GR3D2_FREQ 0%@0 CV0@55.687C CPU@58.375C SOC2@56.656C SOC0@57.531C CV1@55.75C GPU@56.156C tj@58.937C SOC1@58.937C CV2@55.875C
08-21-2026 19:59:47 RAM 4295/15389MB (lfb 1156x4MB) SWAP 0/7694MB (cached 0MB) CPU [0%@883,0%@883,0%@883,0%@883,0%@1497,0%@1497,0%@1497,50%@1497] EMC_FREQ 0% GR3D_FREQ 0% GR3D2_FREQ 0%@0 CV0@55.687C CPU@58.468C SOC2@56.781C SOC0@57.531C CV1@55.625C GPU@56.406C tj@58.906C SOC1@58.906C CV2@55.875C
08-21-2026 19:59:47 RAM 4295/15389MB (lfb 1156x4MB) SWAP 0/7694MB (cached 0MB) CPU [0%@806,0%@806,100%@806,0%@806,0%@1344,0%@1344,0%@1344,0%@1344] EMC_FREQ 0% GR3D_FREQ 22% GR3D2_FREQ 22%@0 CV0@55.687C CPU@58.531C SOC2@56.656C SOC0@57.468C CV1@55.687C GPU@56.375C tj@59.031C SOC1@59.031C CV2@55.718C
08-21-2026 19:59:47 RAM 4295/15389MB (lfb 1156x4MB) SWAP 0/7694MB (cached 0MB) CPU [0%@1984,50%@1984,50%@1984,0%@1984,0%@1344,0%@1344,0%@1344,50%@1344] EMC_FREQ 0% GR3D_FREQ 22% GR3D2_FREQ 22%@0 CV0@55.656C CPU@58.375C SOC2@56.593C SOC0@57.593C CV1@55.562C GPU@56.125C tj@59.125C SOC1@59.125C CV2@55.875C
08-21-2026 19:59:47 RAM 4295/15389MB (lfb 1156x4MB) SWAP 0/7694MB (cached 0MB) CPU [0%@883,0%@883,0%@883,0%@883,0%@1267,0%@1267,0%@1267,50%@1267] EMC_FREQ 0% GR3D_FREQ 0% GR3D2_FREQ 0%@0 CV0@55.531C CPU@58.25C SOC2@56.687C SOC0@57.656C CV1@55.593C GPU@56.218C tj@59.125C SOC1@59.125C CV2@55.812C
08-21-2026 19:59:47 RAM 4295/15389MB (lfb 1156x4MB) SWAP 0/7694MB (cached 0MB) CPU [0%@806,0%@806,0%@806,50%@806,0%@1420,0%@1420,0%@1420,100%@1420] EMC_FREQ 0% GR3D_FREQ 0% GR3D2_FREQ 0%@0 CV0@55.625C CPU@58.5C SOC2@56.625C SOC0@57.5C CV1@55.562C GPU@56.093C tj@59.031C SOC1@59.031C CV2@55.875C
08-21-2026 19:59:47 RAM 4295/15389MB (lfb 1156x4MB) SWAP 0/7694MB (cached 0MB) CPU [50%@960,0%@960,50%@960,0%@1984,0%@1190,0%@1190,0%@1190,0%@1190] EMC_FREQ 0% GR3D_FREQ 22% GR3D2_FREQ 22%@0 CV0@55.562C CPU@58.437C SOC2@56.687C SOC0@57.562C CV1@55.531C GPU@56C tj@58.968C SOC1@58.968C CV2@56C
08-21-2026 19:59:47 RAM 4295/15389MB (lfb 1156x4MB) SWAP 0/7694MB (cached 0MB) CPU [0%@1984,0%@1984,50%@1984,50%@1984,100%@1344,0%@1344,0%@1344,0%@1344] EMC_FREQ 0% GR3D_FREQ 0% GR3D2_FREQ 0%@0 CV0@55.531C CPU@58.281C SOC2@56.781C SOC0@57.562C CV1@55.656C GPU@56.156C tj@59.031C SOC1@59.031C CV2@55.906C
08-21-2026 19:59:47 RAM 4295/15389MB (lfb 1156x4MB) SWAP 0/7694MB (cached 0MB) CPU [0%@1984,0%@1984,50%@1984,0%@1984,0%@1344,0%@1344,0%@1344,0%@1344] EMC_FREQ 0% GR3D_FREQ 0% GR3D2_FREQ 0%@0 CV0@55.531C CPU@58.5C SOC2@56.718C SOC0@57.562C CV1@55.75C GPU@56.343C tj@58.968C SOC1@58.968C CV2@55.906C
08-21-2026 19:59:47 RAM 4295/15389MB (lfb 1156x4MB) SWAP 0/7694MB (cached 0MB) CPU [0%@1984,0%@1984,0%@1984,0%@1984,50%@1344,0%@1344,0%@1344,0%@1344] EMC_FREQ 0% GR3D_FREQ 22% GR3D2_FREQ 22%@0 CV0@55.625C CPU@58.437C SOC2@56.75C SOC0@57.468C CV1@55.687C GPU@56.093C tj@59.031C SOC1@59.031C CV2@55.906C
08-21-2026 19:59:47 RAM 4295/15389MB (lfb 1156x4MB) SWAP 0/7694MB (cached 0MB) CPU [0%@1984,50%@1984,0%@1984,0%@1984,0%@1420,0%@1420,0%@1420,0%@1420] EMC_FREQ 0% GR3D_FREQ 23% GR3D2_FREQ 23%@0 CV0@55.625C CPU@58.437C SOC2@56.812C SOC0@57.562C CV1@55.687C GPU@56.125C tj@58.937C SOC1@58.937C CV2@55.906C
08-21-2026 19:59:47 RAM 4295/15389MB (lfb 1156x4MB) SWAP 0/7694MB (cached 0MB) CPU [50%@806,0%@806,50%@806,0%@806,50%@1344,0%@1344,0%@1344,0%@1344] EMC_FREQ 0% GR3D_FREQ 0% GR3D2_FREQ 0%@0 CV0@55.687C CPU@58.468C SOC2@56.75C SOC0@57.593C CV1@55.593C GPU@56.218C tj@58.937C SOC1@58.937C CV2@55.937C
08-21-2026 19:59:47 RAM 4295/15389MB (lfb 1156x4MB) SWAP 0/7694MB (cached 0MB) CPU [0%@883,0%@883,0%@883,50%@883,50%@1344,0%@1344,0%@1344,0%@1344] EMC_FREQ 0% GR3D_FREQ 0% GR3D2_FREQ 0%@0 CV0@55.656C CPU@58.468C SOC2@56.687C SOC0@57.75C CV1@55.656C GPU@56.062C tj@58.937C SOC1@58.937C CV2@55.75C
08-21-2026 19:59:47 RAM 4295/15389MB (lfb 1156x4MB) SWAP 0/7694MB (cached 0MB) CPU [0%@1984,0%@1984,0%@1984,0%@1984,100%@1344,0%@1344,0%@1344,0%@1344] EMC_FREQ 0% GR3D_FREQ 19% GR3D2_FREQ 19%@0 CV0@55.687C CPU@58.375C SOC2@56.656C SOC0@57.687C CV1@55.656C GPU@56.437C tj@59.125C SOC1@59.125C CV2@55.843C
08-21-2026 19:59:47 RAM 4295/15389MB (lfb 1156x4MB) SWAP 0/7694MB (cached 0MB) CPU [50%@883,0%@883,0%@883,100%@883,0%@1344,0%@1344,0%@1344,0%@1344] EMC_FREQ 0% GR3D_FREQ 18% GR3D2_FREQ 18%@0 CV0@55.593C CPU@58.343C SOC2@56.718C SOC0@57.531C CV1@55.562C GPU@56.125C tj@59.156C SOC1@59.156C CV2@55.812C
08-21-2026 19:59:47 RAM 4295/15389MB (lfb 1156x4MB) SWAP 0/7694MB (cached 0MB) CPU [0%@729,0%@729,0%@729,0%@729,50%@1344,0%@1344,0%@1344,0%@1344] EMC_FREQ 0% GR3D_FREQ 1% GR3D2_FREQ 1%@0 CV0@55.593C CPU@58.375C SOC2@56.718C SOC0@57.562C CV1@55.656C GPU@56.25C tj@58.968C SOC1@58.968C CV2@55.937C
08-21-2026 19:59:47 RAM 4295/15389MB (lfb 1156x4MB) SWAP 0/7694MB (cached 0MB) CPU [50%@1984,0%@1984,0%@1984,50%@1984,0%@1344,0%@1344,50%@1344,50%@1344] EMC_FREQ 0% GR3D_FREQ 1% GR3D2_FREQ 1%@0 CV0@55.625C CPU@58.312C SOC2@56.718C SOC0@57.531C CV1@55.562C GPU@56.25C tj@59.062C SOC1@59.062C CV2@56C
08-21-2026 19:59:47 RAM 4295/15389MB (lfb 1156x4MB) SWAP 0/7694MB (cached 0MB) CPU [0%@806,0%@806,0%@806,50%@806,50%@1344,0%@1344,0%@1344,0%@1344] EMC_FREQ 0% GR3D_FREQ 22% GR3D2_FREQ 22%@0 CV0@55.625C CPU@58.218C SOC2@56.781C SOC0@57.531C CV1@55.718C GPU@56.062C tj@59.062C SOC1@59.062C CV2@56C
08-21-2026 19:59:47 RAM 4295/15389MB (lfb 1156x4MB) SWAP 0/7694MB (cached 0MB) CPU [0%@729,0%@729,0%@729,0%@729,50%@1420,0%@1420,0%@1420,0%@1420] EMC_FREQ 0% GR3D_FREQ 0% GR3D2_FREQ 0%@0 CV0@55.562C CPU@58.343C SOC2@56.718C SOC0@57.656C CV1@55.656C GPU@56.156C tj@58.968C SOC1@58.968C CV2@55.937C
08-21-2026 19:59:47 RAM 4295/15389MB (lfb 1156x4MB) SWAP 0/7694MB (cached 0MB) CPU [0%@1984,50%@1984,0%@1984,0%@1984,0%@1190,0%@1190,33%@1190,0%@1190] EMC_FREQ 0% GR3D_FREQ 23% GR3D2_FREQ 23%@0 CV0@55.5C CPU@58.437C SOC2@56.75C SOC0@57.593C CV1@55.656C GPU@56.187C tj@58.937C SOC1@58.937C CV2@55.906C
08-21-2026 19:59:47 RAM 4295/15389MB (lfb 1156x4MB) SWAP 0/7694MB (cached 0MB) CPU [0%@1984,0%@1984,0%@1984,50%@1984,100%@1344,0%@1344,0%@1344,0%@1420] EMC_FREQ 0% GR3D_FREQ 23% GR3D2_FREQ 23%@0 CV0@55.75C CPU@58.531C SOC2@56.718C SOC0@57.5C CV1@55.718C GPU@56.343C tj@58.875C SOC1@58.875C CV2@55.781C
08-21-2026 19:59:47 RAM 4295/15389MB (lfb 1156x4MB) SWAP 0/7694MB (cached 0MB) CPU [50%@1984,50%@1984,0%@1984,0%@1984,0%@1190,0%@1190,50%@1190,0%@1190] EMC_FREQ 0% GR3D_FREQ 22% GR3D2_FREQ 22%@0 CV0@55.656C CPU@58.375C SOC2@56.812C SOC0@57.406C CV1@55.625C GPU@56.031C tj@58.937C SOC1@58.937C CV2@55.875C
08-21-2026 19:59:47 RAM 4295/15389MB (lfb 1156x4MB) SWAP 0/7694MB (cached 0MB) CPU [0%@729,0%@729,0%@729,100%@729,66%@1420,0%@1420,0%@1420,0%@1420] EMC_FREQ 0% GR3D_FREQ 0% GR3D2_FREQ 0%@0 CV0@55.718C CPU@58.437C SOC2@56.75C SOC0@57.437C CV1@55.625C GPU@56.031C tj@58.781C SOC1@58.781C CV2@55.875C
08-21-2026 19:59:47 RAM 4295/15389MB (lfb 1156x4MB) SWAP 0/7694MB (cached 0MB) CPU [0%@1984,0%@1984,0%@1984,0%@1984,0%@1420,0%@1420,33%@1420,0%@1420] EMC_FREQ 0% GR3D_FREQ 23% GR3D2_FREQ 23%@0 CV0@55.625C CPU@58.406C SOC2@56.75C SOC0@57.5C CV1@55.656C GPU@56.187C tj@58.968C SOC1@58.968C CV2@55.906C
08-21-2026 19:59:47 RAM 4295/15389MB (lfb 1156x4MB) SWAP 0/7694MB (cached 0MB) CPU [50%@1984,0%@1984,0%@1984,50%@1984,0%@1344,0%@1344,0%@1344,50%@1344] EMC_FREQ 0% GR3D_FREQ 23% GR3D2_FREQ 23%@0 CV0@55.687C CPU@58.375C SOC2@56.718C SOC0@57.656C CV1@55.593C GPU@56.156C tj@59.187C SOC1@59.187C CV2@55.812C
08-21-2026 19:59:47 RAM 4295/15389MB (lfb 1156x4MB) SWAP 0/7694MB (cached 0MB) CPU [0%@1984,0%@1984,0%@1984,50%@1984,0%@1267,0%@1267,0%@1267,0%@1267] EMC_FREQ 0% GR3D_FREQ 9% GR3D2_FREQ 9%@0 CV0@55.531C CPU@58.343C SOC2@56.718C SOC0@57.562C CV1@55.531C GPU@56.437C tj@58.937C SOC1@58.937C CV2@55.875C
08-21-2026 19:59:47 RAM 4295/15389MB (lfb 1156x4MB) SWAP 0/7694MB (cached 0MB) CPU [0%@729,0%@729,0%@729,0%@729,0%@1344,0%@1344,0%@1344,0%@1344] EMC_FREQ 0% GR3D_FREQ 13% GR3D2_FREQ 13%@0 CV0@55.593C CPU@58.375C SOC2@56.781C SOC0@57.656C CV1@55.593C GPU@56.125C tj@59.031C SOC1@59.062C CV2@55.937C
08-21-2026 19:59:47 RAM 4295/15389MB (lfb 1156x4MB) SWAP 0/7694MB (cached 0MB) CPU [0%@729,0%@729,0%@729,0%@729,0%@1420,50%@1420,0%@1420,0%@1420] EMC_FREQ 0% GR3D_FREQ 20% GR3D2_FREQ 20%@0 CV0@55.562C CPU@58.406C SOC2@56.75C SOC0@57.562C CV1@55.531C GPU@56.343C tj@58.937C SOC1@58.937C CV2@55.875C
08-21-2026 19:59:47 RAM 4295/15389MB (lfb 1156x4MB) SWAP 0/7694MB (cached 0MB) CPU [0%@1984,0%@1984,0%@1984,100%@1984,0%@1344,0%@1344,0%@1344,50%@1344] EMC_FREQ 0% GR3D_FREQ 20% GR3D2_FREQ 20%@0 CV0@55.531C CPU@58.343C SOC2@56.781C SOC0@57.562C CV1@55.687C GPU@56.312C tj@58.937C SOC1@58.937C CV2@56C
08-21-2026 19:59:47 RAM 4295/15389MB (lfb 1156x4MB) SWAP 0/7694MB (cached 0MB) CPU [50%@1984,0%@1984,0%@1984,0%@1984,0%@1574,0%@1574,0%@1574,0%@1574] EMC_FREQ 0% GR3D_FREQ 0% GR3D2_FREQ 0%@0 CV0@55.5C CPU@58.406C SOC2@56.75C SOC0@57.531C CV1@55.718C GPU@56.031C tj@58.875C SOC1@58.875C CV2@55.906C
08-21-2026 19:59:47 RAM 4295/15389MB (lfb 1156x4MB) SWAP 0/7694MB (cached 0MB) CPU [0%@806,0%@806,0%@806,50%@806,50%@1267,0%@1267,0%@1267,0%@1267] EMC_FREQ 0% GR3D_FREQ 20% GR3D2_FREQ 20%@0 CV0@55.781C CPU@58.406C SOC2@56.718C SOC0@57.5C CV1@55.625C GPU@56.187C tj@58.968C SOC1@58.968C CV2@55.875C
08-21-2026 19:59:47 RAM 4295/15389MB (lfb 1156x4MB) SWAP 0/7694MB (cached 0MB) CPU [50%@729,50%@729,0%@729,0%@729,0%@1497,0%@1497,50%@1497,0%@1497] EMC_FREQ 0% GR3D_FREQ 23% GR3D2_FREQ 23%@0 CV0@55.687C CPU@58.468C SOC2@56.718C SOC0@57.562C CV1@55.625C GPU@56.187C tj@59C SOC1@59C CV2@55.812C
08-21-2026 19:59:47 RAM 4295/15389MB (lfb 1156x4MB) SWAP 0/7694MB (cached 0MB) CPU [0%@1984,0%@1984,0%@1984,0%@1984,0%@1267,0%@1267,0%@1267,0%@1267] EMC_FREQ 0% GR3D_FREQ 23% GR3D2_FREQ 23%@0 CV0@55.781C CPU@58.281C SOC2@56.718C SOC0@57.687C CV1@55.593C GPU@56.375C tj@58.906C SOC1@58.906C CV2@55.906C
08-21-2026 19:59:47 RAM 4295/15389MB (lfb 1156x4MB) SWAP 0/7694MB (cached 0MB) CPU [0%@806,50%@806,0%@806,100%@806,100%@1497,0%@1497,50%@1497,0%@1497] EMC_FREQ 0% GR3D_FREQ 0% GR3D2_FREQ 0%@0 CV0@55.718C CPU@58.406C SOC2@56.687C SOC0@57.593C CV1@55.562C GPU@56.093C tj@59C SOC1@59C CV2@55.875C
08-21-2026 19:59:47 RAM 4295/15389MB (lfb 1156x4MB) SWAP 0/7694MB (cached 0MB) CPU [0%@729,0%@729,0%@729,0%@1984,0%@1497,0%@1497,0%@1497,0%@1497] EMC_FREQ 0% GR3D_FREQ 20% GR3D2_FREQ 20%@0 CV0@55.687C CPU@58.375C SOC2@56.625C SOC0@57.656C CV1@55.625C GPU@56.218C tj@59.031C SOC1@59.031C CV2@56C
08-21-2026 19:59:47 RAM 4295/15389MB (lfb 1156x4MB) SWAP 0/7694MB (cached 0MB) CPU [0%@1984,0%@1984,0%@1984,50%@1984,100%@1420,0%@1420,0%@1420,0%@1420] EMC_FREQ 0% GR3D_FREQ 22% GR3D2_FREQ 22%@0 CV0@55.531C CPU@58.437C SOC2@56.625C SOC0@57.468C CV1@55.593C GPU@56.187C tj@58.937C SOC1@58.937C CV2@55.906C
08-21-2026 19:59:47 RAM 4295/15389MB (lfb 1156x4MB) SWAP 0/7694MB (cached 0MB) CPU [50%@1984,0%@1984,0%@1984,50%@1984,0%@1420,0%@1420,0%@1420,0%@1420] EMC_FREQ 0% GR3D_FREQ 22% GR3D2_FREQ 22%@0 CV0@55.531C CPU@58.625C SOC2@56.875C SOC0@57.562C CV1@55.593C GPU@56C tj@59.031C SOC1@59.031C CV2@55.843C
08-21-2026 19:59:47 RAM 4295/15389MB (lfb 1156x4MB) SWAP 0/7694MB (cached 0MB) CPU [0%@883,0%@883,0%@883,0%@883,50%@1344,0%@1344,0%@1344,50%@1344] EMC_FREQ 0% GR3D_FREQ 0% GR3D2_FREQ 0%@0 CV0@55.625C CPU@58.437C SOC2@56.718C SOC0@57.5C CV1@55.687C GPU@56.125C tj@58.906C SOC1@58.906C CV2@55.875C
08-21-2026 19:59:47 RAM 4295/15389MB (lfb 1156x4MB) SWAP 0/7694MB (cached 0MB) CPU [0%@1984,0%@1984,0%@1984,50%@1984,0%@1267,0%@1267,0%@1267,50%@1267] EMC_FREQ 0% GR3D_FREQ 19% GR3D2_FREQ 19%@0 CV0@55.531C CPU@58.531C SOC2@56.75C SOC0@57.5C CV1@55.593C GPU@56.375C tj@58.937C SOC1@58.937C CV2@55.937C
08-21-2026 19:59:47 RAM 4295/15389MB (lfb 1156x4MB) SWAP 0/7694MB (cached 0MB) CPU [0%@1984,0%@1984,0%@1984,0%@1984,100%@1344,0%@1344,0%@1344,0%@1344] EMC_FREQ 0% GR3D_FREQ 19% GR3D2_FREQ 19%@0 CV0@55.812C CPU@58.5C SOC2@56.75C SOC0@57.531C CV1@55.656C GPU@56.281C tj@59C SOC1@59C CV2@55.937C
08-21-2026 19:59:47 RAM 4296/15389MB (lfb 1156x4MB) SWAP 0/7694MB (cached 0MB) CPU [0%@1036,0%@1036,0%@1036,50%@1036,50%@1420,0%@1420,0%@1420,0%@1420] EMC_FREQ 0% GR3D_FREQ 0% GR3D2_FREQ 0%@0 CV0@55.687C CPU@58.562C SOC2@56.687C SOC0@57.718C CV1@55.562C GPU@56.062C tj@59C SOC1@59C CV2@55.781C
08-21-2026 19:59:47 RAM 4296/15389MB (lfb 1156x4MB) SWAP 0/7694MB (cached 0MB) CPU [50%@1984,0%@1984,0%@1984,0%@1984,0%@1267,0%@1267,0%@1267,0%@1267] EMC_FREQ 0% GR3D_FREQ 19% GR3D2_FREQ 19%@0 CV0@55.625C CPU@58.5C SOC2@56.781C SOC0@57.656C CV1@55.687C GPU@56.187C tj@59.156C SOC1@59.156C CV2@55.812C
08-21-2026 19:59:47 RAM 4296/15389MB (lfb 1156x4MB) SWAP 0/7694MB (cached 0MB) CPU [0%@1984,0%@1984,0%@1984,0%@1984,50%@1420,0%@1420,0%@1420,0%@1420] EMC_FREQ 0% GR3D_FREQ 20% GR3D2_FREQ 20%@0 CV0@55.687C CPU@58.562C SOC2@56.687C SOC0@57.5C CV1@55.656C GPU@56.093C tj@59.031C SOC1@59.031C CV2@55.968C
08-21-2026 19:59:47 RAM 4295/15389MB (lfb 1156x4MB) SWAP 0/7694MB (cached 0MB) CPU [0%@1036,0%@1036,0%@1036,0%@1036,0%@1267,0%@1267,0%@1267,0%@1267] EMC_FREQ 0% GR3D_FREQ 20% GR3D2_FREQ 20%@0 CV0@55.687C CPU@58.312C SOC2@56.687C SOC0@57.656C CV1@55.625C GPU@56.375C tj@59.031C SOC1@59.031C CV2@55.812C
08-21-2026 19:59:47 RAM 4295/15389MB (lfb 1156x4MB) SWAP 0/7694MB (cached 0MB) CPU [100%@1113,0%@1113,0%@1113,0%@1113,100%@1344,0%@1344,0%@1344,0%@1344] EMC_FREQ 0% GR3D_FREQ 0% GR3D2_FREQ 0%@0 CV0@55.562C CPU@58.656C SOC2@56.718C SOC0@57.687C CV1@55.593C GPU@56.125C tj@59.031C SOC1@59.031C CV2@56C
08-21-2026 19:59:47 RAM 4295/15389MB (lfb 1156x4MB) SWAP 0/7694MB (cached 0MB) CPU [0%@1113,66%@1113,0%@1113,0%@1113,50%@1344,0%@1344,0%@1344,0%@1344] EMC_FREQ 0% GR3D_FREQ 22% GR3D2_FREQ 22%@0 CV0@55.625C CPU@58.625C SOC2@56.843C SOC0@57.5C CV1@55.687C GPU@56.312C tj@58.906C SOC1@58.906C CV2@55.906C
08-21-2026 19:59:47 RAM 4295/15389MB (lfb 1156x4MB) SWAP 0/7694MB (cached 0MB) CPU [0%@1984,0%@1984,0%@1984,0%@1984,0%@1344,0%@1344,0%@1344,0%@1344] EMC_FREQ 0% GR3D_FREQ 0% GR3D2_FREQ 0%@0 CV0@55.562C CPU@58.656C SOC2@56.843C SOC0@57.625C CV1@55.687C GPU@56.062C tj@59.031C SOC1@59.031C CV2@55.875C
08-21-2026 19:59:47 RAM 4295/15389MB (lfb 1156x4MB) SWAP 0/7694MB (cached 0MB) CPU [50%@1036,0%@1036,0%@1036,0%@1036,0%@1344,0%@1344,0%@1344,0%@1344] EMC_FREQ 0% GR3D_FREQ 0% GR3D2_FREQ 0%@0 CV0@55.781C CPU@58.562C SOC2@56.875C SOC0@57.5C CV1@55.656C GPU@56.218C tj@58.906C SOC1@58.906C CV2@55.843C
08-21-2026 19:59:47 RAM 4295/15389MB (lfb 1156x4MB) SWAP 0/7694MB (cached 0MB) CPU [0%@1984,0%@1984,0%@1984,0%@1984,0%@1344,0%@1344,0%@1344,0%@1344] EMC_FREQ 0% GR3D_FREQ 19% GR3D2_FREQ 19%@0 CV0@55.718C CPU@58.562C SOC2@56.718C SOC0@57.5C CV1@55.625C GPU@56.218C tj@58.875C SOC1@58.875C CV2@55.875C
08-21-2026 19:59:47 RAM 4295/15389MB (lfb 1156x4MB) SWAP 0/7694MB (cached 0MB) CPU [0%@1113,0%@1113,50%@1984,0%@1984,50%@1420,0%@1420,50%@1420,0%@1420] EMC_FREQ 0% GR3D_FREQ 25% GR3D2_FREQ 25%@0 CV0@55.656C CPU@58.343C SOC2@56.781C SOC0@57.593C CV1@55.562C GPU@56.437C tj@59.125C SOC1@59.125C CV2@55.875C
08-21-2026 19:59:47 RAM 4295/15389MB (lfb 1156x4MB) SWAP 0/7694MB (cached 0MB) CPU [0%@1984,0%@1984,0%@1984,0%@1984,0%@1267,0%@1267,0%@1267,33%@1267] EMC_FREQ 0% GR3D_FREQ 25% GR3D2_FREQ 25%@0 CV0@55.593C CPU@58.312C SOC2@56.812C SOC0@57.625C CV1@55.593C GPU@56.156C tj@59.062C SOC1@59.062C CV2@55.781C
08-21-2026 19:59:47 RAM 4295/15389MB (lfb 1156x4MB) SWAP 0/7694MB (cached 0MB) CPU [50%@1113,0%@1113,0%@1113,0%@1113,100%@1344,0%@1344,0%@1344,0%@1344] EMC_FREQ 0% GR3D_FREQ 0% GR3D2_FREQ 0%@0 CV0@55.593C CPU@58.25C SOC2@56.718C SOC0@57.531C CV1@55.625C GPU@56.281C tj@59.125C SOC1@59.125C CV2@55.968C
08-21-2026 19:59:47 RAM 4295/15389MB (lfb 1156x4MB) SWAP 0/7694MB (cached 0MB) CPU [100%@1984,0%@1984,0%@1984,0%@1984,50%@1344,0%@1344,0%@1344,0%@1344] EMC_FREQ 0% GR3D_FREQ 23% GR3D2_FREQ 23%@0 CV0@55.625C CPU@58.343C SOC2@56.906C SOC0@57.562C CV1@55.687C GPU@56.031C tj@58.937C SOC1@58.937C CV2@55.906C
08-21-2026 19:59:47 RAM 4295/15389MB (lfb 1156x4MB) SWAP 0/7694MB (cached 0MB) CPU [0%@1984,0%@1984,0%@1984,0%@1984,100%@1344,0%@1344,0%@1344,0%@1344] EMC_FREQ 0% GR3D_FREQ 23% GR3D2_FREQ 5%@0 CV0@55.593C CPU@58.312C SOC2@56.875C SOC0@57.5C CV1@55.718C GPU@56.031C tj@59C SOC1@59C CV2@55.875C
08-21-2026 19:59:47 RAM 4295/15389MB (lfb 1156x4MB) SWAP 0/7694MB (cached 0MB) CPU [66%@1113,50%@1113,0%@1113,0%@1113,0%@1420,0%@1420,50%@1420,0%@1420] EMC_FREQ 0% GR3D_FREQ 5% GR3D2_FREQ 5%@0 CV0@55.625C CPU@58.75C SOC2@56.781C SOC0@57.593C CV1@55.625C GPU@56.156C tj@58.906C SOC1@58.906C CV2@55.937C
08-21-2026 19:59:47 RAM 4295/15389MB (lfb 1156x4MB) SWAP 0/7694MB (cached 0MB) CPU [0%@1036,0%@1036,0%@1036,50%@1036,50%@1267,0%@1267,0%@1267,0%@1267] EMC_FREQ 0% GR3D_FREQ 18% GR3D2_FREQ 18%@0 CV0@55.75C CPU@58.406C SOC2@56.812C SOC0@57.5C CV1@55.625C GPU@56.437C tj@58.906C SOC1@58.906C CV2@55.812C
08-21-2026 19:59:47 RAM 4295/15389MB (lfb 1156x4MB) SWAP 0/7694MB (cached 0MB) CPU [50%@1113,0%@1113,0%@1113,0%@1113,100%@1344,0%@1344,0%@1344,0%@1344] EMC_FREQ 0% GR3D_FREQ 23% GR3D2_FREQ 23%@0 CV0@55.75C CPU@58.218C SOC2@56.75C SOC0@57.5C CV1@55.562C GPU@56.125C tj@59.187C SOC1@59.187C CV2@55.906C
08-21-2026 19:59:47 RAM 4295/15389MB (lfb 1156x4MB) SWAP 0/7694MB (cached 0MB) CPU [0%@1036,0%@1036,50%@1036,0%@1036,0%@1267,0%@1267,50%@1267,0%@1267] EMC_FREQ 0% GR3D_FREQ 23% GR3D2_FREQ 23%@0 CV0@55.718C CPU@58.468C SOC2@56.812C SOC0@57.593C CV1@55.531C GPU@56.093C tj@59.156C SOC1@59.156C CV2@55.843C
08-21-2026 19:59:47 RAM 4295/15389MB (lfb 1156x4MB) SWAP 0/7694MB (cached 0MB) CPU [0%@960,0%@960,0%@960,0%@960,50%@1420,0%@1420,0%@1420,0%@1420] EMC_FREQ 0% GR3D_FREQ 0% GR3D2_FREQ 0%@0 CV0@55.75C CPU@58.375C SOC2@56.812C SOC0@57.531C CV1@55.656C GPU@56.156C tj@58.937C SOC1@59.156C CV2@55.875C
08-21-2026 19:59:47 RAM 4295/15389MB (lfb 1156x4MB) SWAP 0/7694MB (cached 0MB) CPU [100%@1036,0%@1036,0%@1036,50%@1036,0%@1190,0%@1190,0%@1190,0%@1190] EMC_FREQ 0% GR3D_FREQ 20% GR3D2_FREQ 20%@0 CV0@55.625C CPU@58.343C SOC2@56.843C SOC0@57.531C CV1@55.593C GPU@56C tj@59.031C SOC1@59.031C CV2@55.968C
08-21-2026 19:59:47 RAM 4295/15389MB (lfb 1156x4MB) SWAP 0/7694MB (cached 0MB) CPU [0%@1984,0%@1984,0%@1984,0%@1984,100%@1420,0%@1420,0%@1420,0%@1420] EMC_FREQ 0% GR3D_FREQ 14% GR3D2_FREQ 14%@0 CV0@55.656C CPU@58.343C SOC2@56.718C SOC0@57.531C CV1@55.5C GPU@56.281C tj@58.968C SOC1@58.968C CV2@56C
08-21-2026 19:59:47 RAM 4295/15389MB (lfb 1156x4MB) SWAP 0/7694MB (cached 0MB) CPU [0%@960,0%@960,50%@960,50%@960,0%@1267,0%@1267,0%@1267,0%@1267] EMC_FREQ 0% GR3D_FREQ 14% GR3D2_FREQ 14%@0 CV0@55.656C CPU@58.218C SOC2@56.906C SOC0@57.593C CV1@55.531C GPU@56.156C tj@58.968C SOC1@58.968C CV2@55.937C
08-21-2026 19:59:47 RAM 4295/15389MB (lfb 1156x4MB) SWAP 0/7694MB (cached 0MB) CPU [0%@1984,0%@1984,0%@1984,0%@1984,100%@1344,0%@1344,0%@1344,0%@1344] EMC_FREQ 0% GR3D_FREQ 8% GR3D2_FREQ 8%@0 CV0@55.625C CPU@58.375C SOC2@56.843C SOC0@57.531C CV1@55.687C GPU@56.375C tj@58.937C SOC1@58.937C CV2@55.937C
08-21-2026 19:59:47 RAM 4295/15389MB (lfb 1156x4MB) SWAP 0/7694MB (cached 0MB) CPU [0%@1984,50%@1984,0%@1984,50%@1984,0%@1344,0%@1344,0%@1344,50%@1344] EMC_FREQ 0% GR3D_FREQ 23% GR3D2_FREQ 23%@0 CV0@55.718C CPU@58.281C SOC2@56.875C SOC0@57.531C CV1@55.781C GPU@56.062C tj@58.968C SOC1@58.968C CV2@55.843C
08-21-2026 19:59:47 RAM 4295/15389MB (lfb 1156x4MB) SWAP 0/7694MB (cached 0MB) CPU [0%@806,0%@806,0%@806,0%@806,0%@1344,0%@1344,0%@1344,0%@1344] EMC_FREQ 0% GR3D_FREQ 0% GR3D2_FREQ 0%@0 CV0@55.75C CPU@58.406C SOC2@56.75C SOC0@57.593C CV1@55.718C GPU@56.062C tj@58.875C SOC1@58.875C CV2@55.968C
08-21-2026 19:59:47 RAM 4295/15389MB (lfb 1156x4MB) SWAP 0/7694MB (cached 0MB) CPU [33%@1984,0%@1984,0%@1984,50%@1984,50%@1344,0%@1344,0%@1344,0%@1344] EMC_FREQ 0% GR3D_FREQ 0% GR3D2_FREQ 0%@0 CV0@55.687C CPU@58.468C SOC2@56.75C SOC0@57.5C CV1@55.625C GPU@56.281C tj@58.968C SOC1@58.968C CV2@55.968C
08-21-2026 19:59:47 RAM 4295/15389MB (lfb 1156x4MB) SWAP 0/7694MB (cached 0MB) CPU [0%@1984,0%@1984,0%@1984,0%@1984,100%@1267,0%@1267,0%@1267,0%@1267] EMC_FREQ 0% GR3D_FREQ 22% GR3D2_FREQ 22%@0 CV0@55.718C CPU@58.5C SOC2@56.781C SOC0@57.687C CV1@55.625C GPU@56.031C tj@59.187C SOC1@59.187C CV2@55.875C
08-21-2026 19:59:47 RAM 4296/15389MB (lfb 1156x4MB) SWAP 0/7694MB (cached 0MB) CPU [0%@806,0%@806,0%@806,0%@806,0%@1344,0%@1344,0%@1344,0%@1344] EMC_FREQ 0% GR3D_FREQ 20% GR3D2_FREQ 20%@0 CV0@55.625C CPU@58.468C SOC2@56.687C SOC0@57.656C CV1@55.593C GPU@56.343C tj@59.156C SOC1@59.156C CV2@55.906C
08-21-2026 19:59:47 RAM 4295/15389MB (lfb 1156x4MB) SWAP 0/7694MB (cached 0MB) CPU [0%@806,50%@806,0%@806,50%@806,50%@1267,0%@1267,0%@1267,0%@1267] EMC_FREQ 0% GR3D_FREQ 0% GR3D2_FREQ 0%@0 CV0@55.593C CPU@58.375C SOC2@56.687C SOC0@57.625C CV1@55.593C GPU@56.125C tj@59.125C SOC1@59.125C CV2@55.906C
08-21-2026 19:59:47 RAM 4295/15389MB (lfb 1156x4MB) SWAP 0/7694MB (cached 0MB) CPU [0%@1984,0%@1984,0%@1984,0%@1984,100%@1420,33%@1420,0%@1420,0%@1420] EMC_FREQ 0% GR3D_FREQ 0% GR3D2_FREQ 0%@0 CV0@55.562C CPU@58.312C SOC2@56.75C SOC0@57.656C CV1@55.625C GPU@56.343C tj@58.937C SOC1@58.937C CV2@55.843C
08-21-2026 19:59:47 RAM 4295/15389MB (lfb 1156x4MB) SWAP 0/7694MB (cached 0MB) CPU [0%@1984,0%@1984,0%@1984,0%@1984,0%@1267,0%@1267,0%@1267,0%@1267] EMC_FREQ 0% GR3D_FREQ 22% GR3D2_FREQ 22%@0 CV0@55.593C CPU@58.375C SOC2@56.812C SOC0@57.437C CV1@55.562C GPU@56.218C tj@59.093C SOC1@59.093C CV2@55.906C
08-21-2026 19:59:48 RAM 4295/15389MB (lfb 1156x4MB) SWAP 0/7694MB (cached 0MB) CPU [0%@806,0%@806,0%@806,50%@806,100%@1344,0%@1344,0%@1344,0%@1344] EMC_FREQ 0% GR3D_FREQ 0% GR3D2_FREQ 0%@0 CV0@55.562C CPU@58.437C SOC2@56.781C SOC0@57.593C CV1@55.625C GPU@56.093C tj@58.968C SOC1@58.968C CV2@56C
08-21-2026 19:59:48 RAM 4295/15389MB (lfb 1156x4MB) SWAP 0/7694MB (cached 0MB) CPU [0%@1984,0%@1984,33%@1984,100%@1984,0%@1267,0%@1267,0%@1267,0%@1267] EMC_FREQ 0% GR3D_FREQ 22% GR3D2_FREQ 22%@0 CV0@55.625C CPU@58.375C SOC2@56.875C SOC0@57.5C CV1@55.75C GPU@56.187C tj@58.937C SOC1@58.937C CV2@55.968C
08-21-2026 19:59:48 RAM 4295/15389MB (lfb 1156x4MB) SWAP 0/7694MB (cached 0MB) CPU [0%@1984,50%@1984,0%@1984,0%@1984,50%@1344,0%@1344,0%@1344,50%@1344] EMC_FREQ 0% GR3D_FREQ 22% GR3D2_FREQ 22%@0 CV0@55.812C CPU@58.375C SOC2@56.812C SOC0@57.562C CV1@55.718C GPU@56.156C tj@58.906C SOC1@58.906C CV2@55.906C
08-21-2026 19:59:48 RAM 4296/15389MB (lfb 1156x4MB) SWAP 0/7694MB (cached 0MB) CPU [0%@729,0%@729,0%@729,0%@729,50%@1267,0%@1267,0%@1267,0%@1267] EMC_FREQ 0% GR3D_FREQ 21% GR3D2_FREQ 21%@0 CV0@55.625C CPU@58.437C SOC2@56.687C SOC0@57.468C CV1@55.625C GPU@56.281C tj@59C SOC1@59C CV2@55.906C
08-21-2026 19:59:48 RAM 4296/15389MB (lfb 1156x4MB) SWAP 0/7694MB (cached 0MB) CPU [50%@1984,50%@1984,0%@1984,50%@1984,0%@1267,50%@1267,0%@1267,0%@1267] EMC_FREQ 0% GR3D_FREQ 1% GR3D2_FREQ 1%@0 CV0@55.718C CPU@58.468C SOC2@56.718C SOC0@57.593C CV1@55.718C GPU@56.156C tj@58.937C SOC1@58.937C CV2@55.781C
08-21-2026 19:59:48 RAM 4296/15389MB (lfb 1156x4MB) SWAP 0/7694MB (cached 0MB) CPU [0%@1984,50%@1984,0%@1984,0%@1984,0%@1420,0%@1420,0%@1420,0%@1420] EMC_FREQ 0% GR3D_FREQ 19% GR3D2_FREQ 19%@0 CV0@55.75C CPU@58.343C SOC2@56.812C SOC0@57.656C CV1@55.531C GPU@56.125C tj@58.937C SOC1@58.937C CV2@55.812C
08-21-2026 19:59:48 RAM 4296/15389MB (lfb 1156x4MB) SWAP 0/7694MB (cached 0MB) CPU [50%@1984,0%@1984,0%@1984,0%@1984,0%@1190,50%@1190,0%@1190,0%@1190] EMC_FREQ 0% GR3D_FREQ 19% GR3D2_FREQ 19%@0 CV0@55.593C CPU@58.437C SOC2@56.687C SOC0@57.625C CV1@55.531C GPU@56.156C tj@59.156C SOC1@59.156C CV2@55.812C
08-21-2026 19:59:48 RAM 4296/15389MB (lfb 1156x4MB) SWAP 0/7694MB (cached 0MB) CPU [0%@883,0%@883,0%@883,0%@883,0%@1420,100%@1420,0%@1420,0%@1420] EMC_FREQ 0% GR3D_FREQ 3% GR3D2_FREQ 3%@0 CV0@55.625C CPU@58.343C SOC2@56.625C SOC0@57.562C CV1@55.562C GPU@56.093C tj@58.875C SOC1@58.875C CV2@55.843C
08-21-2026 19:59:48 RAM 4296/15389MB (lfb 1156x4MB) SWAP 0/7694MB (cached 0MB) CPU [0%@883,50%@883,0%@883,0%@883,0%@1190,0%@1190,0%@1190,0%@1190] EMC_FREQ 0% GR3D_FREQ 19% GR3D2_FREQ 19%@0 CV0@55.562C CPU@58.375C SOC2@56.812C SOC0@57.562C CV1@55.656C GPU@56.156C tj@59.062C SOC1@59.062C CV2@55.937C
08-21-2026 19:59:48 RAM 4296/15389MB (lfb 1156x4MB) SWAP 0/7694MB (cached 0MB) CPU [50%@806,0%@806,0%@806,50%@806,0%@1420,50%@1420,0%@1420,33%@1420] EMC_FREQ 0% GR3D_FREQ 19% GR3D2_FREQ 19%@0 CV0@55.593C CPU@58.312C SOC2@56.781C SOC0@57.593C CV1@55.531C GPU@56.093C tj@59.093C SOC1@59.093C CV2@55.875C
08-21-2026 19:59:48 RAM 4296/15389MB (lfb 1156x4MB) SWAP 0/7694MB (cached 0MB) CPU [0%@883,0%@883,0%@883,0%@883,0%@1267,0%@1267,0%@1267,0%@1267] EMC_FREQ 0% GR3D_FREQ 22% GR3D2_FREQ 22%@0 CV0@55.593C CPU@58.343C SOC2@56.75C SOC0@57.562C CV1@55.75C GPU@56.312C tj@59C SOC1@59C CV2@55.875C
08-21-2026 19:59:48 RAM 4296/15389MB (lfb 1156x4MB) SWAP 0/7694MB (cached 0MB) CPU [0%@1984,0%@1984,0%@1984,50%@1984,0%@1420,100%@1420,0%@1420,0%@1420] EMC_FREQ 0% GR3D_FREQ 0% GR3D2_FREQ 0%@0 CV0@55.531C CPU@58.281C SOC2@56.75C SOC0@57.531C CV1@55.781C GPU@56.218C tj@59.031C SOC1@59.031C CV2@55.875C
08-21-2026 19:59:48 RAM 4296/15389MB (lfb 1156x4MB) SWAP 0/7694MB (cached 0MB) CPU [0%@729,0%@1984,0%@1984,0%@1984,0%@1344,0%@1344,0%@1344,0%@1344] EMC_FREQ 0% GR3D_FREQ 22% GR3D2_FREQ 22%@0 CV0@55.531C CPU@58.375C SOC2@56.75C SOC0@57.5C CV1@55.656C GPU@56C tj@58.937C SOC1@58.937C CV2@55.906C
08-21-2026 19:59:48 RAM 4296/15389MB (lfb 1156x4MB) SWAP 0/7694MB (cached 0MB) CPU [0%@729,0%@729,33%@729,0%@729,0%@1344,100%@1344,0%@1344,0%@1344] EMC_FREQ 0% GR3D_FREQ 22% GR3D2_FREQ 17%@0 CV0@55.75C CPU@58.437C SOC2@56.656C SOC0@57.562C CV1@55.843C GPU@56.187C tj@59C SOC1@59C CV2@55.843C
08-21-2026 19:59:48 RAM 4296/15389MB (lfb 1156x4MB) SWAP 0/7694MB (cached 0MB) CPU [0%@1984,0%@1984,0%@1984,0%@1984,0%@1267,0%@1267,0%@1267,0%@1267] EMC_FREQ 0% GR3D_FREQ 17% GR3D2_FREQ 17%@0 CV0@55.687C CPU@58.5C SOC2@56.812C SOC0@57.406C CV1@55.687C GPU@56.125C tj@58.937C SOC1@58.937C CV2@55.875C
08-21-2026 19:59:48 RAM 4296/15389MB (lfb 1156x4MB) SWAP 0/7694MB (cached 0MB) CPU [0%@1984,0%@1984,0%@1984,100%@1984,0%@1267,50%@1267,0%@1344,0%@1344] EMC_FREQ 0% GR3D_FREQ 5% GR3D2_FREQ 5%@0 CV0@55.593C CPU@58.375C SOC2@56.687C SOC0@57.593C CV1@55.687C GPU@56.281C tj@59.093C SOC1@59.093C CV2@55.843C
08-21-2026 19:59:48 RAM 4296/15389MB (lfb 1156x4MB) SWAP 0/7694MB (cached 0MB) CPU [0%@1984,0%@1984,0%@1984,50%@1984,0%@1420,50%@1420,0%@1420,0%@1420] EMC_FREQ 0% GR3D_FREQ 23% GR3D2_FREQ 23%@0 CV0@55.593C CPU@58.406C SOC2@56.781C SOC0@57.625C CV1@55.656C GPU@56.062C tj@59.093C SOC1@59.093C CV2@55.781C
08-21-2026 19:59:48 RAM 4296/15389MB (lfb 1156x4MB) SWAP 0/7694MB (cached 0MB) CPU [50%@1984,0%@1984,0%@1984,0%@1984,0%@1267,0%@1267,50%@1267,0%@1267] EMC_FREQ 0% GR3D_FREQ 23% GR3D2_FREQ 0%@0 CV0@55.625C CPU@58.437C SOC2@56.687C SOC0@57.625C CV1@55.531C GPU@56.093C tj@59.125C SOC1@59.125C CV2@55.875C
08-21-2026 19:59:48 RAM 4296/15389MB (lfb 1156x4MB) SWAP 0/7694MB (cached 0MB) CPU [0%@1984,50%@1984,0%@1984,0%@1984,0%@1420,0%@1420,50%@1420,0%@1420] EMC_FREQ 0% GR3D_FREQ 0% GR3D2_FREQ 0%@0 CV0@55.531C CPU@58.375C SOC2@56.781C SOC0@57.593C CV1@55.625C GPU@56.218C tj@58.937C SOC1@58.937C CV2@55.812C
08-21-2026 19:59:48 RAM 4296/15389MB (lfb 1156x4MB) SWAP 0/7694MB (cached 0MB) CPU [0%@1984,0%@1984,0%@1984,66%@1984,0%@1190,0%@1190,0%@1190,0%@1190] EMC_FREQ 0% GR3D_FREQ 22% GR3D2_FREQ 22%@0 CV0@55.562C CPU@58.406C SOC2@56.656C SOC0@57.593C CV1@55.531C GPU@56C tj@59.031C SOC1@59.031C CV2@55.937C
08-21-2026 19:59:48 RAM 4296/15389MB (lfb 1156x4MB) SWAP 0/7694MB (cached 0MB) CPU [0%@806,0%@806,0%@806,0%@806,50%@1420,0%@1420,50%@1420,0%@1420] EMC_FREQ 0% GR3D_FREQ 19% GR3D2_FREQ 19%@0 CV0@55.531C CPU@58.375C SOC2@56.875C SOC0@57.593C CV1@55.562C GPU@56.125C tj@58.937C SOC1@58.937C CV2@55.968C
08-21-2026 19:59:48 RAM 4296/15389MB (lfb 1156x4MB) SWAP 0/7694MB (cached 0MB) CPU [0%@1984,0%@1984,0%@1984,0%@1984,0%@1190,0%@1190,50%@1190,0%@1190] EMC_FREQ 0% GR3D_FREQ 19% GR3D2_FREQ 19%@0 CV0@55.531C CPU@58.25C SOC2@56.781C SOC0@57.593C CV1@55.656C GPU@56.093C tj@59C SOC1@59C CV2@55.875C
08-21-2026 19:59:48 RAM 4296/15389MB (lfb 1156x4MB) SWAP 0/7694MB (cached 0MB) CPU [50%@1984,0%@1984,0%@1984,50%@1984,0%@1344,0%@1344,0%@1344,0%@1344] EMC_FREQ 0% GR3D_FREQ 3% GR3D2_FREQ 3%@0 CV0@55.593C CPU@58.5C SOC2@56.687C SOC0@57.5C CV1@55.656C GPU@56.312C tj@59.062C SOC1@59.062C CV2@55.843C
08-21-2026 19:59:48 RAM 4296/15389MB (lfb 1156x4MB) SWAP 0/7694MB (cached 0MB) CPU [50%@1984,50%@1984,0%@1984,0%@1984,50%@1267,0%@1267,50%@1267,0%@1267] EMC_FREQ 0% GR3D_FREQ 23% GR3D2_FREQ 23%@0 CV0@55.687C CPU@58.437C SOC2@56.75C SOC0@57.5C CV1@55.625C GPU@56.125C tj@59C SOC1@59C CV2@55.75C
08-21-2026 19:59:48 RAM 4296/15389MB (lfb 1156x4MB) SWAP 0/7694MB (cached 0MB) CPU [0%@883,50%@883,0%@883,0%@883,0%@1420,0%@1420,100%@1420,0%@1344] EMC_FREQ 0% GR3D_FREQ 4% GR3D2_FREQ 4%@0 CV0@55.687C CPU@58.531C SOC2@56.75C SOC0@57.687C CV1@55.593C GPU@56.093C tj@59.031C SOC1@59.031C CV2@55.781C
08-21-2026 19:59:48 RAM 4296/15389MB (lfb 1156x4MB) SWAP 0/7694MB (cached 0MB) CPU [50%@960,100%@960,0%@960,0%@960,0%@1420,0%@1420,0%@1420,50%@1420] EMC_FREQ 0% GR3D_FREQ 4% GR3D2_FREQ 4%@0 CV0@55.687C CPU@58.531C SOC2@56.718C SOC0@57.656C CV1@55.593C GPU@56.125C tj@58.875C SOC1@58.875C CV2@55.906C
08-21-2026 19:59:48 RAM 4296/15389MB (lfb 1156x4MB) SWAP 0/7694MB (cached 0MB) CPU [0%@1036,0%@1036,0%@1036,0%@1036,0%@1420,0%@1420,0%@1420,100%@1420] EMC_FREQ 0% GR3D_FREQ 18% GR3D2_FREQ 18%@0 CV0@55.687C CPU@58.468C SOC2@56.781C SOC0@57.656C CV1@55.593C GPU@56.375C tj@59.218C SOC1@59.218C CV2@55.843C
08-21-2026 19:59:48 RAM 4296/15389MB (lfb 1156x4MB) SWAP 0/7694MB (cached 0MB) CPU [50%@1984,50%@1984,0%@1984,0%@1984,0%@1420,0%@1420,0%@1420,50%@1420] EMC_FREQ 0% GR3D_FREQ 23% GR3D2_FREQ 23%@0 CV0@55.625C CPU@58.5C SOC2@56.718C SOC0@57.593C CV1@55.625C GPU@56.343C tj@59.031C SOC1@59.031C CV2@55.875C
08-21-2026 19:59:48 RAM 4296/15389MB (lfb 1156x4MB) SWAP 0/7694MB (cached 0MB) CPU [0%@883,50%@883,0%@883,0%@883,0%@1344,0%@1344,0%@1344,50%@1344] EMC_FREQ 0% GR3D_FREQ 0% GR3D2_FREQ 0%@0 CV0@55.593C CPU@58.406C SOC2@56.718C SOC0@57.531C CV1@55.562C GPU@56.093C tj@59.156C SOC1@59.156C CV2@55.781C
08-21-2026 19:59:48 RAM 4296/15389MB (lfb 1156x4MB) SWAP 0/7694MB (cached 0MB) CPU [0%@1984,0%@1984,33%@1984,0%@1984,0%@1344,0%@1344,0%@1344,0%@1344] EMC_FREQ 0% GR3D_FREQ 0% GR3D2_FREQ 0%@0 CV0@55.656C CPU@58.437C SOC2@56.781C SOC0@57.562C CV1@55.687C GPU@56.312C tj@59.062C SOC1@58.937C CV2@55.968C
08-21-2026 19:59:48 RAM 4296/15389MB (lfb 1156x4MB) SWAP 0/7694MB (cached 0MB) CPU [0%@960,0%@960,0%@960,50%@960,0%@1344,0%@1344,0%@1344,100%@1344] EMC_FREQ 0% GR3D_FREQ 22% GR3D2_FREQ 22%@0 CV0@55.562C CPU@58.406C SOC2@56.781C SOC0@57.562C CV1@55.625C GPU@56.281C tj@59.031C SOC1@59.031C CV2@55.906C
08-21-2026 19:59:48 RAM 4296/15389MB (lfb 1156x4MB) SWAP 0/7694MB (cached 0MB) CPU [0%@960,50%@960,50%@960,0%@960,0%@1420,0%@1420,0%@1420,50%@1420] EMC_FREQ 0% GR3D_FREQ 11% GR3D2_FREQ 11%@0 CV0@55.531C CPU@58.593C SOC2@56.843C SOC0@57.593C CV1@55.718C GPU@56.093C tj@59C SOC1@59C CV2@56C
08-21-2026 19:59:48 RAM 4296/15389MB (lfb 1156x4MB) SWAP 0/7694MB (cached 0MB) CPU [0%@960,50%@960,0%@960,50%@960,50%@1267,0%@1267,0%@1267,0%@1267] EMC_FREQ 0% GR3D_FREQ 11% GR3D2_FREQ 11%@0 CV0@55.531C CPU@58.5C SOC2@56.781C SOC0@57.562C CV1@55.718C GPU@56.156C tj@58.968C SOC1@58.968C CV2@55.875C
08-21-2026 19:59:48 RAM 4296/15389MB (lfb 1156x4MB) SWAP 0/7694MB (cached 0MB) CPU [0%@806,0%@1984,0%@1984,0%@1984,0%@1497,50%@1497,50%@1497,0%@1497] EMC_FREQ 0% GR3D_FREQ 11% GR3D2_FREQ 11%@0 CV0@55.718C CPU@58.468C SOC2@56.687C SOC0@57.5C CV1@55.656C GPU@56.312C tj@58.906C SOC1@58.906C CV2@55.906C
08-21-2026 19:59:48 RAM 4296/15389MB (lfb 1156x4MB) SWAP 0/7694MB (cached 0MB) CPU [0%@729,50%@729,0%@729,0%@729,0%@1267,0%@1267,0%@1267,0%@1267] EMC_FREQ 0% GR3D_FREQ 23% GR3D2_FREQ 23%@0 CV0@55.687C CPU@58.406C SOC2@56.718C SOC0@57.687C CV1@55.718C GPU@56.312C tj@58.875C SOC1@58.875C CV2@55.906C
08-21-2026 19:59:48 RAM 4296/15389MB (lfb 1156x4MB) SWAP 0/7694MB (cached 0MB) CPU [0%@883,0%@883,0%@883,0%@883,0%@1344,0%@1344,0%@1344,0%@1420] EMC_FREQ 0% GR3D_FREQ 0% GR3D2_FREQ 0%@0 CV0@55.656C CPU@58.437C SOC2@56.593C SOC0@57.687C CV1@55.625C GPU@56.093C tj@58.937C SOC1@58.937C CV2@55.843C
08-21-2026 19:59:48 RAM 4296/15389MB (lfb 1156x4MB) SWAP 0/7694MB (cached 0MB) CPU [50%@1984,0%@1984,0%@1984,0%@1984,0%@1344,0%@1344,50%@1344,0%@1344] EMC_FREQ 0% GR3D_FREQ 22% GR3D2_FREQ 22%@0 CV0@55.687C CPU@58.5C SOC2@56.812C SOC0@57.718C CV1@55.656C GPU@56.156C tj@59.062C SOC1@59.062C CV2@55.812C
08-21-2026 19:59:48 RAM 4296/15389MB (lfb 1156x4MB) SWAP 0/7694MB (cached 0MB) CPU [0%@883,50%@883,0%@883,0%@883,0%@1344,0%@1344,100%@1344,0%@1344] EMC_FREQ 0% GR3D_FREQ 22% GR3D2_FREQ 22%@0 CV0@55.625C CPU@58.5C SOC2@56.625C SOC0@57.593C CV1@55.531C GPU@56.125C tj@59.062C SOC1@59.062C CV2@55.812C
08-21-2026 19:59:48 RAM 4296/15389MB (lfb 1156x4MB) SWAP 0/7694MB (cached 0MB) CPU [0%@1984,0%@1984,50%@1984,50%@1984,50%@1344,0%@1344,0%@1344,50%@1344] EMC_FREQ 0% GR3D_FREQ 16% GR3D2_FREQ 16%@0 CV0@55.625C CPU@58.343C SOC2@56.718C SOC0@57.625C CV1@55.687C GPU@56.468C tj@59.031C SOC1@59.031C CV2@55.875C
08-21-2026 19:59:48 RAM 4296/15389MB (lfb 1156x4MB) SWAP 0/7694MB (cached 0MB) CPU [0%@960,66%@960,0%@960,0%@960,0%@1574,0%@1574,0%@1574,0%@1574] EMC_FREQ 0% GR3D_FREQ 3% GR3D2_FREQ 3%@0 CV0@55.562C CPU@58.312C SOC2@56.656C SOC0@57.625C CV1@55.531C GPU@56.125C tj@59.093C SOC1@59.093C CV2@55.937C
08-21-2026 19:59:48 RAM 4296/15389MB (lfb 1156x4MB) SWAP 0/7694MB (cached 0MB) CPU [50%@1984,0%@1984,50%@1984,0%@1984,0%@1574,0%@1574,0%@1574,0%@1574] EMC_FREQ 0% GR3D_FREQ 23% GR3D2_FREQ 23%@0 CV0@55.531C CPU@58.5C SOC2@56.843C SOC0@57.625C CV1@55.625C GPU@56.125C tj@58.937C SOC1@58.937C CV2@55.906C
08-21-2026 19:59:48 RAM 4296/15389MB (lfb 1156x4MB) SWAP 0/7694MB (cached 0MB) CPU [0%@883,50%@883,0%@883,0%@883,0%@1344,0%@1344,0%@1344,50%@1344] EMC_FREQ 0% GR3D_FREQ 23% GR3D2_FREQ 23%@0 CV0@55.656C CPU@58.562C SOC2@56.687C SOC0@57.562C CV1@55.718C GPU@56.281C tj@58.937C SOC1@58.937C CV2@55.968C
08-21-2026 19:59:48 RAM 4296/15389MB (lfb 1156x4MB) SWAP 0/7694MB (cached 0MB) CPU [0%@806,0%@806,0%@806,0%@806,50%@1497,50%@1497,50%@1497,0%@1497] EMC_FREQ 0% GR3D_FREQ 1% GR3D2_FREQ 1%@0 CV0@55.75C CPU@58.562C SOC2@56.812C SOC0@57.562C CV1@55.687C GPU@56.062C tj@58.937C SOC1@58.937C CV2@55.875C
08-21-2026 19:59:48 RAM 4296/15389MB (lfb 1156x4MB) SWAP 0/7694MB (cached 0MB) CPU [0%@1984,0%@1984,0%@1984,0%@1984,0%@1344,50%@1344,0%@1344,0%@1344] EMC_FREQ 0% GR3D_FREQ 21% GR3D2_FREQ 21%@0 CV0@55.656C CPU@58.468C SOC2@56.75C SOC0@57.5C CV1@55.687C GPU@56.468C tj@58.968C SOC1@58.968C CV2@55.937C
08-21-2026 19:59:48 RAM 4296/15389MB (lfb 1156x4MB) SWAP 0/7694MB (cached 0MB) CPU [50%@1984,0%@1984,0%@1984,0%@1984,0%@1497,0%@1497,0%@1497,0%@1497] EMC_FREQ 0% GR3D_FREQ 21% GR3D2_FREQ 22%@0 CV0@55.687C CPU@58.468C SOC2@56.75C SOC0@57.531C CV1@55.718C GPU@56.125C tj@59.031C SOC1@59.031C CV2@55.843C
08-21-2026 19:59:48 RAM 4296/15389MB (lfb 1156x4MB) SWAP 0/7694MB (cached 0MB) CPU [0%@883,0%@883,0%@883,0%@883,0%@1267,50%@1267,0%@1267,0%@1267] EMC_FREQ 0% GR3D_FREQ 22% GR3D2_FREQ 22%@0 CV0@55.593C CPU@58.406C SOC2@56.625C SOC0@57.75C CV1@55.625C GPU@56.343C tj@59.062C SOC1@59.062C CV2@55.781C
08-21-2026 19:59:48 RAM 4296/15389MB (lfb 1156x4MB) SWAP 0/7694MB (cached 0MB) CPU [0%@806,0%@806,50%@806,0%@806,0%@1497,0%@1497,0%@1497,0%@1497] EMC_FREQ 0% GR3D_FREQ 0% GR3D2_FREQ 0%@0 CV0@55.562C CPU@58.437C SOC2@56.781C SOC0@57.718C CV1@55.593C GPU@56.031C tj@59.125C SOC1@59.125C CV2@55.906C
08-21-2026 19:59:48 RAM 4296/15389MB (lfb 1156x4MB) SWAP 0/7694MB (cached 0MB) CPU [0%@1984,50%@1984,50%@1984,0%@1984,0%@1344,0%@1344,0%@1344,50%@1344] EMC_FREQ 0% GR3D_FREQ 23% GR3D2_FREQ 23%@0 CV0@55.656C CPU@58.375C SOC2@56.75C SOC0@57.531C CV1@55.5C GPU@56.343C tj@59.156C SOC1@59.156C CV2@55.968C
08-21-2026 19:59:48 RAM 4296/15389MB (lfb 1156x4MB) SWAP 0/7694MB (cached 0MB) CPU [0%@1984,0%@1984,0%@1984,0%@1984,0%@1420,0%@1420,0%@1420,50%@1420] EMC_FREQ 0% GR3D_FREQ 23% GR3D2_FREQ 23%@0 CV0@55.593C CPU@58.625C SOC2@56.812C SOC0@57.625C CV1@55.531C GPU@56.093C tj@58.968C SOC1@58.968C CV2@55.875C
08-21-2026 19:59:48 RAM 4296/15389MB (lfb 1156x4MB) SWAP 0/7694MB (cached 0MB) CPU [0%@883,0%@883,100%@883,0%@883,0%@1420,0%@1420,0%@1420,0%@1420] EMC_FREQ 0% GR3D_FREQ 11% GR3D2_FREQ 11%@0 CV0@55.593C CPU@58.656C SOC2@56.718C SOC0@57.531C CV1@55.687C GPU@56.031C tj@59.125C SOC1@59.125C CV2@55.906C
08-21-2026 19:59:48 RAM 4296/15389MB (lfb 1156x4MB) SWAP 0/7694MB (cached 0MB) CPU [50%@806,0%@806,0%@806,0%@806,0%@1497,50%@1497,0%@1497,0%@1497] EMC_FREQ 0% GR3D_FREQ 8% GR3D2_FREQ 8%@0 CV0@55.593C CPU@58.5C SOC2@56.812C SOC0@57.562C CV1@55.656C GPU@56.125C tj@59.062C SOC1@59.062C CV2@55.875C
08-21-2026 19:59:48 RAM 4296/15389MB (lfb 1156x4MB) SWAP 0/7694MB (cached 0MB) CPU [0%@960,0%@960,0%@1984,0%@1984,0%@1420,50%@1420,0%@1420,0%@1420] EMC_FREQ 0% GR3D_FREQ 20% GR3D2_FREQ 20%@0 CV0@55.718C CPU@58.562C SOC2@56.75C SOC0@57.531C CV1@55.718C GPU@56.343C tj@58.906C SOC1@58.906C CV2@55.812C
08-21-2026 19:59:48 RAM 4296/15389MB (lfb 1156x4MB) SWAP 0/7694MB (cached 0MB) CPU [0%@883,0%@883,100%@883,0%@883,0%@1420,0%@1420,0%@1420,0%@1420] EMC_FREQ 0% GR3D_FREQ 20% GR3D2_FREQ 20%@0 CV0@55.656C CPU@58.468C SOC2@56.718C SOC0@57.718C CV1@55.718C GPU@56.343C tj@58.843C SOC1@58.843C CV2@55.875C
08-21-2026 19:59:48 RAM 4296/15389MB (lfb 1156x4MB) SWAP 0/7694MB (cached 0MB) CPU [0%@1984,0%@1984,0%@1984,0%@1984,0%@1497,0%@1497,50%@1497,0%@1497] EMC_FREQ 0% GR3D_FREQ 0% GR3D2_FREQ 0%@0 CV0@55.687C CPU@58.531C SOC2@56.562C SOC0@57.625C CV1@55.687C GPU@56.031C tj@58.968C SOC1@58.968C CV2@55.843C
08-21-2026 19:59:48 RAM 4296/15389MB (lfb 1156x4MB) SWAP 0/7694MB (cached 0MB) CPU [0%@806,0%@806,0%@806,0%@806,0%@1344,0%@1344,0%@1344,0%@1344] EMC_FREQ 0% GR3D_FREQ 23% GR3D2_FREQ 23%@0 CV0@55.625C CPU@58.312C SOC2@56.75C SOC0@57.625C CV1@55.531C GPU@56.218C tj@59.125C SOC1@59.125C CV2@55.906C
08-21-2026 19:59:48 RAM 4296/15389MB (lfb 1156x4MB) SWAP 0/7694MB (cached 0MB) CPU [0%@806,0%@806,50%@806,0%@806,0%@1420,0%@1420,100%@1420,0%@1420] EMC_FREQ 0% GR3D_FREQ 23% GR3D2_FREQ 23%@0 CV0@55.656C CPU@58.406C SOC2@56.687C SOC0@57.5C CV1@55.531C GPU@56.156C tj@59C SOC1@59C CV2@56C
08-21-2026 19:59:48 RAM 4296/15389MB (lfb 1156x4MB) SWAP 0/7694MB (cached 0MB) CPU [0%@1984,0%@1984,0%@1984,0%@1984,0%@1344,0%@1344,0%@1344,0%@1344] EMC_FREQ 0% GR3D_FREQ 22% GR3D2_FREQ 22%@0 CV0@55.562C CPU@58.375C SOC2@56.687C SOC0@57.593C CV1@55.531C GPU@56.406C tj@59.093C SOC1@59.093C CV2@55.906C
08-21-2026 19:59:48 RAM 4296/15389MB (lfb 1156x4MB) SWAP 0/7694MB (cached 0MB) CPU [0%@806,0%@806,50%@806,0%@806,0%@1420,0%@1420,0%@1420,0%@1420] EMC_FREQ 0% GR3D_FREQ 0% GR3D2_FREQ 0%@0 CV0@55.593C CPU@58.718C SOC2@56.812C SOC0@57.562C CV1@55.718C GPU@56.093C tj@59C SOC1@59C CV2@55.906C
08-21-2026 19:59:48 RAM 4296/15389MB (lfb 1156x4MB) SWAP 0/7694MB (cached 0MB) CPU [0%@1984,0%@1984,0%@1984,0%@1984,50%@1344,0%@1344,100%@1344,0%@1344] EMC_FREQ 0% GR3D_FREQ 23% GR3D2_FREQ 23%@0 CV0@55.562C CPU@58.687C SOC2@56.687C SOC0@57.593C CV1@55.75C GPU@56.281C tj@58.937C SOC1@58.937C CV2@55.906C
08-21-2026 19:59:48 RAM 4296/15389MB (lfb 1156x4MB) SWAP 0/7694MB (cached 0MB) CPU [0%@1984,0%@1984,0%@1984,0%@1984,50%@1344,0%@1344,50%@1344,0%@1344] EMC_FREQ 0% GR3D_FREQ 23% GR3D2_FREQ 23%@0 CV0@55.593C CPU@58.468C SOC2@56.718C SOC0@57.593C CV1@55.687C GPU@56.062C tj@59C SOC1@59C CV2@55.843C
08-21-2026 19:59:48 RAM 4296/15389MB (lfb 1156x4MB) SWAP 0/7694MB (cached 0MB) CPU [50%@1984,0%@1984,0%@1984,0%@1984,0%@1344,0%@1344,0%@1344,50%@1344] EMC_FREQ 0% GR3D_FREQ 3% GR3D2_FREQ 3%@0 CV0@55.75C CPU@58.562C SOC2@56.687C SOC0@57.531C CV1@55.687C GPU@56.156C tj@59C SOC1@59C CV2@55.781C
08-21-2026 19:59:48 RAM 4296/15389MB (lfb 1156x4MB) SWAP 0/7694MB (cached 0MB) CPU [50%@729,0%@729,0%@729,0%@729,0%@1344,0%@1344,0%@1344,0%@1344] EMC_FREQ 0% GR3D_FREQ 16% GR3D2_FREQ 16%@0 CV0@55.531C CPU@58.406C SOC2@56.687C SOC0@57.562C CV1@55.593C GPU@56.218C tj@59.093C SOC1@59.093C CV2@55.843C
08-21-2026 19:59:48 RAM 4296/15389MB (lfb 1156x4MB) SWAP 0/7694MB (cached 0MB) CPU [0%@729,0%@729,100%@729,0%@729,33%@1651,0%@1651,33%@1651,100%@1651] EMC_FREQ 0% GR3D_FREQ 22% GR3D2_FREQ 22%@0 CV0@55.656C CPU@58.5C SOC2@56.75C SOC0@57.656C CV1@55.593C GPU@56.437C tj@58.937C SOC1@58.937C CV2@55.843C
08-21-2026 19:59:48 RAM 4296/15389MB (lfb 1156x4MB) SWAP 0/7694MB (cached 0MB) CPU [0%@1984,0%@1984,50%@1984,0%@1984,0%@1420,0%@1420,0%@1420,33%@1420] EMC_FREQ 0% GR3D_FREQ 22% GR3D2_FREQ 22%@0 CV0@55.656C CPU@58.343C SOC2@56.687C SOC0@57.562C CV1@55.562C GPU@56.125C tj@59.062C SOC1@59.062C CV2@55.875C
08-21-2026 19:59:48 RAM 4296/15389MB (lfb 1156x4MB) SWAP 0/7694MB (cached 0MB) CPU [50%@1984,0%@1984,0%@1984,0%@1984,0%@1420,50%@1420,0%@1420,0%@1420] EMC_FREQ 0% GR3D_FREQ 0% GR3D2_FREQ 0%@0 CV0@55.593C CPU@58.312C SOC2@56.718C SOC0@57.625C CV1@55.625C GPU@56.125C tj@59.062C SOC1@59.062C CV2@55.875C
08-21-2026 19:59:48 RAM 4296/15389MB (lfb 1156x4MB) SWAP 0/7694MB (cached 0MB) CPU [50%@1984,0%@1984,50%@1984,0%@1984,0%@1267,0%@1267,0%@1267,0%@1267] EMC_FREQ 0% GR3D_FREQ 22% GR3D2_FREQ 22%@0 CV0@55.562C CPU@58.281C SOC2@56.718C SOC0@57.562C CV1@55.593C GPU@56.281C tj@59C SOC1@58.937C CV2@56C
08-21-2026 19:59:48 RAM 4296/15389MB (lfb 1156x4MB) SWAP 0/7694MB (cached 0MB) CPU [0%@1984,0%@1984,0%@1984,50%@1984,0%@729,0%@729,0%@729,0%@729] EMC_FREQ 0% GR3D_FREQ 7% GR3D2_FREQ 7%@0 CV0@55.531C CPU@58.25C SOC2@56.843C SOC0@57.625C CV1@55.687C GPU@56.062C tj@59.031C SOC1@59.031C CV2@55.906C
08-21-2026 19:59:48 RAM 4296/15389MB (lfb 1156x4MB) SWAP 0/7694MB (cached 0MB) CPU [0%@1984,0%@1984,0%@1984,0%@1984,0%@729,50%@729,0%@729,0%@729] EMC_FREQ 0% GR3D_FREQ 7% GR3D2_FREQ 7%@0 CV0@55.531C CPU@58.718C SOC2@56.75C SOC0@57.562C CV1@55.656C GPU@56.062C tj@59C SOC1@59C CV2@55.781C
08-21-2026 19:59:48 RAM 4296/15389MB (lfb 1156x4MB) SWAP 0/7694MB (cached 0MB) CPU [0%@1984,0%@1984,100%@1984,0%@1984,0%@729,0%@729,0%@729,0%@729] EMC_FREQ 0% GR3D_FREQ 16% GR3D2_FREQ 16%@0 CV0@55.593C CPU@58.625C SOC2@56.843C SOC0@57.5C CV1@55.625C GPU@56.125C tj@58.968C SOC1@58.968C CV2@55.812C
08-21-2026 19:59:48 RAM 4296/15389MB (lfb 1156x4MB) SWAP 0/7694MB (cached 0MB) CPU [0%@1984,0%@1984,0%@1984,0%@1984,0%@729,0%@729,50%@729,0%@729] EMC_FREQ 0% GR3D_FREQ 20% GR3D2_FREQ 20%@0 CV0@55.625C CPU@58.531C SOC2@56.812C SOC0@57.5C CV1@55.656C GPU@56.375C tj@58.875C SOC1@58.875C CV2@55.781C
08-21-2026 19:59:48 RAM 4296/15389MB (lfb 1156x4MB) SWAP 0/7694MB (cached 0MB) CPU [0%@1984,0%@1984,0%@1984,50%@1984,50%@729,0%@729,0%@729,0%@729] EMC_FREQ 0% GR3D_FREQ 20% GR3D2_FREQ 20%@0 CV0@55.593C CPU@58.375C SOC2@56.687C SOC0@57.625C CV1@55.625C GPU@56.156C tj@59.187C SOC1@59.187C CV2@55.875C
08-21-2026 19:59:48 RAM 4296/15389MB (lfb 1156x4MB) SWAP 0/7694MB (cached 0MB) CPU [0%@1574,50%@1984,100%@1984,50%@1984,0%@729,0%@729,0%@729,0%@729] EMC_FREQ 0% GR3D_FREQ 0% GR3D2_FREQ 0%@0 CV0@55.625C CPU@58.312C SOC2@56.656C SOC0@57.593C CV1@55.562C GPU@56.125C tj@59.156C SOC1@59.156C CV2@55.843C
08-21-2026 19:59:48 RAM 4296/15389MB (lfb 1156x4MB) SWAP 0/7694MB (cached 0MB) CPU [0%@1497,0%@1497,0%@1497,0%@1497,0%@729,0%@729,0%@729,0%@729] EMC_FREQ 0% GR3D_FREQ 20% GR3D2_FREQ 20%@0 CV0@55.593C CPU@58.312C SOC2@56.687C SOC0@57.593C CV1@55.531C GPU@56.312C tj@59.156C SOC1@59.156C CV2@55.906C
08-21-2026 19:59:48 RAM 4296/15389MB (lfb 1156x4MB) SWAP 0/7694MB (cached 0MB) CPU [0%@1651,0%@1651,50%@1651,0%@1651,0%@729,50%@729,0%@729,0%@729] EMC_FREQ 0% GR3D_FREQ 23% GR3D2_FREQ 23%@0 CV0@55.656C CPU@58.375C SOC2@56.718C SOC0@57.468C CV1@55.562C GPU@56.062C tj@59.031C SOC1@59.031C CV2@56C
08-21-2026 19:59:48 RAM 4296/15389MB (lfb 1156x4MB) SWAP 0/7694MB (cached 0MB) CPU [0%@1420,0%@1984,0%@1984,0%@1984,0%@729,0%@729,0%@729,0%@729] EMC_FREQ 0% GR3D_FREQ 23% GR3D2_FREQ 23%@0 CV0@55.531C CPU@58.281C SOC2@56.906C SOC0@57.531C CV1@55.593C GPU@56.156C tj@58.968C SOC1@58.968C CV2@55.968C
08-21-2026 19:59:48 RAM 4296/15389MB (lfb 1156x4MB) SWAP 0/7694MB (cached 0MB) CPU [0%@1574,50%@1574,50%@1574,0%@1574,0%@729,0%@729,0%@729,0%@729] EMC_FREQ 0% GR3D_FREQ 0% GR3D2_FREQ 0%@0 CV0@55.531C CPU@58.218C SOC2@56.906C SOC0@57.531C CV1@55.781C GPU@56.187C tj@59.062C SOC1@59.031C CV2@55.875C
08-21-2026 19:59:48 RAM 4296/15389MB (lfb 1156x4MB) SWAP 0/7694MB (cached 0MB) CPU [0%@1984,0%@1984,50%@1984,0%@1984,0%@729,0%@729,50%@729,33%@729] EMC_FREQ 0% GR3D_FREQ 20% GR3D2_FREQ 20%@0 CV0@55.656C CPU@58.218C SOC2@56.75C SOC0@57.531C CV1@55.718C GPU@56.312C tj@59C SOC1@59C CV2@55.812C
08-21-2026 19:59:49 RAM 4296/15389MB (lfb 1156x4MB) SWAP 0/7694MB (cached 0MB) CPU [0%@1574,0%@1574,0%@1574,0%@1574,0%@729,0%@729,0%@729,0%@729] EMC_FREQ 0% GR3D_FREQ 13% GR3D2_FREQ 13%@0 CV0@55.718C CPU@58.281C SOC2@56.781C SOC0@57.562C CV1@55.687C GPU@56.312C tj@59C SOC1@59C CV2@55.906C
08-21-2026 19:59:49 RAM 4296/15389MB (lfb 1156x4MB) SWAP 0/7694MB (cached 0MB) CPU [0%@1984,0%@1984,0%@1984,100%@1984,0%@729,0%@729,0%@729,0%@729] EMC_FREQ 0% GR3D_FREQ 13% GR3D2_FREQ 13%@0 CV0@55.593C CPU@58.625C SOC2@56.843C SOC0@57.468C CV1@55.656C GPU@56.156C tj@58.968C SOC1@58.968C CV2@55.906C
08-21-2026 19:59:49 RAM 4296/15389MB (lfb 1156x4MB) SWAP 0/7694MB (cached 0MB) CPU [0%@1984,0%@1984,0%@1984,50%@1984,0%@729,0%@729,0%@729,0%@729] EMC_FREQ 0% GR3D_FREQ 9% GR3D2_FREQ 9%@0 CV0@55.593C CPU@58.5C SOC2@56.812C SOC0@57.593C CV1@55.593C GPU@56.218C tj@59.187C SOC1@59.187C CV2@55.906C
08-21-2026 19:59:49 RAM 4296/15389MB (lfb 1156x4MB) SWAP 0/7694MB (cached 0MB) CPU [0%@1984,0%@1984,0%@1984,0%@1984,0%@729,0%@729,0%@729,50%@729] EMC_FREQ 0% GR3D_FREQ 20% GR3D2_FREQ 20%@0 CV0@55.656C CPU@58.375C SOC2@56.656C SOC0@57.656C CV1@55.625C GPU@56.562C tj@59C SOC1@59C CV2@55.968C
08-21-2026 19:59:49 RAM 4296/15389MB (lfb 1156x4MB) SWAP 0/7694MB (cached 0MB) CPU [0%@1984,0%@1984,0%@1984,100%@1984,0%@1574,100%@1574,0%@1574,0%@1574] EMC_FREQ 0% GR3D_FREQ 4% GR3D2_FREQ 4%@0 CV0@55.687C CPU@58.406C SOC2@56.718C SOC0@57.593C CV1@55.687C GPU@56.375C tj@58.968C SOC1@58.937C CV2@55.875C
08-21-2026 19:59:49 RAM 4296/15389MB (lfb 1156x4MB) SWAP 0/7694MB (cached 0MB) CPU [33%@1984,0%@1984,0%@1984,0%@1984,0%@1497,0%@1497,50%@1497,0%@1497] EMC_FREQ 0% GR3D_FREQ 4% GR3D2_FREQ 4%@0 CV0@55.656C CPU@58.375C SOC2@56.75C SOC0@57.468C CV1@55.562C GPU@56.25C tj@58.937C SOC1@58.937C CV2@56.093C
08-21-2026 19:59:49 RAM 4296/15389MB (lfb 1156x4MB) SWAP 0/7694MB (cached 0MB) CPU [0%@1984,0%@1984,0%@1984,50%@1984,0%@1497,50%@1497,0%@1497,0%@1497] EMC_FREQ 0% GR3D_FREQ 18% GR3D2_FREQ 18%@0 CV0@55.625C CPU@58.437C SOC2@56.75C SOC0@57.531C CV1@55.531C GPU@56.312C tj@58.937C SOC1@58.937C CV2@55.937C
08-21-2026 19:59:49 RAM 4296/15389MB (lfb 1156x4MB) SWAP 0/7694MB (cached 0MB) CPU [0%@1984,0%@1984,0%@1984,0%@1984,0%@1574,0%@1574,0%@1574,0%@1574] EMC_FREQ 0% GR3D_FREQ 23% GR3D2_FREQ 23%@0 CV0@55.593C CPU@58.375C SOC2@56.781C SOC0@57.593C CV1@55.843C GPU@56.187C tj@58.937C SOC1@58.937C CV2@55.968C
08-21-2026 19:59:49 RAM 4296/15389MB (lfb 1156x4MB) SWAP 0/7694MB (cached 0MB) CPU [0%@1984,0%@1984,0%@1984,50%@1984,0%@1344,50%@1344,0%@1344,0%@1344] EMC_FREQ 0% GR3D_FREQ 23% GR3D2_FREQ 23%@0 CV0@55.625C CPU@58.5C SOC2@56.812C SOC0@57.468C CV1@55.75C GPU@56.187C tj@59.031C SOC1@59.031C CV2@55.937C
08-21-2026 19:59:49 RAM 4296/15389MB (lfb 1156x4MB) SWAP 0/7694MB (cached 0MB) CPU [0%@1984,0%@1984,0%@1984,100%@1984,0%@1574,0%@1574,100%@1574,0%@1574] EMC_FREQ 0% GR3D_FREQ 0% GR3D2_FREQ 0%@0 CV0@55.625C CPU@58.468C SOC2@56.781C SOC0@57.5C CV1@55.656C GPU@56.5C tj@58.968C SOC1@58.968C CV2@55.906C
08-21-2026 19:59:49 RAM 4296/15389MB (lfb 1156x4MB) SWAP 0/7694MB (cached 0MB) CPU [0%@883,0%@883,0%@883,0%@883,0%@1497,0%@1497,0%@1497,0%@1497] EMC_FREQ 0% GR3D_FREQ 20% GR3D2_FREQ 20%@0 CV0@55.656C CPU@58.468C SOC2@56.718C SOC0@57.656C CV1@55.593C GPU@56.437C tj@59.25C SOC1@59.25C CV2@55.875C
08-21-2026 19:59:49 RAM 4296/15389MB (lfb 1156x4MB) SWAP 0/7694MB (cached 0MB) CPU [0%@1984,0%@1984,50%@1984,0%@1984,0%@1497,0%@1497,0%@1497,50%@1497] EMC_FREQ 0% GR3D_FREQ 21% GR3D2_FREQ 21%@0 CV0@55.687C CPU@58.5C SOC2@56.843C SOC0@57.656C CV1@55.656C GPU@56.218C tj@59.093C SOC1@59.093C CV2@55.906C
08-21-2026 19:59:49 RAM 4296/15389MB (lfb 1156x4MB) SWAP 0/7694MB (cached 0MB) CPU [0%@1984,0%@1984,0%@1984,100%@1984,0%@1574,0%@1574,0%@1574,0%@1574] EMC_FREQ 0% GR3D_FREQ 21% GR3D2_FREQ 21%@0 CV0@55.593C CPU@58.437C SOC2@56.812C SOC0@57.593C CV1@55.562C GPU@56.281C tj@59.062C SOC1@59.062C CV2@55.937C
08-21-2026 19:59:49 RAM 4296/15389MB (lfb 1156x4MB) SWAP 0/7694MB (cached 0MB) CPU [0%@1984,0%@1984,0%@1984,0%@1984,50%@1497,0%@1497,50%@1497,0%@1497] EMC_FREQ 0% GR3D_FREQ 0% GR3D2_FREQ 0%@0 CV0@55.5C CPU@58.312C SOC2@56.656C SOC0@57.531C CV1@55.718C GPU@56.093C tj@59.062C SOC1@59.062C CV2@56C
08-21-2026 19:59:49 RAM 4296/15389MB (lfb 1156x4MB) SWAP 0/7694MB (cached 0MB) CPU [33%@1984,0%@1984,33%@1984,0%@1984,0%@1574,33%@1574,50%@1574,0%@1574] EMC_FREQ 0% GR3D_FREQ 23% GR3D2_FREQ 23%@0 CV0@55.625C CPU@58.656C SOC2@56.843C SOC0@57.531C CV1@55.593C GPU@56.093C tj@58.968C SOC1@58.968C CV2@55.937C
08-21-2026 19:59:49 RAM 4296/15389MB (lfb 1156x4MB) SWAP 0/7694MB (cached 0MB) CPU [0%@806,0%@806,0%@806,100%@806,0%@1497,0%@1497,0%@1497,0%@1497] EMC_FREQ 0% GR3D_FREQ 17% GR3D2_FREQ 17%@0 CV0@55.531C CPU@58.656C SOC2@56.812C SOC0@57.562C CV1@55.687C GPU@56.218C tj@58.875C SOC1@58.875C CV2@55.937C
08-21-2026 19:59:49 RAM 4297/15389MB (lfb 1156x4MB) SWAP 0/7694MB (cached 0MB) CPU [0%@1984,0%@1984,0%@1984,0%@1984,0%@1344,0%@1344,50%@1344,0%@1344] EMC_FREQ 0% GR3D_FREQ 17% GR3D2_FREQ 17%@0 CV0@55.562C CPU@58.625C SOC2@56.781C SOC0@57.531C CV1@55.75C GPU@56.437C tj@59C SOC1@59C CV2@55.906C
08-21-2026 19:59:49 RAM 4297/15389MB (lfb 1156x4MB) SWAP 0/7694MB (cached 0MB) CPU [0%@1984,0%@1984,0%@1984,50%@1984,50%@1420,0%@1420,0%@1420,0%@1420] EMC_FREQ 0% GR3D_FREQ 8% GR3D2_FREQ 8%@0 CV0@55.75C CPU@58.593C SOC2@56.75C SOC0@57.5C CV1@55.687C GPU@56.375C tj@59.031C SOC1@59.031C CV2@55.937C
08-21-2026 19:59:49 RAM 4297/15389MB (lfb 1156x4MB) SWAP 0/7694MB (cached 0MB) CPU [0%@729,0%@729,0%@729,0%@1984,0%@1420,0%@1420,50%@1420,0%@1420] EMC_FREQ 0% GR3D_FREQ 20% GR3D2_FREQ 20%@0 CV0@55.656C CPU@58.5C SOC2@56.718C SOC0@57.718C CV1@55.593C GPU@56.093C tj@58.937C SOC1@58.937C CV2@55.906C
08-21-2026 19:59:49 RAM 4297/15389MB (lfb 1156x4MB) SWAP 0/7694MB (cached 0MB) CPU [0%@806,0%@1984,0%@1984,0%@1984,0%@1497,0%@1497,50%@1497,0%@1497] EMC_FREQ 0% GR3D_FREQ 20% GR3D2_FREQ 20%@0 CV0@55.625C CPU@58.5C SOC2@56.625C SOC0@57.625C CV1@55.531C GPU@56.25C tj@59.125C SOC1@59.125C CV2@55.781C
08-21-2026 19:59:49 RAM 4297/15389MB (lfb 1156x4MB) SWAP 0/7694MB (cached 0MB) CPU [0%@960,50%@960,0%@960,50%@1984,0%@1497,0%@1497,100%@1497,0%@1497] EMC_FREQ 0% GR3D_FREQ 0% GR3D2_FREQ 0%@0 CV0@55.687C CPU@58.375C SOC2@56.656C SOC0@57.562C CV1@55.593C GPU@56.031C tj@59.218C SOC1@59.218C CV2@55.843C
08-21-2026 19:59:49 RAM 4297/15389MB (lfb 1156x4MB) SWAP 0/7694MB (cached 0MB) CPU [0%@1984,0%@1984,0%@1984,0%@1984,0%@1344,0%@1344,0%@1420,0%@1420] EMC_FREQ 0% GR3D_FREQ 23% GR3D2_FREQ 23%@0 CV0@55.656C CPU@58.437C SOC2@56.812C SOC0@57.593C CV1@55.625C GPU@56.281C tj@59.093C SOC1@59.093C CV2@56C
08-21-2026 19:59:49 RAM 4297/15389MB (lfb 1156x4MB) SWAP 0/7694MB (cached 0MB) CPU [50%@1113,0%@1113,50%@1113,100%@1113,0%@1420,0%@1420,0%@1420,33%@1420] EMC_FREQ 0% GR3D_FREQ 22% GR3D2_FREQ 22%@0 CV0@55.5C CPU@58.781C SOC2@56.75C SOC0@57.437C CV1@55.531C GPU@56.156C tj@59C SOC1@59C CV2@55.875C
08-21-2026 19:59:49 RAM 4297/15389MB (lfb 1156x4MB) SWAP 0/7694MB (cached 0MB) CPU [0%@1984,0%@1984,0%@1984,0%@1984,33%@1420,0%@1420,0%@1420,0%@1420] EMC_FREQ 0% GR3D_FREQ 22% GR3D2_FREQ 22%@0 CV0@55.531C CPU@58.625C SOC2@56.781C SOC0@57.5C CV1@55.781C GPU@56.343C tj@58.937C SOC1@58.937C CV2@55.843C
08-21-2026 19:59:49 RAM 4297/15389MB (lfb 1156x4MB) SWAP 0/7694MB (cached 0MB) CPU [0%@1984,0%@1984,0%@1984,0%@1984,0%@1420,0%@1420,0%@1420,0%@1420] EMC_FREQ 0% GR3D_FREQ 0% GR3D2_FREQ 0%@0 CV0@55.687C CPU@58.625C SOC2@56.75C SOC0@57.437C CV1@55.687C GPU@56.062C tj@59.062C SOC1@59.062C CV2@55.781C
08-21-2026 19:59:49 RAM 4297/15389MB (lfb 1156x4MB) SWAP 0/7694MB (cached 0MB) CPU [0%@806,0%@806,0%@806,100%@1984,0%@1420,0%@1420,0%@1420,0%@1420] EMC_FREQ 0% GR3D_FREQ 20% GR3D2_FREQ 20%@0 CV0@55.718C CPU@58.656C SOC2@56.687C SOC0@57.437C CV1@55.625C GPU@56.406C tj@58.968C SOC1@58.968C CV2@55.843C
08-21-2026 19:59:49 RAM 4297/15389MB (lfb 1156x4MB) SWAP 0/7694MB (cached 0MB) CPU [0%@1984,0%@1984,0%@1036,0%@1036,0%@1420,50%@1420,0%@1420,0%@1420] EMC_FREQ 0% GR3D_FREQ 20% GR3D2_FREQ 11%@0 CV0@55.687C CPU@58.562C SOC2@56.812C SOC0@57.593C CV1@55.75C GPU@56.312C tj@58.937C SOC1@58.937C CV2@55.875C
08-21-2026 19:59:49 RAM 4297/15389MB (lfb 1156x4MB) SWAP 0/7694MB (cached 0MB) CPU [0%@1984,0%@1984,0%@1984,50%@1984,0%@1420,0%@1420,0%@1420,0%@1420] EMC_FREQ 0% GR3D_FREQ 11% GR3D2_FREQ 11%@0 CV0@55.562C CPU@58.625C SOC2@56.656C SOC0@57.687C CV1@55.718C GPU@56.5C tj@59.031C SOC1@59.031C CV2@55.968C
08-21-2026 19:59:49 RAM 4297/15389MB (lfb 1156x4MB) SWAP 0/7694MB (cached 0MB) CPU [0%@1984,0%@1984,0%@1984,0%@1984,0%@1574,100%@1574,50%@1574,0%@1574] EMC_FREQ 0% GR3D_FREQ 11% GR3D2_FREQ 11%@0 CV0@55.718C CPU@58.343C SOC2@56.75C SOC0@57.656C CV1@55.625C GPU@56.093C tj@59.031C SOC1@59.031C CV2@55.843C
08-21-2026 19:59:49 RAM 4297/15389MB (lfb 1156x4MB) SWAP 0/7694MB (cached 0MB) CPU [50%@1984,0%@1984,0%@1984,100%@1984,50%@1420,0%@1420,0%@1420,0%@1420] EMC_FREQ 0% GR3D_FREQ 23% GR3D2_FREQ 23%@0 CV0@55.562C CPU@58.468C SOC2@56.75C SOC0@57.593C CV1@55.531C GPU@56.375C tj@59.062C SOC1@59.062C CV2@55.937C
08-21-2026 19:59:49 RAM 4297/15389MB (lfb 1156x4MB) SWAP 0/7694MB (cached 0MB) CPU [0%@1984,0%@1984,0%@1984,0%@1984,0%@1420,0%@1420,0%@1420,0%@1420] EMC_FREQ 0% GR3D_FREQ 23% GR3D2_FREQ 23%@0 CV0@55.531C CPU@58.312C SOC2@56.843C SOC0@57.593C CV1@55.593C GPU@56.281C tj@59.031C SOC1@59.031C CV2@55.968C
08-21-2026 19:59:49 RAM 4297/15389MB (lfb 1156x4MB) SWAP 0/7694MB (cached 0MB) CPU [0%@1984,0%@1984,50%@1984,0%@1984,50%@1497,0%@1497,50%@1497,0%@1497] EMC_FREQ 0% GR3D_FREQ 0% GR3D2_FREQ 0%@0 CV0@55.562C CPU@58.406C SOC2@56.843C SOC0@57.593C CV1@55.687C GPU@56.218C tj@59.031C SOC1@59.031C CV2@55.906C
08-21-2026 19:59:49 RAM 4297/15389MB (lfb 1156x4MB) SWAP 0/7694MB (cached 0MB) CPU [50%@1984,0%@1984,0%@1984,50%@1984,0%@1420,0%@1420,0%@1420,50%@1420] EMC_FREQ 0% GR3D_FREQ 23% GR3D2_FREQ 23%@0 CV0@55.656C CPU@58.375C SOC2@56.875C SOC0@57.625C CV1@55.687C GPU@56.25C tj@58.968C SOC1@58.968C CV2@55.906C
08-21-2026 19:59:49 RAM 4297/15389MB (lfb 1156x4MB) SWAP 0/7694MB (cached 0MB) CPU [0%@883,0%@883,0%@883,50%@883,0%@1651,50%@1651,0%@1651,0%@1651] EMC_FREQ 0% GR3D_FREQ 23% GR3D2_FREQ 23%@0 CV0@55.656C CPU@58.718C SOC2@56.843C SOC0@57.531C CV1@55.718C GPU@56.218C tj@59C SOC1@59.062C CV2@55.843C
08-21-2026 19:59:49 RAM 4297/15389MB (lfb 1156x4MB) SWAP 0/7694MB (cached 0MB) CPU [0%@883,0%@883,0%@883,0%@883,0%@1344,0%@1344,0%@1344,0%@1344] EMC_FREQ 0% GR3D_FREQ 23% GR3D2_FREQ 23%@0 CV0@55.718C CPU@58.718C SOC2@56.812C SOC0@57.437C CV1@55.718C GPU@56.468C tj@58.937C SOC1@58.937C CV2@55.906C
08-21-2026 19:59:49 RAM 4297/15389MB (lfb 1156x4MB) SWAP 0/7694MB (cached 0MB) CPU [0%@1984,0%@1984,0%@1984,0%@1984,0%@1497,0%@1497,0%@1497,100%@1497] EMC_FREQ 0% GR3D_FREQ 0% GR3D2_FREQ 0%@0 CV0@55.656C CPU@58.593C SOC2@56.781C SOC0@57.593C CV1@55.656C GPU@56.125C tj@58.968C SOC1@58.968C CV2@55.781C
08-21-2026 19:59:49 RAM 4297/15389MB (lfb 1156x4MB) SWAP 0/7694MB (cached 0MB) CPU [0%@1984,0%@1984,0%@1984,0%@1984,0%@1497,0%@1497,0%@1497,0%@1497] EMC_FREQ 0% GR3D_FREQ 23% GR3D2_FREQ 23%@0 CV0@55.625C CPU@58.5C SOC2@56.75C SOC0@57.687C CV1@55.593C GPU@56.312C tj@59C SOC1@59C CV2@55.718C
08-21-2026 19:59:49 RAM 4297/15389MB (lfb 1156x4MB) SWAP 0/7694MB (cached 0MB) CPU [75%@960,0%@960,0%@960,0%@960,0%@1497,66%@1497,0%@1497,0%@1497] EMC_FREQ 0% GR3D_FREQ 11% GR3D2_FREQ 11%@0 CV0@55.593C CPU@58.468C SOC2@56.656C SOC0@57.687C CV1@55.562C GPU@56.25C tj@59.187C SOC1@59.187C CV2@55.812C
08-21-2026 19:59:49 RAM 4297/15389MB (lfb 1156x4MB) SWAP 0/7694MB (cached 0MB) CPU [0%@1984,0%@1984,0%@1984,0%@1984,0%@1497,0%@1497,50%@1497,0%@1497] EMC_FREQ 0% GR3D_FREQ 11% GR3D2_FREQ 11%@0 CV0@55.593C CPU@58.375C SOC2@56.781C SOC0@57.531C CV1@55.593C GPU@56.093C tj@59.156C SOC1@59.156C CV2@56C
08-21-2026 19:59:49 RAM 4297/15389MB (lfb 1156x4MB) SWAP 0/7694MB (cached 0MB) CPU [66%@1984,0%@1984,0%@1984,0%@1984,33%@1420,0%@1420,0%@1420,0%@1420] EMC_FREQ 0% GR3D_FREQ 11% GR3D2_FREQ 11%@0 CV0@55.656C CPU@58.437C SOC2@56.843C SOC0@57.593C CV1@55.687C GPU@56.156C tj@59.125C SOC1@59.125C CV2@55.937C
08-21-2026 19:59:49 RAM 4297/15389MB (lfb 1156x4MB) SWAP 0/7694MB (cached 0MB) CPU [0%@1984,0%@1984,0%@1984,100%@1984,0%@1344,50%@1344,0%@1344,0%@1344] EMC_FREQ 0% GR3D_FREQ 23% GR3D2_FREQ 23%@0 CV0@55.656C CPU@58.468C SOC2@56.906C SOC0@57.625C CV1@55.812C GPU@56.406C tj@59.062C SOC1@59.062C CV2@55.843C
08-21-2026 19:59:49 RAM 4297/15389MB (lfb 1156x4MB) SWAP 0/7694MB (cached 0MB) CPU [0%@1984,0%@1984,0%@1984,0%@1984,0%@1344,0%@1344,0%@1344,0%@1344] EMC_FREQ 0% GR3D_FREQ 23% GR3D2_FREQ 0%@0 CV0@55.531C CPU@58.375C SOC2@56.812C SOC0@57.593C CV1@55.75C GPU@56.343C tj@58.937C SOC1@58.937C CV2@55.812C
08-21-2026 19:59:49 RAM 4297/15389MB (lfb 1156x4MB) SWAP 0/7694MB (cached 0MB) CPU [0%@1984,0%@1984,0%@1984,50%@1984,0%@1497,100%@1497,0%@1497,0%@1497] EMC_FREQ 0% GR3D_FREQ 0% GR3D2_FREQ 0%@0 CV0@55.625C CPU@58.25C SOC2@56.718C SOC0@57.531C CV1@55.656C GPU@56.031C tj@59.062C SOC1@59.062C CV2@55.875C
08-21-2026 19:59:49 RAM 4297/15389MB (lfb 1156x4MB) SWAP 0/7694MB (cached 0MB) CPU [0%@1984,0%@1984,0%@1984,0%@1984,0%@1420,50%@1420,0%@1420,0%@1420] EMC_FREQ 0% GR3D_FREQ 19% GR3D2_FREQ 19%@0 CV0@55.75C CPU@58.718C SOC2@56.781C SOC0@57.5C CV1@55.718C GPU@56.25C tj@59.062C SOC1@59.062C CV2@55.937C
08-21-2026 19:59:49 RAM 4297/15389MB (lfb 1156x4MB) SWAP 0/7694MB (cached 0MB) CPU [0%@806,50%@806,0%@806,0%@806,0%@1497,50%@1497,0%@1497,0%@1497] EMC_FREQ 0% GR3D_FREQ 20% GR3D2_FREQ 20%@0 CV0@55.718C CPU@58.531C SOC2@56.781C SOC0@57.562C CV1@55.687C GPU@56.25C tj@59.187C SOC1@59.187C CV2@55.843C
08-21-2026 19:59:49 RAM 4297/15389MB (lfb 1156x4MB) SWAP 0/7694MB (cached 0MB) CPU [0%@1984,0%@1984,0%@1984,50%@1984,0%@1420,0%@1420,0%@1420,0%@1420] EMC_FREQ 0% GR3D_FREQ 20% GR3D2_FREQ 20%@0 CV0@55.593C CPU@58.531C SOC2@56.687C SOC0@57.625C CV1@55.593C GPU@56.468C tj@59.187C SOC1@59.187C CV2@55.75C
08-21-2026 19:59:49 RAM 4297/15389MB (lfb 1156x4MB) SWAP 0/7694MB (cached 0MB) CPU [0%@1036,0%@1036,0%@1036,0%@1036,0%@1497,50%@1497,0%@1497,50%@1497] EMC_FREQ 0% GR3D_FREQ 0% GR3D2_FREQ 0%@0 CV0@55.718C CPU@58.437C SOC2@56.812C SOC0@57.687C CV1@55.687C GPU@56.156C tj@59.093C SOC1@59.093C CV2@55.812C
08-21-2026 19:59:49 RAM 4297/15389MB (lfb 1156x4MB) SWAP 0/7694MB (cached 0MB) CPU [0%@1984,0%@1984,0%@1984,66%@1984,50%@1420,0%@1420,0%@1420,0%@1420] EMC_FREQ 0% GR3D_FREQ 22% GR3D2_FREQ 22%@0 CV0@55.562C CPU@58.343C SOC2@56.718C SOC0@57.593C CV1@55.625C GPU@56.375C tj@59.031C SOC1@59.031C CV2@55.875C
08-21-2026 19:59:49 RAM 4297/15389MB (lfb 1156x4MB) SWAP 0/7694MB (cached 0MB) CPU [0%@1984,0%@1984,50%@1984,0%@1984,0%@1497,0%@1497,50%@1497,100%@1497] EMC_FREQ 0% GR3D_FREQ 19% GR3D2_FREQ 19%@0 CV0@55.625C CPU@58.468C SOC2@56.781C SOC0@57.593C CV1@55.562C GPU@56.093C tj@59.031C SOC1@59.031C CV2@56.031C
08-21-2026 19:59:49 RAM 4297/15389MB (lfb 1156x4MB) SWAP 0/7694MB (cached 0MB) CPU [0%@1984,0%@1984,0%@1984,50%@1984,0%@1497,0%@1497,0%@1497,0%@1497] EMC_FREQ 0% GR3D_FREQ 19% GR3D2_FREQ 19%@0 CV0@55.625C CPU@58.406C SOC2@56.781C SOC0@57.5C CV1@55.625C GPU@56.093C tj@58.968C SOC1@58.968C CV2@55.937C
08-21-2026 19:59:49 RAM 4297/15389MB (lfb 1156x4MB) SWAP 0/7694MB (cached 0MB) CPU [0%@883,0%@883,0%@883,0%@883,0%@1497,0%@1497,0%@1497,50%@1497] EMC_FREQ 0% GR3D_FREQ 3% GR3D2_FREQ 3%@0 CV0@55.656C CPU@58.593C SOC2@56.718C SOC0@57.531C CV1@55.687C GPU@56.218C tj@58.875C SOC1@58.875C CV2@55.937C
08-21-2026 19:59:49 RAM 4297/15389MB (lfb 1156x4MB) SWAP 0/7694MB (cached 0MB) CPU [50%@960,0%@960,0%@960,0%@960,0%@1497,0%@1497,0%@1497,50%@1497] EMC_FREQ 0% GR3D_FREQ 22% GR3D2_FREQ 22%@0 CV0@55.687C CPU@58.5C SOC2@56.781C SOC0@57.5C CV1@55.687C GPU@56.468C tj@58.937C SOC1@58.937C CV2@55.906C
08-21-2026 19:59:49 RAM 4297/15389MB (lfb 1156x4MB) SWAP 0/7694MB (cached 0MB) CPU [0%@806,50%@806,0%@806,0%@806,50%@1344,50%@1344,0%@1344,0%@1344] EMC_FREQ 0% GR3D_FREQ 22% GR3D2_FREQ 15%@0 CV0@55.718C CPU@58.531C SOC2@56.75C SOC0@57.468C CV1@55.625C GPU@56.156C tj@58.968C SOC1@58.968C CV2@55.906C
08-21-2026 19:59:49 RAM 4297/15389MB (lfb 1156x4MB) SWAP 0/7694MB (cached 0MB) CPU [0%@1984,0%@1984,50%@1984,0%@1984,0%@1497,0%@1497,0%@1497,50%@1497] EMC_FREQ 0% GR3D_FREQ 15% GR3D2_FREQ 15%@0 CV0@55.656C CPU@58.5C SOC2@56.687C SOC0@57.656C CV1@55.656C GPU@56.156C tj@59.093C SOC1@58.968C CV2@55.781C
08-21-2026 19:59:49 RAM 4297/15389MB (lfb 1156x4MB) SWAP 0/7694MB (cached 0MB) CPU [50%@1984,50%@1984,0%@1984,0%@1984,0%@1420,0%@1420,0%@1420,50%@1420] EMC_FREQ 0% GR3D_FREQ 7% GR3D2_FREQ 7%@0 CV0@55.656C CPU@58.5C SOC2@56.843C SOC0@57.656C CV1@55.656C GPU@56.406C tj@59.218C SOC1@59.218C CV2@55.875C
08-21-2026 19:59:49 RAM 4297/15389MB (lfb 1156x4MB) SWAP 0/7694MB (cached 0MB) CPU [0%@960,0%@960,0%@960,50%@960,0%@1344,0%@1344,0%@1344,0%@1344] EMC_FREQ 0% GR3D_FREQ 23% GR3D2_FREQ 23%@0 CV0@55.625C CPU@58.375C SOC2@56.687C SOC0@57.593C CV1@55.531C GPU@56.156C tj@59.125C SOC1@59.125C CV2@55.812C
08-21-2026 19:59:49 RAM 4297/15389MB (lfb 1156x4MB) SWAP 0/7694MB (cached 0MB) CPU [0%@960,100%@960,0%@960,0%@960,0%@1267,0%@1267,0%@1267,100%@1267] EMC_FREQ 0% GR3D_FREQ 23% GR3D2_FREQ 23%@0 CV0@55.687C CPU@58.531C SOC2@56.812C SOC0@57.562C CV1@55.593C GPU@56.062C tj@58.937C SOC1@59.125C CV2@55.968C
08-21-2026 19:59:49 RAM 4297/15389MB (lfb 1156x4MB) SWAP 0/7694MB (cached 0MB) CPU [0%@883,0%@883,0%@883,0%@883,0%@1420,0%@1420,0%@1420,50%@1420] EMC_FREQ 0% GR3D_FREQ 0% GR3D2_FREQ 0%@0 CV0@55.562C CPU@58.375C SOC2@56.781C SOC0@57.562C CV1@55.593C GPU@56.187C tj@58.968C SOC1@58.968C CV2@55.937C
08-21-2026 19:59:49 RAM 4297/15389MB (lfb 1156x4MB) SWAP 0/7694MB (cached 0MB) CPU [0%@960,50%@960,0%@960,0%@960,0%@1344,0%@1344,0%@1344,0%@1344] EMC_FREQ 0% GR3D_FREQ 23% GR3D2_FREQ 23%@0 CV0@55.593C CPU@58.718C SOC2@56.75C SOC0@57.562C CV1@55.718C GPU@56.406C tj@58.937C SOC1@58.937C CV2@55.937C
08-21-2026 19:59:49 RAM 4297/15389MB (lfb 1156x4MB) SWAP 0/7694MB (cached 0MB) CPU [50%@883,0%@883,0%@883,0%@883,0%@1420,0%@1420,0%@1420,0%@1420] EMC_FREQ 0% GR3D_FREQ 23% GR3D2_FREQ 23%@0 CV0@55.656C CPU@58.5C SOC2@56.843C SOC0@57.5C CV1@55.718C GPU@56.375C tj@58.937C SOC1@58.937C CV2@55.906C
08-21-2026 19:59:49 RAM 4297/15389MB (lfb 1156x4MB) SWAP 0/7694MB (cached 0MB) CPU [0%@1113,100%@1113,0%@1113,0%@1113,0%@1420,0%@1420,0%@1420,50%@1420] EMC_FREQ 0% GR3D_FREQ 23% GR3D2_FREQ 23%@0 CV0@55.75C CPU@58.656C SOC2@56.75C SOC0@57.562C CV1@55.656C GPU@56.156C tj@58.968C SOC1@58.968C CV2@55.875C
08-21-2026 19:59:49 RAM 4297/15389MB (lfb 1156x4MB) SWAP 0/7694MB (cached 0MB) CPU [0%@806,0%@806,0%@806,0%@806,0%@1420,0%@1420,0%@1420,100%@1420] EMC_FREQ 0% GR3D_FREQ 0% GR3D2_FREQ 0%@0 CV0@55.625C CPU@58.531C SOC2@56.75C SOC0@57.562C CV1@55.531C GPU@56.25C tj@58.906C SOC1@58.906C CV2@55.781C
08-21-2026 19:59:49 RAM 4297/15389MB (lfb 1156x4MB) SWAP 0/7694MB (cached 0MB) CPU [50%@729,50%@729,0%@729,0%@729,0%@1190,0%@1190,0%@1190,33%@1190] EMC_FREQ 0% GR3D_FREQ 22% GR3D2_FREQ 22%@0 CV0@55.656C CPU@58.468C SOC2@56.687C SOC0@57.531C CV1@55.656C GPU@56.156C tj@59.218C SOC1@59.031C CV2@55.843C
08-21-2026 19:59:49 RAM 4297/15389MB (lfb 1156x4MB) SWAP 0/7694MB (cached 0MB) CPU [0%@1984,50%@1984,0%@1984,0%@1984,0%@1420,100%@1420,0%@1420,0%@1420] EMC_FREQ 0% GR3D_FREQ 7% GR3D2_FREQ 7%@0 CV0@55.625C CPU@58.5C SOC2@56.687C SOC0@57.718C CV1@55.593C GPU@56.468C tj@58.968C SOC1@58.968C CV2@56C
08-21-2026 19:59:49 RAM 4297/15389MB (lfb 1156x4MB) SWAP 0/7694MB (cached 0MB) CPU [0%@1984,100%@1984,0%@1984,0%@1984,0%@1267,0%@1267,33%@1267,0%@1267] EMC_FREQ 0% GR3D_FREQ 7% GR3D2_FREQ 15%@0 CV0@55.718C CPU@58.531C SOC2@56.718C SOC0@57.593C CV1@55.593C GPU@56.343C tj@59C SOC1@59.062C CV2@55.906C
08-21-2026 19:59:49 RAM 4297/15389MB (lfb 1156x4MB) SWAP 0/7694MB (cached 0MB) CPU [50%@883,0%@883,0%@883,0%@883,50%@1497,50%@1497,0%@1497,0%@1497] EMC_FREQ 0% GR3D_FREQ 15% GR3D2_FREQ 15%@0 CV0@55.718C CPU@58.406C SOC2@56.687C SOC0@57.562C CV1@55.625C GPU@56.187C tj@59.187C SOC1@59.187C CV2@55.937C
08-21-2026 19:59:49 RAM 4297/15389MB (lfb 1156x4MB) SWAP 0/7694MB (cached 0MB) CPU [0%@729,50%@729,0%@729,0%@729,0%@1497,0%@1497,0%@1497,0%@1497] EMC_FREQ 0% GR3D_FREQ 23% GR3D2_FREQ 23%@0 CV0@55.562C CPU@58.312C SOC2@56.781C SOC0@57.656C CV1@55.593C GPU@56.218C tj@58.968C SOC1@58.968C CV2@55.906C
08-21-2026 19:59:49 RAM 4297/15389MB (lfb 1156x4MB) SWAP 0/7694MB (cached 0MB) CPU [0%@1984,50%@1984,0%@1984,0%@1984,0%@1420,0%@1420,0%@1420,0%@1420] EMC_FREQ 0% GR3D_FREQ 0% GR3D2_FREQ 0%@0 CV0@55.593C CPU@58.468C SOC2@56.812C SOC0@57.562C CV1@55.656C GPU@56.125C tj@59C SOC1@59C CV2@55.968C
08-21-2026 19:59:49 RAM 4297/15389MB (lfb 1156x4MB) SWAP 0/7694MB (cached 0MB) CPU [50%@1984,0%@1984,0%@1984,0%@1984,0%@1497,50%@1497,0%@1497,0%@1497] EMC_FREQ 0% GR3D_FREQ 0% GR3D2_FREQ 0%@0 CV0@55.531C CPU@58.343C SOC2@56.781C SOC0@57.531C CV1@55.531C GPU@56C tj@59.031C SOC1@59.031C CV2@55.937C
08-21-2026 19:59:49 RAM 4297/15389MB (lfb 1156x4MB) SWAP 0/7694MB (cached 0MB) CPU [0%@1036,0%@1036,0%@1036,0%@1036,0%@1420,0%@1420,0%@1420,0%@1420] EMC_FREQ 0% GR3D_FREQ 23% GR3D2_FREQ 23%@0 CV0@55.593C CPU@58.562C SOC2@56.687C SOC0@57.562C CV1@55.718C GPU@56.187C tj@59.031C SOC1@59.031C CV2@56.031C
08-21-2026 19:59:49 RAM 4297/15389MB (lfb 1156x4MB) SWAP 0/7694MB (cached 0MB) CPU [0%@960,66%@960,0%@960,0%@960,0%@1497,100%@1497,0%@1497,50%@1497] EMC_FREQ 0% GR3D_FREQ 20% GR3D2_FREQ 20%@0 CV0@55.875C CPU@58.531C SOC2@56.843C SOC0@57.562C CV1@55.781C GPU@56.468C tj@59.093C SOC1@59.093C CV2@55.875C
08-21-2026 19:59:49 RAM 4297/15389MB (lfb 1156x4MB) SWAP 0/7694MB (cached 0MB) CPU [0%@1984,0%@1984,0%@1984,0%@1984,0%@1344,0%@1344,0%@1344,0%@1344] EMC_FREQ 0% GR3D_FREQ 2% GR3D2_FREQ 2%@0 CV0@55.687C CPU@58.468C SOC2@56.75C SOC0@57.562C CV1@55.718C GPU@56.062C tj@58.937C SOC1@58.937C CV2@55.812C
08-21-2026 19:59:49 RAM 4297/15389MB (lfb 1156x4MB) SWAP 0/7694MB (cached 0MB) CPU [0%@960,0%@960,0%@960,0%@960,0%@1420,50%@1420,0%@1420,0%@1420] EMC_FREQ 0% GR3D_FREQ 2% GR3D2_FREQ 2%@0 CV0@55.593C CPU@58.5C SOC2@56.781C SOC0@57.531C CV1@55.687C GPU@56.125C tj@59.187C SOC1@59.187C CV2@55.906C
08-21-2026 19:59:49 RAM 4297/15389MB (lfb 1156x4MB) SWAP 0/7694MB (cached 0MB) CPU [0%@960,0%@960,0%@960,0%@960,0%@1267,0%@1267,0%@1267,0%@1267] EMC_FREQ 0% GR3D_FREQ 23% GR3D2_FREQ 23%@0 CV0@55.687C CPU@58.437C SOC2@56.75C SOC0@57.687C CV1@55.593C GPU@56.25C tj@59.25C SOC1@59.25C CV2@55.812C
08-21-2026 19:59:49 RAM 4297/15389MB (lfb 1156x4MB) SWAP 0/7694MB (cached 0MB) CPU [0%@1984,50%@1984,0%@1984,0%@1984,66%@1344,0%@1344,0%@1344,0%@1344] EMC_FREQ 0% GR3D_FREQ 0% GR3D2_FREQ 0%@0 CV0@55.718C CPU@58.468C SOC2@56.687C SOC0@57.656C CV1@55.687C GPU@56.187C tj@59.125C SOC1@59.125C CV2@55.812C
08-21-2026 19:59:49 RAM 4297/15389MB (lfb 1156x4MB) SWAP 0/7694MB (cached 0MB) CPU [0%@1984,0%@1984,0%@1984,0%@1984,0%@1420,0%@1420,0%@1420,0%@1420] EMC_FREQ 0% GR3D_FREQ 23% GR3D2_FREQ 23%@0 CV0@55.656C CPU@58.343C SOC2@56.593C SOC0@57.593C CV1@55.656C GPU@56.406C tj@59.062C SOC1@59.062C CV2@55.875C
08-21-2026 19:59:49 RAM 4297/15389MB (lfb 1156x4MB) SWAP 0/7694MB (cached 0MB) CPU [0%@960,100%@960,0%@960,0%@960,0%@1344,0%@1344,0%@1344,0%@1344] EMC_FREQ 0% GR3D_FREQ 23% GR3D2_FREQ 23%@0 CV0@55.687C CPU@58.375C SOC2@56.75C SOC0@57.656C CV1@55.656C GPU@56.218C tj@59.187C SOC1@59.187C CV2@56C
08-21-2026 19:59:49 RAM 4297/15389MB (lfb 1156x4MB) SWAP 0/7694MB (cached 0MB) CPU [0%@806,0%@806,0%@806,0%@806,50%@1344,0%@1344,0%@1344,0%@1344] EMC_FREQ 0% GR3D_FREQ 19% GR3D2_FREQ 19%@0 CV0@55.562C CPU@58.593C SOC2@56.843C SOC0@57.562C CV1@55.625C GPU@56.406C tj@59C SOC1@59C CV2@56C
08-21-2026 19:59:50 RAM 4297/15389MB (lfb 1156x4MB) SWAP 0/7694MB (cached 0MB) CPU [0%@1984,0%@1984,0%@1984,0%@1984,50%@1344,0%@1344,0%@1344,0%@1344] EMC_FREQ 0% GR3D_FREQ 0% GR3D2_FREQ 0%@0 CV0@55.75C CPU@58.625C SOC2@56.781C SOC0@57.531C CV1@55.75C GPU@56.187C tj@58.937C SOC1@58.937C CV2@55.968C
08-21-2026 19:59:50 RAM 4297/15389MB (lfb 1156x4MB) SWAP 0/7694MB (cached 0MB) CPU [0%@1036,50%@1036,0%@1036,33%@1036,0%@1420,0%@1420,0%@1420,0%@1420] EMC_FREQ 0% GR3D_FREQ 0% GR3D2_FREQ 19%@0 CV0@55.812C CPU@58.593C SOC2@56.812C SOC0@57.468C CV1@55.687C GPU@56.125C tj@59C SOC1@59C CV2@55.937C
08-21-2026 19:59:50 RAM 4297/15389MB (lfb 1156x4MB) SWAP 0/7694MB (cached 0MB) CPU [33%@1984,50%@1984,0%@1984,0%@1984,50%@1267,0%@1267,0%@1267,0%@1267] EMC_FREQ 0% GR3D_FREQ 19% GR3D2_FREQ 19%@0 CV0@55.75C CPU@58.531C SOC2@56.812C SOC0@57.593C CV1@55.687C GPU@56.187C tj@59.125C SOC1@59.125C CV2@55.906C
08-21-2026 19:59:50 RAM 4297/15389MB (lfb 1156x4MB) SWAP 0/7694MB (cached 0MB) CPU [0%@806,0%@806,0%@806,0%@806,0%@1420,0%@1420,0%@1420,0%@1420] EMC_FREQ 0% GR3D_FREQ 1% GR3D2_FREQ 1%@0 CV0@55.687C CPU@58.375C SOC2@56.781C SOC0@57.593C CV1@55.625C GPU@56.406C tj@59C SOC1@59C CV2@55.937C
08-21-2026 19:59:50 RAM 4297/15389MB (lfb 1156x4MB) SWAP 0/7694MB (cached 0MB) CPU [0%@1984,0%@1984,0%@1984,0%@1984,0%@1190,50%@1190,0%@1190,0%@1190] EMC_FREQ 0% GR3D_FREQ 22% GR3D2_FREQ 22%@0 CV0@55.593C CPU@58.437C SOC2@56.843C SOC0@57.718C CV1@55.593C GPU@56.406C tj@59C SOC1@59C CV2@55.812C
08-21-2026 19:59:50 RAM 4297/15389MB (lfb 1156x4MB) SWAP 0/7694MB (cached 0MB) CPU [0%@1984,0%@1984,0%@1984,0%@1984,0%@1420,50%@1420,0%@1420,0%@1420] EMC_FREQ 0% GR3D_FREQ 22% GR3D2_FREQ 22%@0 CV0@55.687C CPU@58.437C SOC2@56.75C SOC0@57.687C CV1@55.687C GPU@56.093C tj@59.093C SOC1@59.093C CV2@55.781C
08-21-2026 19:59:50 RAM 4297/15389MB (lfb 1156x4MB) SWAP 0/7694MB (cached 0MB) CPU [0%@1984,0%@1984,0%@1984,0%@1984,0%@1420,0%@1420,0%@1420,0%@1420] EMC_FREQ 0% GR3D_FREQ 22% GR3D2_FREQ 22%@0 CV0@55.625C CPU@58.531C SOC2@56.687C SOC0@57.593C CV1@55.718C GPU@56.281C tj@58.968C SOC1@58.968C CV2@55.843C
08-21-2026 19:59:50 RAM 4297/15389MB (lfb 1156x4MB) SWAP 0/7694MB (cached 0MB) CPU [0%@883,50%@883,50%@883,0%@883,0%@1344,0%@1344,0%@1344,50%@1344] EMC_FREQ 0% GR3D_FREQ 0% GR3D2_FREQ 0%@0 CV0@55.687C CPU@58.656C SOC2@56.593C SOC0@57.593C CV1@55.531C GPU@56.093C tj@59C SOC1@59C CV2@56C
08-21-2026 19:59:50 RAM 4297/15389MB (lfb 1156x4MB) SWAP 0/7694MB (cached 0MB) CPU [50%@806,50%@806,0%@806,0%@806,0%@1267,0%@1267,0%@1267,50%@1267] EMC_FREQ 0% GR3D_FREQ 22% GR3D2_FREQ 22%@0 CV0@55.531C CPU@58.75C SOC2@56.812C SOC0@57.593C CV1@55.531C GPU@56.062C tj@59.031C SOC1@59C CV2@56C
08-21-2026 19:59:50 RAM 4297/15389MB (lfb 1156x4MB) SWAP 0/7694MB (cached 0MB) CPU [0%@1984,0%@1984,0%@1984,0%@1984,0%@1267,0%@1267,0%@1267,100%@1267] EMC_FREQ 0% GR3D_FREQ 22% GR3D2_FREQ 22%@0 CV0@55.656C CPU@58.687C SOC2@56.906C SOC0@57.593C CV1@55.687C GPU@56.187C tj@59.062C SOC1@59.062C CV2@55.937C
08-21-2026 19:59:50 RAM 4297/15389MB (lfb 1156x4MB) SWAP 0/7694MB (cached 0MB) CPU [0%@729,0%@729,50%@729,0%@729,0%@1420,0%@1420,50%@1420,0%@1420] EMC_FREQ 0% GR3D_FREQ 3% GR3D2_FREQ 3%@0 CV0@55.562C CPU@58.718C SOC2@56.812C SOC0@57.5C CV1@55.718C GPU@56.312C tj@58.906C SOC1@58.906C CV2@55.906C
08-21-2026 19:59:50 RAM 4297/15389MB (lfb 1156x4MB) SWAP 0/7694MB (cached 0MB) CPU [0%@1984,50%@1984,0%@1984,0%@1984,0%@1267,0%@1267,0%@1267,50%@1267] EMC_FREQ 0% GR3D_FREQ 19% GR3D2_FREQ 19%@0 CV0@55.625C CPU@58.562C SOC2@56.75C SOC0@57.531C CV1@55.656C GPU@56.281C tj@58.906C SOC1@58.906C CV2@55.937C
08-21-2026 19:59:50 RAM 4297/15389MB (lfb 1156x4MB) SWAP 0/7694MB (cached 0MB) CPU [0%@806,0%@806,0%@806,0%@806,0%@1420,0%@1420,0%@1420,0%@1420] EMC_FREQ 0% GR3D_FREQ 23% GR3D2_FREQ 23%@0 CV0@55.718C CPU@58.656C SOC2@56.718C SOC0@57.593C CV1@55.687C GPU@56.093C tj@58.937C SOC1@58.937C CV2@55.781C
08-21-2026 19:59:50 RAM 4297/15389MB (lfb 1156x4MB) SWAP 0/7694MB (cached 0MB) CPU [0%@960,50%@960,0%@960,0%@960,0%@1344,0%@1344,0%@1344,50%@1344] EMC_FREQ 0% GR3D_FREQ 23% GR3D2_FREQ 23%@0 CV0@55.625C CPU@58.5C SOC2@56.75C SOC0@57.718C CV1@55.718C GPU@56.218C tj@58.875C SOC1@58.875C CV2@55.781C
08-21-2026 19:59:50 RAM 4297/15389MB (lfb 1156x4MB) SWAP 0/7694MB (cached 0MB) CPU [0%@1984,50%@1984,0%@1984,0%@1984,50%@1344,0%@1344,50%@1344,100%@1344] EMC_FREQ 0% GR3D_FREQ 0% GR3D2_FREQ 0%@0 CV0@55.562C CPU@58.625C SOC2@56.718C SOC0@57.687C CV1@55.593C GPU@56.187C tj@59.156C SOC1@59.156C CV2@55.906C
08-21-2026 19:59:50 RAM 4297/15389MB (lfb 1156x4MB) SWAP 0/7694MB (cached 0MB) CPU [0%@960,0%@960,0%@960,0%@960,0%@1267,0%@1267,0%@1267,0%@1267] EMC_FREQ 0% GR3D_FREQ 22% GR3D2_FREQ 22%@0 CV0@55.625C CPU@58.406C SOC2@56.781C SOC0@57.5C CV1@55.656C GPU@56.468C tj@59.031C SOC1@59.031C CV2@56.031C
08-21-2026 19:59:50 RAM 4297/15389MB (lfb 1156x4MB) SWAP 0/7694MB (cached 0MB) CPU [0%@1984,0%@1984,50%@1984,0%@1984,0%@1344,0%@1344,0%@1344,50%@1344] EMC_FREQ 0% GR3D_FREQ 9% GR3D2_FREQ 9%@0 CV0@55.531C CPU@58.312C SOC2@56.75C SOC0@57.5C CV1@55.531C GPU@56.187C tj@59.031C SOC1@59.031C CV2@56.062C
08-21-2026 19:59:50 RAM 4297/15389MB (lfb 1156x4MB) SWAP 0/7694MB (cached 0MB) CPU [50%@729,0%@729,0%@729,0%@729,0%@1267,0%@1267,0%@1267,0%@1267] EMC_FREQ 0% GR3D_FREQ 9% GR3D2_FREQ 9%@0 CV0@55.531C CPU@58.343C SOC2@56.75C SOC0@57.531C CV1@55.562C GPU@56.343C tj@59.093C SOC1@59.093C CV2@56C
08-21-2026 19:59:50 RAM 4297/15389MB (lfb 1156x4MB) SWAP 0/7694MB (cached 0MB) CPU [0%@883,0%@883,66%@883,0%@883,0%@1267,0%@1267,0%@1267,0%@1267] EMC_FREQ 0% GR3D_FREQ 13% GR3D2_FREQ 13%@0 CV0@55.625C CPU@58.781C SOC2@56.875C SOC0@57.437C CV1@55.625C GPU@56.218C tj@59.031C SOC1@59.031C CV2@55.875C
08-21-2026 19:59:50 RAM 4297/15389MB (lfb 1156x4MB) SWAP 0/7694MB (cached 0MB) CPU [0%@1984,0%@1984,0%@1984,0%@1984,0%@1420,0%@1420,0%@1420,50%@1420] EMC_FREQ 0% GR3D_FREQ 22% GR3D2_FREQ 22%@0 CV0@55.531C CPU@58.625C SOC2@56.781C SOC0@57.593C CV1@55.593C GPU@56.062C tj@58.937C SOC1@58.937C CV2@55.968C
08-21-2026 19:59:50 RAM 4297/15389MB (lfb 1156x4MB) SWAP 0/7694MB (cached 0MB) CPU [0%@1984,0%@1984,0%@1984,50%@1984,0%@1267,0%@1267,0%@1267,0%@1267] EMC_FREQ 0% GR3D_FREQ 0% GR3D2_FREQ 0%@0 CV0@55.593C CPU@58.718C SOC2@56.625C SOC0@57.5C CV1@55.75C GPU@56C tj@58.843C SOC1@58.843C CV2@55.937C
08-21-2026 19:59:50 RAM 4297/15389MB (lfb 1156x4MB) SWAP 0/7694MB (cached 0MB) CPU [50%@883,0%@883,0%@883,0%@883,0%@1420,0%@1420,0%@1420,100%@1420] EMC_FREQ 0% GR3D_FREQ 0% GR3D2_FREQ 0%@0 CV0@55.718C CPU@58.687C SOC2@56.656C SOC0@57.5C CV1@55.656C GPU@56.093C tj@59C SOC1@59C CV2@55.843C
08-21-2026 19:59:50 RAM 4297/15389MB (lfb 1156x4MB) SWAP 0/7694MB (cached 0MB) CPU [0%@806,50%@806,0%@806,0%@806,0%@1344,0%@1344,0%@1344,50%@1344] EMC_FREQ 0% GR3D_FREQ 22% GR3D2_FREQ 22%@0 CV0@55.687C CPU@58.656C SOC2@56.781C SOC0@57.593C CV1@55.656C GPU@56.343C tj@59C SOC1@59C CV2@55.875C
08-21-2026 19:59:50 RAM 4297/15389MB (lfb 1156x4MB) SWAP 0/7694MB (cached 0MB) CPU [0%@883,0%@883,50%@883,0%@883,50%@1420,0%@1420,0%@1420,0%@1420] EMC_FREQ 0% GR3D_FREQ 10% GR3D2_FREQ 10%@0 CV0@55.718C CPU@58.593C SOC2@56.75C SOC0@57.75C CV1@55.656C GPU@56.375C tj@59C SOC1@59C CV2@55.812C
08-21-2026 19:59:50 RAM 4297/15389MB (lfb 1156x4MB) SWAP 0/7694MB (cached 0MB) CPU [0%@1984,0%@1984,50%@1984,0%@1984,0%@1420,0%@1420,0%@1420,0%@1420] EMC_FREQ 0% GR3D_FREQ 12% GR3D2_FREQ 12%@0 CV0@55.687C CPU@58.531C SOC2@56.718C SOC0@57.75C CV1@55.625C GPU@56.156C tj@59.062C SOC1@59.062C CV2@55.875C
08-21-2026 19:59:50 RAM 4297/15389MB (lfb 1156x4MB) SWAP 0/7694MB (cached 0MB) CPU [0%@729,0%@729,0%@729,0%@729,0%@1420,0%@1420,0%@1420,100%@1420] EMC_FREQ 0% GR3D_FREQ 12% GR3D2_FREQ 12%@0 CV0@55.593C CPU@58.5C SOC2@56.75C SOC0@57.687C CV1@55.625C GPU@56.218C tj@59.125C SOC1@59.125C CV2@55.843C
08-21-2026 19:59:50 RAM 4297/15389MB (lfb 1156x4MB) SWAP 0/7694MB (cached 0MB) CPU [0%@806,50%@806,0%@806,0%@806,0%@1190,0%@1190,50%@1190,0%@1190] EMC_FREQ 0% GR3D_FREQ 22% GR3D2_FREQ 22%@0 CV0@55.593C CPU@58.406C SOC2@56.656C SOC0@57.625C CV1@55.687C GPU@56.218C tj@59.156C SOC1@59.156C CV2@55.843C
08-21-2026 19:59:50 RAM 4297/15389MB (lfb 1156x4MB) SWAP 0/7694MB (cached 0MB) CPU [0%@729,0%@729,50%@729,0%@729,50%@1420,0%@1420,0%@1420,100%@1420] EMC_FREQ 0% GR3D_FREQ 0% GR3D2_FREQ 0%@0 CV0@55.593C CPU@58.312C SOC2@56.687C SOC0@57.562C CV1@55.562C GPU@56.343C tj@59.031C SOC1@59.031C CV2@55.812C
08-21-2026 19:59:50 RAM 4297/15389MB (lfb 1156x4MB) SWAP 0/7694MB (cached 0MB) CPU [50%@1984,0%@1984,100%@1984,0%@1984,0%@1420,0%@1420,0%@1420,0%@1420] EMC_FREQ 0% GR3D_FREQ 23% GR3D2_FREQ 23%@0 CV0@55.593C CPU@58.718C SOC2@56.687C SOC0@57.531C CV1@55.531C GPU@56.125C tj@58.906C SOC1@58.906C CV2@56C
08-21-2026 19:59:50 RAM 4297/15389MB (lfb 1156x4MB) SWAP 0/7694MB (cached 0MB) CPU [0%@1036,0%@1036,0%@1036,0%@1036,0%@1344,0%@1344,0%@1344,50%@1344] EMC_FREQ 0% GR3D_FREQ 23% GR3D2_FREQ 23%@0 CV0@55.562C CPU@58.687C SOC2@56.718C SOC0@57.593C CV1@55.656C GPU@56.062C tj@59.062C SOC1@59.062C CV2@56C
08-21-2026 19:59:50 RAM 4297/15389MB (lfb 1156x4MB) SWAP 0/7694MB (cached 0MB) CPU [50%@1036,50%@1036,0%@1036,0%@1036,0%@1344,0%@1344,0%@1344,0%@1344] EMC_FREQ 0% GR3D_FREQ 19% GR3D2_FREQ 19%@0 CV0@55.656C CPU@58.593C SOC2@56.843C SOC0@57.531C CV1@55.625C GPU@56.218C tj@58.906C SOC1@59C CV2@55.968C
08-21-2026 19:59:50 RAM 4297/15389MB (lfb 1156x4MB) SWAP 0/7694MB (cached 0MB) CPU [0%@1984,0%@1984,0%@1984,0%@1984,0%@1344,0%@1344,50%@1344,100%@1344] EMC_FREQ 0% GR3D_FREQ 0% GR3D2_FREQ 0%@0 CV0@55.531C CPU@58.593C SOC2@56.718C SOC0@57.593C CV1@55.75C GPU@56.093C tj@58.937C SOC1@58.937C CV2@55.937C
08-21-2026 19:59:50 RAM 4297/15389MB (lfb 1156x4MB) SWAP 0/7694MB (cached 0MB) CPU [0%@806,50%@806,0%@806,0%@806,0%@1344,0%@1344,0%@1344,50%@1344] EMC_FREQ 0% GR3D_FREQ 19% GR3D2_FREQ 19%@0 CV0@55.625C CPU@58.625C SOC2@56.718C SOC0@57.531C CV1@55.781C GPU@56C tj@58.968C SOC1@58.968C CV2@55.937C
08-21-2026 19:59:50 RAM 4297/15389MB (lfb 1156x4MB) SWAP 0/7694MB (cached 0MB) CPU [0%@883,0%@883,0%@883,0%@883,50%@1267,0%@1267,0%@1267,0%@1267] EMC_FREQ 0% GR3D_FREQ 19% GR3D2_FREQ 19%@0 CV0@55.625C CPU@58.593C SOC2@56.75C SOC0@57.718C CV1@55.625C GPU@56.125C tj@59.031C SOC1@59.031C CV2@55.968C
08-21-2026 19:59:50 RAM 4297/15389MB (lfb 1156x4MB) SWAP 0/7694MB (cached 0MB) CPU [0%@1984,50%@1984,0%@1984,0%@1984,0%@1344,0%@1344,0%@1344,100%@1344] EMC_FREQ 0% GR3D_FREQ 7% GR3D2_FREQ 7%@0 CV0@55.656C CPU@58.437C SOC2@56.687C SOC0@57.656C CV1@55.593C GPU@56.375C tj@58.968C SOC1@58.968C CV2@55.875C
08-21-2026 19:59:50 RAM 4297/15389MB (lfb 1156x4MB) SWAP 0/7694MB (cached 0MB) CPU [0%@960,0%@960,0%@960,0%@960,0%@1344,0%@1344,0%@1344,50%@1344] EMC_FREQ 0% GR3D_FREQ 15% GR3D2_FREQ 15%@0 CV0@55.687C CPU@58.437C SOC2@56.75C SOC0@57.718C CV1@55.656C GPU@56.281C tj@59.187C SOC1@59.187C CV2@55.781C
08-21-2026 19:59:50 RAM 4297/15389MB (lfb 1156x4MB) SWAP 0/7694MB (cached 0MB) CPU [0%@1984,0%@1984,0%@1984,0%@1984,0%@1420,0%@1420,0%@1420,0%@1420] EMC_FREQ 0% GR3D_FREQ 23% GR3D2_FREQ 23%@0 CV0@55.593C CPU@58.468C SOC2@56.593C SOC0@57.687C CV1@55.625C GPU@56.093C tj@59.062C SOC1@59.062C CV2@55.937C
08-21-2026 19:59:50 RAM 4297/15389MB (lfb 1156x4MB) SWAP 0/7694MB (cached 0MB) CPU [0%@1036,0%@1036,0%@1036,0%@1036,0%@1420,0%@1420,0%@1420,0%@1420] EMC_FREQ 0% GR3D_FREQ 23% GR3D2_FREQ 23%@0 CV0@55.718C CPU@58.437C SOC2@56.75C SOC0@57.562C CV1@55.5C GPU@56.156C tj@59.062C SOC1@59.062C CV2@56.062C
08-21-2026 19:59:50 RAM 4297/15389MB (lfb 1156x4MB) SWAP 0/7694MB (cached 0MB) CPU [0%@1036,0%@1036,0%@1036,0%@1036,0%@1497,0%@1497,0%@1497,100%@1497] EMC_FREQ 0% GR3D_FREQ 0% GR3D2_FREQ 0%@0 CV0@55.593C CPU@58.75C SOC2@56.75C SOC0@57.562C CV1@55.812C GPU@56C tj@58.968C SOC1@58.968C CV2@56.062C
08-21-2026 19:59:50 RAM 4297/15389MB (lfb 1156x4MB) SWAP 0/7694MB (cached 0MB) CPU [0%@1113,50%@1113,0%@1113,50%@1113,0%@1344,0%@1344,0%@1344,0%@1344] EMC_FREQ 0% GR3D_FREQ 23% GR3D2_FREQ 23%@0 CV0@55.625C CPU@58.718C SOC2@56.812C SOC0@57.5C CV1@55.75C GPU@56.375C tj@59C SOC1@59C CV2@55.781C
08-21-2026 19:59:50 RAM 4297/15389MB (lfb 1156x4MB) SWAP 0/7694MB (cached 0MB) CPU [0%@1984,50%@1984,0%@1984,0%@1984,0%@1420,0%@1420,0%@1420,100%@1420] EMC_FREQ 0% GR3D_FREQ 23% GR3D2_FREQ 23%@0 CV0@55.875C CPU@58.625C SOC2@56.781C SOC0@57.593C CV1@55.656C GPU@56.125C tj@58.875C SOC1@58.875C CV2@55.906C
08-21-2026 19:59:50 RAM 4297/15389MB (lfb 1156x4MB) SWAP 0/7694MB (cached 0MB) CPU [50%@806,50%@806,0%@806,50%@806,0%@1420,0%@1420,0%@1420,0%@1420] EMC_FREQ 0% GR3D_FREQ 22% GR3D2_FREQ 22%@0 CV0@55.75C CPU@58.593C SOC2@56.812C SOC0@57.593C CV1@55.656C GPU@56.312C tj@59.031C SOC1@58.906C CV2@55.968C
08-21-2026 19:59:50 RAM 4298/15389MB (lfb 1156x4MB) SWAP 0/7694MB (cached 0MB) CPU [0%@960,0%@960,100%@960,0%@960,0%@1344,0%@1344,0%@1344,66%@1344] EMC_FREQ 0% GR3D_FREQ 0% GR3D2_FREQ 0%@0 CV0@55.718C CPU@58.656C SOC2@56.812C SOC0@57.5C CV1@55.625C GPU@56.031C tj@59.031C SOC1@59.031C CV2@55.781C
08-21-2026 19:59:50 RAM 4298/15389MB (lfb 1156x4MB) SWAP 0/7694MB (cached 0MB) CPU [0%@1984,0%@1984,50%@1984,0%@1984,0%@1497,0%@1497,0%@1497,0%@1497] EMC_FREQ 0% GR3D_FREQ 22% GR3D2_FREQ 22%@0 CV0@55.718C CPU@58.718C SOC2@56.75C SOC0@57.687C CV1@55.593C GPU@56.156C tj@59.218C SOC1@59.218C CV2@55.781C
08-21-2026 19:59:50 RAM 4298/15389MB (lfb 1156x4MB) SWAP 0/7694MB (cached 0MB) CPU [0%@883,0%@883,50%@883,0%@883,0%@1420,0%@1420,0%@1420,50%@1420] EMC_FREQ 0% GR3D_FREQ 22% GR3D2_FREQ 22%@0 CV0@55.75C CPU@58.406C SOC2@56.75C SOC0@57.625C CV1@55.562C GPU@56.156C tj@59.187C SOC1@59.187C CV2@55.843C
08-21-2026 19:59:50 RAM 4298/15389MB (lfb 1156x4MB) SWAP 0/7694MB (cached 0MB) CPU [0%@806,0%@806,0%@806,0%@806,0%@1420,0%@1420,0%@1420,50%@1420] EMC_FREQ 0% GR3D_FREQ 1% GR3D2_FREQ 1%@0 CV0@55.656C CPU@58.468C SOC2@56.593C SOC0@57.656C CV1@55.625C GPU@56.406C tj@59.031C SOC1@59.031C CV2@55.906C
08-21-2026 19:59:50 RAM 4298/15389MB (lfb 1156x4MB) SWAP 0/7694MB (cached 0MB) CPU [0%@1984,0%@1984,0%@1984,0%@1984,0%@1344,0%@1344,0%@1344,0%@1344] EMC_FREQ 0% GR3D_FREQ 21% GR3D2_FREQ 21%@0 CV0@55.718C CPU@58.375C SOC2@56.812C SOC0@57.531C CV1@55.531C GPU@56.406C tj@59.031C SOC1@59.031C CV2@55.937C
08-21-2026 19:59:50 RAM 4298/15389MB (lfb 1156x4MB) SWAP 0/7694MB (cached 0MB) CPU [50%@1984,0%@1984,100%@1984,0%@1984,0%@1497,0%@1497,0%@1497,100%@1497] EMC_FREQ 0% GR3D_FREQ 19% GR3D2_FREQ 19%@0 CV0@55.593C CPU@58.343C SOC2@56.781C SOC0@57.593C CV1@55.562C GPU@56.093C tj@59.125C SOC1@59.125C CV2@56C
08-21-2026 19:59:50 RAM 4297/15389MB (lfb 1156x4MB) SWAP 0/7694MB (cached 0MB) CPU [0%@1984,0%@1984,0%@1984,0%@1984,0%@1190,50%@1190,0%@1190,0%@1190] EMC_FREQ 0% GR3D_FREQ 19% GR3D2_FREQ 19%@0 CV0@55.593C CPU@58.406C SOC2@56.781C SOC0@57.593C CV1@55.687C GPU@56.343C tj@59.062C SOC1@59.062C CV2@55.843C
08-21-2026 19:59:50 RAM 4297/15389MB (lfb 1156x4MB) SWAP 0/7694MB (cached 0MB) CPU [0%@1984,0%@1984,50%@1984,0%@1984,0%@1420,0%@1420,0%@1420,100%@1420] EMC_FREQ 0% GR3D_FREQ 0% GR3D2_FREQ 0%@0 CV0@55.562C CPU@58.718C SOC2@56.75C SOC0@57.593C CV1@55.687C GPU@56.062C tj@59C SOC1@59C CV2@55.875C
08-21-2026 19:59:50 RAM 4297/15389MB (lfb 1156x4MB) SWAP 0/7694MB (cached 0MB) CPU [0%@806,0%@806,0%@806,0%@806,0%@1420,0%@1420,0%@1420,0%@1420] EMC_FREQ 0% GR3D_FREQ 23% GR3D2_FREQ 23%@0 CV0@55.781C CPU@58.75C SOC2@56.75C SOC0@57.531C CV1@55.562C GPU@56.093C tj@58.906C SOC1@58.906C CV2@55.843C
08-21-2026 19:59:50 RAM 4297/15389MB (lfb 1156x4MB) SWAP 0/7694MB (cached 0MB) CPU [0%@729,0%@729,0%@729,0%@729,0%@1497,100%@1497,50%@1497,0%@1497] EMC_FREQ 0% GR3D_FREQ 16% GR3D2_FREQ 16%@0 CV0@55.718C CPU@58.531C SOC2@56.812C SOC0@57.531C CV1@55.718C GPU@56.125C tj@58.937C SOC1@58.937C CV2@56C
08-21-2026 19:59:50 RAM 4297/15389MB (lfb 1156x4MB) SWAP 0/7694MB (cached 0MB) CPU [0%@960,0%@960,0%@960,50%@960,0%@1497,0%@1497,0%@1497,0%@1497] EMC_FREQ 0% GR3D_FREQ 16% GR3D2_FREQ 16%@0 CV0@55.593C CPU@58.5C SOC2@56.687C SOC0@57.718C CV1@55.656C GPU@56.437C tj@58.937C SOC1@58.937C CV2@55.906C
08-21-2026 19:59:50 RAM 4297/15389MB (lfb 1156x4MB) SWAP 0/7694MB (cached 0MB) CPU [50%@883,0%@883,0%@883,50%@883,0%@1420,0%@1420,50%@1420,50%@1420] EMC_FREQ 0% GR3D_FREQ 6% GR3D2_FREQ 6%@0 CV0@55.718C CPU@58.437C SOC2@56.687C SOC0@57.562C CV1@55.531C GPU@56.281C tj@59.125C SOC1@59.125C CV2@55.906C
08-21-2026 19:59:50 RAM 4297/15389MB (lfb 1156x4MB) SWAP 0/7694MB (cached 0MB) CPU [0%@806,0%@1984,0%@1984,0%@1984,0%@1344,0%@1344,0%@1344,0%@1344] EMC_FREQ 0% GR3D_FREQ 23% GR3D2_FREQ 23%@0 CV0@55.5C CPU@58.375C SOC2@56.687C SOC0@57.625C CV1@55.562C GPU@56C tj@59.062C SOC1@59.062C CV2@55.718C
08-21-2026 19:59:50 RAM 4297/15389MB (lfb 1156x4MB) SWAP 0/7694MB (cached 0MB) CPU [0%@1984,0%@1984,0%@1984,50%@1984,0%@1420,0%@1420,50%@1420,50%@1420] EMC_FREQ 0% GR3D_FREQ 23% GR3D2_FREQ 0%@0 CV0@55.593C CPU@58.468C SOC2@56.625C SOC0@57.593C CV1@55.531C GPU@56.187C tj@58.906C SOC1@58.906C CV2@56C
08-21-2026 19:59:50 RAM 4297/15389MB (lfb 1156x4MB) SWAP 0/7694MB (cached 0MB) CPU [0%@1984,0%@1984,0%@1984,0%@1984,0%@1420,0%@1420,50%@1420,0%@1420] EMC_FREQ 0% GR3D_FREQ 0% GR3D2_FREQ 0%@0 CV0@55.468C CPU@58.406C SOC2@56.656C SOC0@57.531C CV1@55.5C GPU@56.093C tj@59.156C SOC1@59.156C CV2@55.937C
08-21-2026 19:59:50 RAM 4297/15389MB (lfb 1156x4MB) SWAP 0/7694MB (cached 0MB) CPU [0%@1984,0%@1984,50%@1984,0%@1984,0%@1344,50%@1344,100%@1344,0%@1344] EMC_FREQ 0% GR3D_FREQ 19% GR3D2_FREQ 19%@0 CV0@55.531C CPU@58.406C SOC2@56.812C SOC0@57.562C CV1@55.718C GPU@56.375C tj@58.937C SOC1@58.906C CV2@55.906C
08-21-2026 19:59:50 RAM 4297/15389MB (lfb 1156x4MB) SWAP 0/7694MB (cached 0MB) CPU [50%@1984,0%@1984,0%@1984,0%@1984,0%@1497,0%@1497,50%@1497,0%@1497] EMC_FREQ 0% GR3D_FREQ 23% GR3D2_FREQ 23%@0 CV0@55.718C CPU@58.531C SOC2@56.656C SOC0@57.562C CV1@55.531C GPU@56.093C tj@58.937C SOC1@58.937C CV2@55.843C
08-21-2026 19:59:50 RAM 4297/15389MB (lfb 1156x4MB) SWAP 0/7694MB (cached 0MB) CPU [0%@883,0%@883,0%@883,50%@883,0%@1190,0%@1190,0%@1190,0%@1190] EMC_FREQ 0% GR3D_FREQ 23% GR3D2_FREQ 23%@0 CV0@55.656C CPU@58.468C SOC2@56.625C SOC0@57.562C CV1@55.593C GPU@56.375C tj@58.937C SOC1@58.937C CV2@55.781C
08-21-2026 19:59:50 RAM 4297/15389MB (lfb 1156x4MB) SWAP 0/7694MB (cached 0MB) CPU [0%@1984,0%@1984,0%@1984,0%@1984,50%@1420,0%@1420,0%@1420,0%@1420] EMC_FREQ 0% GR3D_FREQ 0% GR3D2_FREQ 0%@0 CV0@55.656C CPU@58.468C SOC2@56.75C SOC0@57.562C CV1@55.625C GPU@56.093C tj@59.187C SOC1@59.187C CV2@55.843C
08-21-2026 19:59:50 RAM 4297/15389MB (lfb 1156x4MB) SWAP 0/7694MB (cached 0MB) CPU [0%@1984,0%@1984,0%@1984,0%@1984,0%@1420,0%@1420,50%@1420,0%@1420] EMC_FREQ 0% GR3D_FREQ 23% GR3D2_FREQ 23%@0 CV0@55.687C CPU@58.375C SOC2@56.75C SOC0@57.718C CV1@55.656C GPU@56.281C tj@59.187C SOC1@59.187C CV2@55.875C
08-21-2026 19:59:50 RAM 4297/15389MB (lfb 1156x4MB) SWAP 0/7694MB (cached 0MB) CPU [0%@1984,0%@1984,0%@1984,100%@1984,0%@1344,0%@1344,0%@1344,0%@1344] EMC_FREQ 0% GR3D_FREQ 23% GR3D2_FREQ 11%@0 CV0@55.625C CPU@58.343C SOC2@56.562C SOC0@57.593C CV1@55.593C GPU@56.187C tj@59.062C SOC1@59.062C CV2@55.843C
08-21-2026 19:59:50 RAM 4297/15389MB (lfb 1156x4MB) SWAP 0/7694MB (cached 0MB) CPU [0%@1984,0%@1984,0%@1984,50%@1984,0%@1344,0%@1344,100%@1344,0%@1344] EMC_FREQ 0% GR3D_FREQ 11% GR3D2_FREQ 11%@0 CV0@55.656C CPU@58.406C SOC2@56.656C SOC0@57.531C CV1@55.531C GPU@56.468C tj@59C SOC1@59C CV2@56C
08-21-2026 19:59:50 RAM 4297/15389MB (lfb 1156x4MB) SWAP 0/7694MB (cached 0MB) CPU [0%@1984,0%@1984,0%@1984,0%@1984,0%@1420,0%@1420,0%@1420,0%@1420] EMC_FREQ 0% GR3D_FREQ 11% GR3D2_FREQ 11%@0 CV0@55.593C CPU@58.437C SOC2@56.843C SOC0@57.593C CV1@55.593C GPU@56.156C tj@58.937C SOC1@58.937C CV2@56C
08-21-2026 19:59:50 RAM 4297/15389MB (lfb 1156x4MB) SWAP 0/7694MB (cached 0MB) CPU [0%@1984,0%@1984,0%@1984,0%@1984,0%@1344,0%@1344,50%@1344,0%@1344] EMC_FREQ 0% GR3D_FREQ 19% GR3D2_FREQ 19%@0 CV0@55.593C CPU@58.562C SOC2@56.75C SOC0@57.593C CV1@55.718C GPU@56.375C tj@58.937C SOC1@58.937C CV2@55.875C
08-21-2026 19:59:50 RAM 4297/15389MB (lfb 1156x4MB) SWAP 0/7694MB (cached 0MB) CPU [0%@1984,0%@1984,0%@1984,100%@1984,50%@1344,0%@1344,0%@1344,50%@1344] EMC_FREQ 0% GR3D_FREQ 19% GR3D2_FREQ 19%@0 CV0@55.593C CPU@58.5C SOC2@56.75C SOC0@57.531C CV1@55.656C GPU@56.375C tj@58.937C SOC1@58.937C CV2@55.937C
08-21-2026 19:59:50 RAM 4297/15389MB (lfb 1156x4MB) SWAP 0/7694MB (cached 0MB) CPU [0%@1984,0%@1984,0%@1984,0%@1984,0%@1420,0%@1420,50%@1420,0%@1420] EMC_FREQ 0% GR3D_FREQ 0% GR3D2_FREQ 0%@0 CV0@55.625C CPU@58.5C SOC2@56.781C SOC0@57.531C CV1@55.593C GPU@56.093C tj@58.937C SOC1@58.937C CV2@55.906C
08-21-2026 19:59:50 RAM 4297/15389MB (lfb 1156x4MB) SWAP 0/7694MB (cached 0MB) CPU [66%@1984,0%@1984,0%@1984,50%@1984,0%@1344,0%@1344,0%@1344,0%@1344] EMC_FREQ 0% GR3D_FREQ 22% GR3D2_FREQ 22%@0 CV0@55.593C CPU@58.468C SOC2@56.781C SOC0@57.437C CV1@55.625C GPU@56.218C tj@59.125C SOC1@59.125C CV2@55.843C
08-21-2026 19:59:50 RAM 4298/15389MB (lfb 1155x4MB) SWAP 0/7694MB (cached 0MB) CPU [0%@1984,0%@1984,0%@1984,0%@1984,0%@1344,0%@1344,100%@1344,0%@1344] EMC_FREQ 0% GR3D_FREQ 21% GR3D2_FREQ 21%@0 CV0@55.656C CPU@58.406C SOC2@56.687C SOC0@57.687C CV1@55.593C GPU@56.5C tj@59.093C SOC1@59.093C CV2@55.812C
08-21-2026 19:59:50 RAM 4298/15389MB (lfb 1155x4MB) SWAP 0/7694MB (cached 0MB) CPU [0%@960,50%@960,0%@960,50%@960,0%@1420,0%@1420,0%@1420,0%@1420] EMC_FREQ 0% GR3D_FREQ 21% GR3D2_FREQ 21%@0 CV0@55.593C CPU@58.531C SOC2@56.781C SOC0@57.718C CV1@55.593C GPU@56.343C tj@59.031C SOC1@59.031C CV2@55.781C
08-21-2026 19:59:50 RAM 4298/15389MB (lfb 1155x4MB) SWAP 0/7694MB (cached 0MB) CPU [0%@1984,50%@1984,0%@1984,50%@1984,0%@1574,0%@1574,0%@1574,50%@1574] EMC_FREQ 0% GR3D_FREQ 1% GR3D2_FREQ 1%@0 CV0@55.562C CPU@58.468C SOC2@56.656C SOC0@57.718C CV1@55.562C GPU@56.125C tj@59.125C SOC1@59.125C CV2@56.031C
08-21-2026 19:59:50 RAM 4298/15389MB (lfb 1155x4MB) SWAP 0/7694MB (cached 0MB) CPU [0%@1984,0%@1984,0%@1984,0%@1984,0%@1420,0%@1420,0%@1420,0%@1420] EMC_FREQ 0% GR3D_FREQ 23% GR3D2_FREQ 23%@0 CV0@55.625C CPU@58.468C SOC2@56.562C SOC0@57.625C CV1@55.625C GPU@56.312C tj@59.031C SOC1@59.031C CV2@56C
08-21-2026 19:59:50 RAM 4298/15389MB (lfb 1155x4MB) SWAP 0/7694MB (cached 0MB) CPU [0%@729,0%@729,0%@729,50%@729,0%@1497,0%@1497,0%@1497,100%@1497] EMC_FREQ 0% GR3D_FREQ 15% GR3D2_FREQ 15%@0 CV0@55.531C CPU@58.406C SOC2@56.781C SOC0@57.562C CV1@55.625C GPU@56.281C tj@59.093C SOC1@59.093C CV2@55.968C
08-21-2026 19:59:50 RAM 4298/15389MB (lfb 1155x4MB) SWAP 0/7694MB (cached 0MB) CPU [0%@1984,0%@1984,0%@1984,0%@1984,0%@1497,0%@1497,0%@1497,0%@1497] EMC_FREQ 0% GR3D_FREQ 15% GR3D2_FREQ 15%@0 CV0@55.531C CPU@58.687C SOC2@56.875C SOC0@57.593C CV1@55.812C GPU@56.062C tj@59C SOC1@59C CV2@55.906C
08-21-2026 19:59:50 RAM 4298/15389MB (lfb 1155x4MB) SWAP 0/7694MB (cached 0MB) CPU [0%@729,0%@729,0%@729,50%@729,50%@1344,0%@1344,0%@1344,0%@1344] EMC_FREQ 0% GR3D_FREQ 7% GR3D2_FREQ 7%@0 CV0@55.812C CPU@58.531C SOC2@56.906C SOC0@57.562C CV1@55.625C GPU@56.218C tj@58.937C SOC1@58.937C CV2@55.812C
08-21-2026 19:59:50 RAM 4298/15389MB (lfb 1155x4MB) SWAP 0/7694MB (cached 0MB) CPU [0%@806,0%@806,0%@806,0%@806,0%@1344,0%@1344,0%@1344,50%@1344] EMC_FREQ 0% GR3D_FREQ 23% GR3D2_FREQ 23%@0 CV0@55.687C CPU@58.468C SOC2@56.781C SOC0@57.656C CV1@55.75C GPU@56.156C tj@59.031C SOC1@59.031C CV2@56C
08-21-2026 19:59:51 RAM 4298/15389MB (lfb 1155x4MB) SWAP 0/7694MB (cached 0MB) CPU [0%@1984,0%@1984,0%@1984,100%@1984,50%@1344,0%@1344,50%@1344,0%@1344] EMC_FREQ 0% GR3D_FREQ 0% GR3D2_FREQ 0%@0 CV0@55.718C CPU@58.593C SOC2@56.812C SOC0@57.562C CV1@55.781C GPU@56.25C tj@59.062C SOC1@59.062C CV2@55.843C
08-21-2026 19:59:51 RAM 4298/15389MB (lfb 1155x4MB) SWAP 0/7694MB (cached 0MB) CPU [0%@806,0%@806,0%@1984,0%@1984,0%@1420,0%@1420,0%@1420,50%@1420] EMC_FREQ 0% GR3D_FREQ 0% GR3D2_FREQ 0%@0 CV0@55.656C CPU@58.406C SOC2@56.718C SOC0@57.437C CV1@55.593C GPU@56.125C tj@59.218C SOC1@59.218C CV2@55.937C
08-21-2026 19:59:51 RAM 4298/15389MB (lfb 1155x4MB) SWAP 0/7694MB (cached 0MB) CPU [50%@1984,0%@1984,0%@1984,50%@1984,0%@1344,50%@1344,33%@1344,0%@1344] EMC_FREQ 0% GR3D_FREQ 22% GR3D2_FREQ 22%@0 CV0@55.687C CPU@58.593C SOC2@56.75C SOC0@57.656C CV1@55.656C GPU@56.25C tj@59.218C SOC1@59.218C CV2@55.875C
08-21-2026 19:59:51 RAM 4298/15389MB (lfb 1155x4MB) SWAP 0/7694MB (cached 0MB) CPU [0%@806,0%@806,0%@806,66%@806,0%@1497,50%@1497,0%@1497,0%@1497] EMC_FREQ 0% GR3D_FREQ 19% GR3D2_FREQ 19%@0 CV0@55.531C CPU@58.531C SOC2@56.718C SOC0@57.656C CV1@55.562C GPU@56.187C tj@59.218C SOC1@59.218C CV2@55.968C
08-21-2026 19:59:51 RAM 4298/15389MB (lfb 1155x4MB) SWAP 0/7694MB (cached 0MB) CPU [0%@1984,0%@1984,0%@1984,0%@1984,0%@1267,0%@1267,0%@1267,0%@1267] EMC_FREQ 0% GR3D_FREQ 0% GR3D2_FREQ 0%@0 CV0@55.656C CPU@58.343C SOC2@56.75C SOC0@57.625C CV1@55.562C GPU@56.437C tj@59.093C SOC1@59.093C CV2@56.062C
08-21-2026 19:59:51 RAM 4298/15389MB (lfb 1155x4MB) SWAP 0/7694MB (cached 0MB) CPU [0%@1984,0%@1984,0%@1984,0%@1984,0%@1420,50%@1420,0%@1420,0%@1420] EMC_FREQ 0% GR3D_FREQ 0% GR3D2_FREQ 0%@0 CV0@55.593C CPU@58.5C SOC2@56.718C SOC0@57.687C CV1@55.656C GPU@56.156C tj@59.093C SOC1@59.093C CV2@56.031C
08-21-2026 19:59:51 RAM 4298/15389MB (lfb 1155x4MB) SWAP 0/7694MB (cached 0MB) CPU [50%@1984,0%@1984,0%@1984,100%@1984,0%@1420,50%@1420,0%@1420,0%@1420] EMC_FREQ 0% GR3D_FREQ 22% GR3D2_FREQ 22%@0 CV0@55.593C CPU@58.625C SOC2@56.781C SOC0@57.468C CV1@55.593C GPU@56.125C tj@59.031C SOC1@59.093C CV2@56C
08-21-2026 19:59:51 RAM 4298/15389MB (lfb 1155x4MB) SWAP 0/7694MB (cached 0MB) CPU [0%@883,0%@883,0%@883,50%@883,50%@1420,0%@1420,0%@1420,0%@1420] EMC_FREQ 0% GR3D_FREQ 17% GR3D2_FREQ 17%@0 CV0@55.593C CPU@58.593C SOC2@56.781C SOC0@57.593C CV1@55.812C GPU@56.312C tj@59.031C SOC1@59.031C CV2@56C
08-21-2026 19:59:51 RAM 4298/15389MB (lfb 1155x4MB) SWAP 0/7694MB (cached 0MB) CPU [0%@729,0%@729,0%@729,50%@729,0%@1420,0%@1420,0%@1420,0%@1420] EMC_FREQ 0% GR3D_FREQ 17% GR3D2_FREQ 17%@0 CV0@55.593C CPU@58.562C SOC2@56.75C SOC0@57.531C CV1@55.718C GPU@56.093C tj@58.875C SOC1@58.875C CV2@56C
08-21-2026 19:59:51 RAM 4298/15389MB (lfb 1155x4MB) SWAP 0/7694MB (cached 0MB) CPU [0%@806,0%@806,0%@806,0%@806,0%@1420,50%@1420,50%@1420,0%@1420] EMC_FREQ 0% GR3D_FREQ 5% GR3D2_FREQ 5%@0 CV0@55.687C CPU@58.437C SOC2@56.812C SOC0@57.625C CV1@55.718C GPU@56.125C tj@59C SOC1@59C CV2@55.906C
08-21-2026 19:59:51 RAM 4298/15389MB (lfb 1155x4MB) SWAP 0/7694MB (cached 0MB) CPU [0%@883,0%@883,0%@883,50%@883,0%@1497,0%@1497,0%@1497,0%@1497] EMC_FREQ 0% GR3D_FREQ 27% GR3D2_FREQ 27%@0 CV0@55.718C CPU@58.468C SOC2@56.75C SOC0@57.437C CV1@55.718C GPU@56.218C tj@58.906C SOC1@58.906C CV2@55.75C
08-21-2026 19:59:51 RAM 4298/15389MB (lfb 1155x4MB) SWAP 0/7694MB (cached 0MB) CPU [0%@1984,50%@1984,0%@1984,0%@1984,0%@1344,100%@1344,0%@1344,0%@1420] EMC_FREQ 0% GR3D_FREQ 0% GR3D2_FREQ 0%@0 CV0@55.718C CPU@58.531C SOC2@56.843C SOC0@57.5C CV1@55.718C GPU@56.093C tj@59.187C SOC1@58.937C CV2@55.812C
08-21-2026 19:59:51 RAM 4298/15389MB (lfb 1155x4MB) SWAP 0/7694MB (cached 0MB) CPU [0%@1984,0%@1984,0%@1984,0%@1984,0%@1497,0%@1497,0%@1497,0%@1497] EMC_FREQ 0% GR3D_FREQ 0% GR3D2_FREQ 22%@0 CV0@55.718C CPU@58.437C SOC2@56.687C SOC0@57.687C CV1@55.625C GPU@56.312C tj@59.156C SOC1@59.156C CV2@55.812C
08-21-2026 19:59:51 RAM 4298/15389MB (lfb 1155x4MB) SWAP 0/7694MB (cached 0MB) CPU [0%@1984,0%@1984,0%@1984,0%@1984,0%@1344,50%@1344,50%@1344,0%@1344] EMC_FREQ 0% GR3D_FREQ 22% GR3D2_FREQ 22%@0 CV0@55.625C CPU@58.468C SOC2@56.781C SOC0@57.656C CV1@55.656C GPU@56.125C tj@59.031C SOC1@59.031C CV2@55.906C
08-21-2026 19:59:51 RAM 4298/15389MB (lfb 1155x4MB) SWAP 0/7694MB (cached 0MB) CPU [0%@960,0%@960,0%@960,0%@960,0%@1497,0%@1497,50%@1497,0%@1497] EMC_FREQ 0% GR3D_FREQ 23% GR3D2_FREQ 23%@0 CV0@55.625C CPU@58.375C SOC2@56.687C SOC0@57.625C CV1@55.625C GPU@56.281C tj@59.156C SOC1@59.156C CV2@55.937C
08-21-2026 19:59:51 RAM 4298/15389MB (lfb 1155x4MB) SWAP 0/7694MB (cached 0MB) CPU [50%@960,0%@960,0%@960,50%@960,0%@1344,0%@1344,0%@1344,0%@1344] EMC_FREQ 0% GR3D_FREQ 0% GR3D2_FREQ 0%@0 CV0@55.656C CPU@58.625C SOC2@56.75C SOC0@57.562C CV1@55.531C GPU@56.093C tj@58.937C SOC1@58.937C CV2@56C
08-21-2026 19:59:51 RAM 4298/15389MB (lfb 1155x4MB) SWAP 0/7694MB (cached 0MB) CPU [0%@1984,0%@1984,0%@1984,0%@1984,50%@1420,0%@1420,50%@1420,50%@1420] EMC_FREQ 0% GR3D_FREQ 0% GR3D2_FREQ 0%@0 CV0@55.531C CPU@58.562C SOC2@56.75C SOC0@57.531C CV1@55.625C GPU@56.5C tj@58.937C SOC1@58.937C CV2@56C
08-21-2026 19:59:51 RAM 4298/15389MB (lfb 1155x4MB) SWAP 0/7694MB (cached 0MB) CPU [0%@883,0%@883,0%@883,50%@883,0%@1420,0%@1420,50%@1420,0%@1420] EMC_FREQ 0% GR3D_FREQ 22% GR3D2_FREQ 22%@0 CV0@55.531C CPU@58.531C SOC2@56.75C SOC0@57.562C CV1@55.625C GPU@56.125C tj@59.031C SOC1@59.031C CV2@55.843C
08-21-2026 19:59:51 RAM 4298/15389MB (lfb 1155x4MB) SWAP 0/7694MB (cached 0MB) CPU [0%@806,0%@806,0%@806,0%@806,0%@1497,33%@1497,100%@1497,0%@1497] EMC_FREQ 0% GR3D_FREQ 12% GR3D2_FREQ 12%@0 CV0@55.625C CPU@58.468C SOC2@56.687C SOC0@57.468C CV1@55.656C GPU@56.312C tj@58.968C SOC1@58.968C CV2@55.843C
08-21-2026 19:59:51 RAM 4298/15389MB (lfb 1155x4MB) SWAP 0/7694MB (cached 0MB) CPU [50%@883,0%@883,0%@883,100%@883,0%@1344,0%@1344,0%@1344,0%@1344] EMC_FREQ 0% GR3D_FREQ 11% GR3D2_FREQ 11%@0 CV0@55.656C CPU@58.593C SOC2@56.781C SOC0@57.437C CV1@55.656C GPU@56.25C tj@58.906C SOC1@58.906C CV2@55.968C
08-21-2026 19:59:51 RAM 4298/15389MB (lfb 1155x4MB) SWAP 0/7694MB (cached 0MB) CPU [0%@1984,0%@1984,0%@1984,0%@1984,0%@1420,0%@1420,50%@1420,0%@1420] EMC_FREQ 0% GR3D_FREQ 11% GR3D2_FREQ 11%@0 CV0@55.656C CPU@58.531C SOC2@56.625C SOC0@57.75C CV1@55.562C GPU@56.093C tj@58.875C SOC1@58.875C CV2@55.812C
08-21-2026 19:59:51 RAM 4298/15389MB (lfb 1155x4MB) SWAP 0/7694MB (cached 0MB) CPU [50%@883,0%@883,0%@883,0%@883,0%@1267,0%@1267,0%@1267,0%@1267] EMC_FREQ 0% GR3D_FREQ 22% GR3D2_FREQ 22%@0 CV0@55.656C CPU@58.437C SOC2@56.718C SOC0@57.718C CV1@55.625C GPU@56.187C tj@59.125C SOC1@59.125C CV2@55.781C
08-21-2026 19:59:51 RAM 4298/15389MB (lfb 1155x4MB) SWAP 0/7694MB (cached 0MB) CPU [0%@883,0%@883,50%@883,0%@883,0%@1344,0%@1344,0%@1344,100%@1344] EMC_FREQ 0% GR3D_FREQ 0% GR3D2_FREQ 0%@0 CV0@55.687C CPU@58.593C SOC2@56.687C SOC0@57.625C CV1@55.531C GPU@56.125C tj@59.156C SOC1@59.156C CV2@55.906C
08-21-2026 19:59:51 RAM 4298/15389MB (lfb 1155x4MB) SWAP 0/7694MB (cached 0MB) CPU [0%@1984,50%@1984,0%@1984,0%@1984,0%@1267,50%@1267,50%@1267,0%@1267] EMC_FREQ 0% GR3D_FREQ 23% GR3D2_FREQ 23%@0 CV0@55.625C CPU@58.5C SOC2@56.812C SOC0@57.593C CV1@55.625C GPU@56.375C tj@59.062C SOC1@59.062C CV2@55.906C
08-21-2026 19:59:51 RAM 4298/15389MB (lfb 1155x4MB) SWAP 0/7694MB (cached 0MB) CPU [0%@1984,0%@1984,33%@1984,0%@1984,0%@1420,0%@1420,0%@1420,100%@1420] EMC_FREQ 0% GR3D_FREQ 23% GR3D2_FREQ 23%@0 CV0@55.656C CPU@58.718C SOC2@56.718C SOC0@57.562C CV1@55.531C GPU@56.156C tj@59C SOC1@59C CV2@56C
08-21-2026 19:59:51 RAM 4298/15389MB (lfb 1155x4MB) SWAP 0/7694MB (cached 0MB) CPU [0%@1984,0%@1984,0%@1984,0%@1984,0%@1420,0%@1420,0%@1420,0%@1420] EMC_FREQ 0% GR3D_FREQ 22% GR3D2_FREQ 22%@0 CV0@55.656C CPU@58.75C SOC2@56.718C SOC0@57.593C CV1@55.593C GPU@56.312C tj@59.062C SOC1@59.062C CV2@55.937C
08-21-2026 19:59:51 RAM 4298/15389MB (lfb 1155x4MB) SWAP 0/7694MB (cached 0MB) CPU [0%@1984,0%@1984,0%@1984,0%@1984,0%@1344,0%@1344,0%@1344,50%@1344] EMC_FREQ 0% GR3D_FREQ 0% GR3D2_FREQ 0%@0 CV0@55.656C CPU@58.625C SOC2@56.75C SOC0@57.562C CV1@55.687C GPU@56.187C tj@58.968C SOC1@58.968C CV2@55.812C
08-21-2026 19:59:51 RAM 4298/15389MB (lfb 1155x4MB) SWAP 0/7694MB (cached 0MB) CPU [0%@883,0%@883,50%@883,0%@883,0%@1344,0%@1344,0%@1344,0%@1344] EMC_FREQ 0% GR3D_FREQ 23% GR3D2_FREQ 23%@0 CV0@55.593C CPU@58.687C SOC2@56.781C SOC0@57.562C CV1@55.718C GPU@56.125C tj@58.968C SOC1@58.968C CV2@56.031C
08-21-2026 19:59:51 RAM 4298/15389MB (lfb 1155x4MB) SWAP 0/7694MB (cached 0MB) CPU [0%@1984,0%@1984,0%@1984,0%@1984,50%@1420,0%@1420,0%@1420,50%@1420] EMC_FREQ 0% GR3D_FREQ 23% GR3D2_FREQ 23%@0 CV0@55.687C CPU@58.531C SOC2@56.687C SOC0@57.5C CV1@55.718C GPU@56.156C tj@59.062C SOC1@59.062C CV2@56C
08-21-2026 19:59:51 RAM 4299/15389MB (lfb 1155x4MB) SWAP 0/7694MB (cached 0MB) CPU [0%@1984,100%@1984,0%@1984,50%@1984,100%@1984,0%@1984,50%@1984,0%@1984] EMC_FREQ 0% GR3D_FREQ 19% GR3D2_FREQ 19%@0 CV0@55.625C CPU@58.593C SOC2@56.687C SOC0@57.531C CV1@55.562C GPU@56.125C tj@58.937C SOC1@58.937C CV2@55.718C
08-21-2026 19:59:51 RAM 4299/15389MB (lfb 1155x4MB) SWAP 0/7694MB (cached 0MB) CPU [0%@1984,33%@1984,0%@1984,0%@1984,0%@1958,50%@1958,0%@1958,0%@1958] EMC_FREQ 0% GR3D_FREQ 0% GR3D2_FREQ 0%@0 CV0@55.625C CPU@58.562C SOC2@56.625C SOC0@57.656C CV1@55.625C GPU@56.312C tj@59.031C SOC1@59.031C CV2@55.968C
08-21-2026 19:59:51 RAM 4299/15389MB (lfb 1155x4MB) SWAP 0/7694MB (cached 0MB) CPU [0%@883,0%@883,0%@883,0%@883,0%@1574,0%@1574,0%@1574,0%@1574] EMC_FREQ 0% GR3D_FREQ 0% GR3D2_FREQ 0%@0 CV0@55.687C CPU@58.468C SOC2@56.843C SOC0@57.625C CV1@55.531C GPU@56.187C tj@59.156C SOC1@59.156C CV2@55.875C
08-21-2026 19:59:51 RAM 4299/15389MB (lfb 1155x4MB) SWAP 0/7694MB (cached 0MB) CPU [0%@883,0%@883,0%@883,100%@883,0%@1497,0%@1497,0%@1497,50%@1497] EMC_FREQ 0% GR3D_FREQ 22% GR3D2_FREQ 22%@0 CV0@55.625C CPU@58.5C SOC2@56.656C SOC0@57.687C CV1@55.593C GPU@56.281C tj@59.031C SOC1@59.031C CV2@56.031C
08-21-2026 19:59:51 RAM 4299/15389MB (lfb 1155x4MB) SWAP 0/7694MB (cached 0MB) CPU [0%@1984,0%@1984,0%@1984,0%@1984,0%@1804,0%@1804,0%@1804,50%@1804] EMC_FREQ 0% GR3D_FREQ 7% GR3D2_FREQ 7%@0 CV0@55.687C CPU@58.437C SOC2@56.937C SOC0@57.593C CV1@55.562C GPU@56.312C tj@59C SOC1@59C CV2@56C
08-21-2026 19:59:51 RAM 4299/15389MB (lfb 1155x4MB) SWAP 0/7694MB (cached 0MB) CPU [0%@1984,0%@1984,0%@1984,0%@1984,0%@1344,0%@1344,0%@1344,0%@1344] EMC_FREQ 0% GR3D_FREQ 16% GR3D2_FREQ 16%@0 CV0@55.593C CPU@58.343C SOC2@57C SOC0@57.656C CV1@55.687C GPU@56.437C tj@59C SOC1@59C CV2@56C
08-21-2026 19:59:51 RAM 4299/15389MB (lfb 1155x4MB) SWAP 0/7694MB (cached 0MB) CPU [50%@1984,0%@1984,0%@1984,0%@1984,0%@1497,50%@1497,66%@1497,0%@1497] EMC_FREQ 0% GR3D_FREQ 16% GR3D2_FREQ 16%@0 CV0@55.593C CPU@58.75C SOC2@56.781C SOC0@57.562C CV1@55.843C GPU@56.156C tj@58.968C SOC1@58.968C CV2@55.968C
08-21-2026 19:59:51 RAM 4299/15389MB (lfb 1155x4MB) SWAP 0/7694MB (cached 0MB) CPU [0%@729,0%@729,0%@729,50%@729,0%@1420,0%@1420,0%@1420,0%@1420] EMC_FREQ 0% GR3D_FREQ 23% GR3D2_FREQ 23%@0 CV0@55.781C CPU@58.75C SOC2@56.718C SOC0@57.562C CV1@55.687C GPU@56.156C tj@58.937C SOC1@58.937C CV2@55.968C
08-21-2026 19:59:51 RAM 4299/15389MB (lfb 1155x4MB) SWAP 0/7694MB (cached 0MB) CPU [0%@729,0%@729,0%@729,50%@729,0%@1497,0%@1497,0%@1497,0%@1497] EMC_FREQ 0% GR3D_FREQ 0% GR3D2_FREQ 0%@0 CV0@55.562C CPU@58.531C SOC2@56.875C SOC0@57.562C CV1@55.687C GPU@56.343C tj@58.875C SOC1@58.875C CV2@56C
08-21-2026 19:59:51 RAM 4299/15389MB (lfb 1155x4MB) SWAP 0/7694MB (cached 0MB) CPU [0%@1984,0%@1984,0%@1984,0%@1984,0%@1344,0%@1344,0%@1344,0%@1344] EMC_FREQ 0% GR3D_FREQ 22% GR3D2_FREQ 22%@0 CV0@55.625C CPU@58.562C SOC2@56.781C SOC0@57.531C CV1@55.625C GPU@56.093C tj@58.937C SOC1@58.937C CV2@55.781C
08-21-2026 19:59:51 RAM 4299/15389MB (lfb 1155x4MB) SWAP 0/7694MB (cached 0MB) CPU [50%@1984,0%@1984,33%@1984,100%@1984,0%@1420,50%@1420,50%@1420,0%@1420] EMC_FREQ 0% GR3D_FREQ 22% GR3D2_FREQ 22%@0 CV0@55.718C CPU@58.5C SOC2@56.718C SOC0@57.468C CV1@55.656C GPU@56.5C tj@59.156C SOC1@59.156C CV2@55.937C
08-21-2026 19:59:51 RAM 4299/15389MB (lfb 1155x4MB) SWAP 0/7694MB (cached 0MB) CPU [0%@1984,0%@1984,0%@1984,0%@1984,50%@1344,0%@1344,0%@1344,0%@1344] EMC_FREQ 0% GR3D_FREQ 19% GR3D2_FREQ 19%@0 CV0@55.656C CPU@58.625C SOC2@56.843C SOC0@57.625C CV1@55.562C GPU@56.156C tj@59.093C SOC1@59.093C CV2@55.812C
08-21-2026 19:59:51 RAM 4299/15389MB (lfb 1155x4MB) SWAP 0/7694MB (cached 0MB) CPU [0%@806,0%@806,0%@806,50%@806,0%@1420,0%@1420,50%@1420,0%@1420] EMC_FREQ 0% GR3D_FREQ 3% GR3D2_FREQ 3%@0 CV0@55.593C CPU@58.406C SOC2@56.781C SOC0@57.656C CV1@55.593C GPU@56.375C tj@59.156C SOC1@59.156C CV2@55.812C
08-21-2026 19:59:51 RAM 4299/15389MB (lfb 1155x4MB) SWAP 0/7694MB (cached 0MB) CPU [0%@729,0%@729,0%@729,0%@729,0%@1497,0%@1497,0%@1497,33%@1497] EMC_FREQ 0% GR3D_FREQ 23% GR3D2_FREQ 23%@0 CV0@55.625C CPU@58.375C SOC2@56.781C SOC0@57.687C CV1@55.625C GPU@56.125C tj@59C SOC1@59C CV2@55.875C
08-21-2026 19:59:51 RAM 4299/15389MB (lfb 1155x4MB) SWAP 0/7694MB (cached 0MB) CPU [0%@806,0%@806,0%@806,50%@806,0%@1267,0%@1267,50%@1267,0%@1267] EMC_FREQ 0% GR3D_FREQ 23% GR3D2_FREQ 23%@0 CV0@55.625C CPU@58.343C SOC2@56.812C SOC0@57.562C CV1@55.593C GPU@56.062C tj@59.093C SOC1@59.093C CV2@55.968C
08-21-2026 19:59:51 RAM 4299/15389MB (lfb 1155x4MB) SWAP 0/7694MB (cached 0MB) CPU [0%@1984,0%@1984,0%@1984,0%@1984,0%@1420,0%@1420,50%@1420,0%@1420] EMC_FREQ 0% GR3D_FREQ 1% GR3D2_FREQ 1%@0 CV0@55.562C CPU@58.406C SOC2@56.843C SOC0@57.593C CV1@55.625C GPU@56.281C tj@59C SOC1@59C CV2@55.937C
08-21-2026 19:59:51 RAM 4299/15389MB (lfb 1155x4MB) SWAP 0/7694MB (cached 0MB) CPU [0%@1984,0%@1984,0%@1984,50%@1984,0%@1267,0%@1267,0%@1267,0%@1267] EMC_FREQ 0% GR3D_FREQ 21% GR3D2_FREQ 21%@0 CV0@55.593C CPU@58.812C SOC2@56.75C SOC0@57.468C CV1@55.718C GPU@56.093C tj@59.062C SOC1@59.062C CV2@55.906C
08-21-2026 19:59:51 RAM 4299/15389MB (lfb 1155x4MB) SWAP 0/7694MB (cached 0MB) CPU [0%@806,0%@806,0%@806,0%@806,0%@1420,0%@1420,100%@1420,0%@1420] EMC_FREQ 0% GR3D_FREQ 21% GR3D2_FREQ 20%@0 CV0@55.562C CPU@58.781C SOC2@56.75C SOC0@57.593C CV1@55.656C GPU@56.156C tj@59.062C SOC1@59.062C CV2@55.843C
08-21-2026 19:59:51 RAM 4299/15389MB (lfb 1155x4MB) SWAP 0/7694MB (cached 0MB) CPU [0%@729,0%@729,0%@729,0%@729,0%@1267,0%@1267,0%@1267,0%@1267] EMC_FREQ 0% GR3D_FREQ 20% GR3D2_FREQ 20%@0 CV0@55.75C CPU@58.593C SOC2@56.906C SOC0@57.562C CV1@55.593C GPU@56.156C tj@58.968C SOC1@58.968C CV2@55.937C
08-21-2026 19:59:51 RAM 4299/15389MB (lfb 1155x4MB) SWAP 0/7694MB (cached 0MB) CPU [50%@1984,50%@1984,0%@1984,0%@1984,0%@1420,0%@1420,100%@1420,0%@1420] EMC_FREQ 0% GR3D_FREQ 0% GR3D2_FREQ 0%@0 CV0@55.75C CPU@58.562C SOC2@56.687C SOC0@57.562C CV1@55.656C GPU@56.312C tj@59C SOC1@58.906C CV2@55.937C
08-21-2026 19:59:51 RAM 4299/15389MB (lfb 1155x4MB) SWAP 0/7694MB (cached 0MB) CPU [0%@1984,0%@1984,0%@1984,0%@1984,0%@1267,0%@1267,0%@1267,0%@1267] EMC_FREQ 0% GR3D_FREQ 22% GR3D2_FREQ 22%@0 CV0@55.687C CPU@58.531C SOC2@56.812C SOC0@57.5C CV1@55.687C GPU@56.25C tj@59C SOC1@59C CV2@55.781C
08-21-2026 19:59:51 RAM 4299/15389MB (lfb 1155x4MB) SWAP 0/7694MB (cached 0MB) CPU [0%@1984,0%@1984,0%@1984,50%@1984,0%@1344,0%@1344,66%@1344,0%@1344] EMC_FREQ 0% GR3D_FREQ 1% GR3D2_FREQ 1%@0 CV0@55.718C CPU@58.375C SOC2@56.843C SOC0@57.656C CV1@55.593C GPU@56.093C tj@59.156C SOC1@59.156C CV2@55.75C
08-21-2026 19:59:51 RAM 4299/15389MB (lfb 1155x4MB) SWAP 0/7694MB (cached 0MB) CPU [0%@1984,0%@1984,0%@1984,0%@1984,0%@1267,0%@1267,0%@1267,0%@1267] EMC_FREQ 0% GR3D_FREQ 1% GR3D2_FREQ 1%@0 CV0@55.656C CPU@58.312C SOC2@56.843C SOC0@57.625C CV1@55.625C GPU@56.156C tj@59C SOC1@59C CV2@55.843C
08-21-2026 19:59:51 RAM 4299/15389MB (lfb 1155x4MB) SWAP 0/7694MB (cached 0MB) CPU [0%@729,33%@729,0%@729,0%@729,50%@1344,0%@1344,100%@1344,0%@1344] EMC_FREQ 0% GR3D_FREQ 21% GR3D2_FREQ 21%@0 CV0@55.687C CPU@58.406C SOC2@56.718C SOC0@57.562C CV1@55.562C GPU@56.156C tj@59.031C SOC1@59.031C CV2@55.875C
08-21-2026 19:59:51 RAM 4299/15389MB (lfb 1155x4MB) SWAP 0/7694MB (cached 0MB) CPU [0%@729,0%@729,0%@1984,0%@1984,50%@1344,0%@1344,50%@1344,0%@1344] EMC_FREQ 0% GR3D_FREQ 22% GR3D2_FREQ 22%@0 CV0@55.593C CPU@58.343C SOC2@56.625C SOC0@57.656C CV1@55.562C GPU@56.343C tj@59C SOC1@59C CV2@55.968C
08-21-2026 19:59:51 RAM 4299/15389MB (lfb 1155x4MB) SWAP 0/7694MB (cached 0MB) CPU [0%@1984,0%@1984,0%@1984,100%@1984,0%@1267,0%@1267,50%@1267,0%@1267] EMC_FREQ 0% GR3D_FREQ 22% GR3D2_FREQ 22%@0 CV0@55.593C CPU@58.437C SOC2@56.812C SOC0@57.531C CV1@55.812C GPU@56.125C tj@59.062C SOC1@59.062C CV2@55.937C
08-21-2026 19:59:51 RAM 4299/15389MB (lfb 1155x4MB) SWAP 0/7694MB (cached 0MB) CPU [0%@1984,0%@1984,0%@1984,0%@1984,50%@1420,0%@1420,0%@1420,0%@1420] EMC_FREQ 0% GR3D_FREQ 0% GR3D2_FREQ 0%@0 CV0@55.625C CPU@58.781C SOC2@56.843C SOC0@57.656C CV1@55.656C GPU@56.312C tj@58.906C SOC1@58.906C CV2@55.906C
08-21-2026 19:59:51 RAM 4299/15389MB (lfb 1155x4MB) SWAP 0/7694MB (cached 0MB) CPU [0%@1984,0%@1984,0%@1984,50%@1984,0%@1344,0%@1344,0%@1344,0%@1344] EMC_FREQ 0% GR3D_FREQ 22% GR3D2_FREQ 22%@0 CV0@55.781C CPU@58.718C SOC2@56.75C SOC0@57.5C CV1@55.718C GPU@56.031C tj@58.906C SOC1@58.906C CV2@55.875C
08-21-2026 19:59:51 RAM 4299/15389MB (lfb 1155x4MB) SWAP 0/7694MB (cached 0MB) CPU [0%@883,50%@883,0%@883,0%@883,0%@1420,0%@1420,100%@1420,0%@1420] EMC_FREQ 0% GR3D_FREQ 21% GR3D2_FREQ 21%@0 CV0@55.687C CPU@58.437C SOC2@56.718C SOC0@57.562C CV1@55.656C GPU@56.5C tj@58.937C SOC1@58.937C CV2@55.812C
08-21-2026 19:59:51 RAM 4299/15389MB (lfb 1155x4MB) SWAP 0/7694MB (cached 0MB) CPU [100%@1984,0%@1984,0%@1984,50%@1984,0%@1267,0%@1267,0%@1267,0%@1267] EMC_FREQ 0% GR3D_FREQ 21% GR3D2_FREQ 21%@0 CV0@55.531C CPU@58.437C SOC2@56.781C SOC0@57.687C CV1@55.593C GPU@56.156C tj@59.218C SOC1@59.218C CV2@56C
08-21-2026 19:59:51 RAM 4299/15389MB (lfb 1155x4MB) SWAP 0/7694MB (cached 0MB) CPU [0%@1984,0%@1984,0%@1984,0%@1984,0%@1420,0%@1420,100%@1420,0%@1420] EMC_FREQ 0% GR3D_FREQ 1% GR3D2_FREQ 1%@0 CV0@55.656C CPU@58.531C SOC2@56.718C SOC0@57.593C CV1@55.625C GPU@56.468C tj@59.156C SOC1@59.156C CV2@55.812C
08-21-2026 19:59:51 RAM 4300/15389MB (lfb 1155x4MB) SWAP 0/7694MB (cached 0MB) CPU [33%@729,0%@729,50%@729,0%@729,50%@1420,0%@1420,0%@1420,0%@1420] EMC_FREQ 0% GR3D_FREQ 23% GR3D2_FREQ 23%@0 CV0@55.687C CPU@58.468C SOC2@56.781C SOC0@57.625C CV1@55.656C GPU@56.125C tj@59.031C SOC1@59.031C CV2@56.125C
08-21-2026 19:59:51 RAM 4300/15389MB (lfb 1155x4MB) SWAP 0/7694MB (cached 0MB) CPU [0%@883,0%@883,0%@883,0%@883,0%@1420,0%@1420,0%@1420,0%@1420] EMC_FREQ 0% GR3D_FREQ 9% GR3D2_FREQ 9%@0 CV0@55.531C CPU@58.281C SOC2@56.75C SOC0@57.562C CV1@55.531C GPU@56.093C tj@59.093C SOC1@59.093C CV2@55.937C
08-21-2026 19:59:51 RAM 4300/15389MB (lfb 1155x4MB) SWAP 0/7694MB (cached 0MB) CPU [0%@1984,0%@1984,0%@1984,100%@1984,0%@1344,0%@1344,0%@1344,0%@1344] EMC_FREQ 0% GR3D_FREQ 9% GR3D2_FREQ 9%@0 CV0@55.593C CPU@58.406C SOC2@56.75C SOC0@57.656C CV1@55.593C GPU@56.25C tj@58.937C SOC1@59.062C CV2@56C
08-21-2026 19:59:51 RAM 4300/15389MB (lfb 1155x4MB) SWAP 0/7694MB (cached 0MB) CPU [50%@1984,0%@1984,0%@1984,50%@1984,100%@1344,0%@1344,0%@1344,0%@1344] EMC_FREQ 0% GR3D_FREQ 13% GR3D2_FREQ 13%@0 CV0@55.593C CPU@58.468C SOC2@56.812C SOC0@57.5C CV1@55.781C GPU@56.093C tj@59.031C SOC1@59.031C CV2@55.906C
08-21-2026 19:59:51 RAM 4300/15389MB (lfb 1155x4MB) SWAP 0/7694MB (cached 0MB) CPU [0%@806,0%@806,0%@806,0%@806,0%@1420,0%@1420,0%@1420,0%@1420] EMC_FREQ 0% GR3D_FREQ 22% GR3D2_FREQ 22%@0 CV0@55.781C CPU@58.531C SOC2@56.718C SOC0@57.531C CV1@55.656C GPU@56.187C tj@58.968C SOC1@58.968C CV2@56C
08-21-2026 19:59:51 RAM 4300/15389MB (lfb 1155x4MB) SWAP 0/7694MB (cached 0MB) CPU [0%@883,0%@883,0%@883,0%@883,50%@1497,0%@1497,0%@1497,50%@1497] EMC_FREQ 0% GR3D_FREQ 22% GR3D2_FREQ 22%@0 CV0@55.656C CPU@58.468C SOC2@56.687C SOC0@57.656C CV1@55.687C GPU@56.187C tj@58.906C SOC1@58.906C CV2@55.937C
08-21-2026 19:59:51 RAM 4300/15389MB (lfb 1155x4MB) SWAP 0/7694MB (cached 0MB) CPU [0%@883,0%@883,0%@883,50%@1984,0%@1420,0%@1420,0%@1420,0%@1420] EMC_FREQ 0% GR3D_FREQ 0% GR3D2_FREQ 0%@0 CV0@55.656C CPU@58.406C SOC2@56.75C SOC0@57.75C CV1@55.625C GPU@56.312C tj@58.937C SOC1@58.937C CV2@55.843C
08-21-2026 19:59:51 RAM 4300/15389MB (lfb 1155x4MB) SWAP 0/7694MB (cached 0MB) CPU [0%@1113,0%@1113,0%@1113,0%@1113,0%@1420,0%@1420,50%@1420,0%@1420] EMC_FREQ 0% GR3D_FREQ 23% GR3D2_FREQ 23%@0 CV0@55.718C CPU@58.343C SOC2@56.687C SOC0@57.718C CV1@55.656C GPU@56.187C tj@59.031C SOC1@59.031C CV2@55.937C
08-21-2026 19:59:51 RAM 4300/15389MB (lfb 1155x4MB) SWAP 0/7694MB (cached 0MB) CPU [50%@1036,50%@1036,0%@1036,0%@1036,0%@1497,0%@1497,0%@1497,0%@1497] EMC_FREQ 0% GR3D_FREQ 23% GR3D2_FREQ 23%@0 CV0@55.625C CPU@58.468C SOC2@56.593C SOC0@57.625C CV1@55.562C GPU@56.218C tj@59.156C SOC1@59.156C CV2@55.968C
08-21-2026 19:59:51 RAM 4300/15389MB (lfb 1155x4MB) SWAP 0/7694MB (cached 0MB) CPU [50%@960,0%@960,0%@960,0%@960,0%@1267,0%@1267,0%@1267,0%@1267] EMC_FREQ 0% GR3D_FREQ 23% GR3D2_FREQ 23%@0 CV0@55.593C CPU@58.406C SOC2@56.75C SOC0@57.687C CV1@55.562C GPU@56.187C tj@59.093C SOC1@59.093C CV2@56C
08-21-2026 19:59:51 RAM 4300/15389MB (lfb 1155x4MB) SWAP 0/7694MB (cached 0MB) CPU [0%@883,0%@883,0%@883,0%@883,0%@1497,0%@1497,0%@1497,0%@1497] EMC_FREQ 0% GR3D_FREQ 0% GR3D2_FREQ 0%@0 CV0@55.656C CPU@58.375C SOC2@56.968C SOC0@57.5C CV1@55.687C GPU@56.437C tj@59C SOC1@59C CV2@55.968C
08-21-2026 19:59:51 RAM 4300/15389MB (lfb 1155x4MB) SWAP 0/7694MB (cached 0MB) CPU [0%@1984,0%@1984,0%@1984,50%@1984,0%@1420,50%@1420,50%@1420,0%@1420] EMC_FREQ 0% GR3D_FREQ 23% GR3D2_FREQ 23%@0 CV0@55.562C CPU@58.5C SOC2@56.687C SOC0@57.625C CV1@55.781C GPU@56.156C tj@59C SOC1@59C CV2@55.906C
08-21-2026 19:59:51 RAM 4300/15389MB (lfb 1155x4MB) SWAP 0/7694MB (cached 0MB) CPU [0%@1984,0%@1984,33%@1984,0%@1984,0%@1420,0%@1420,0%@1420,0%@1420] EMC_FREQ 0% GR3D_FREQ 19% GR3D2_FREQ 19%@0 CV0@55.625C CPU@58.468C SOC2@56.781C SOC0@57.5C CV1@55.687C GPU@56.281C tj@58.875C SOC1@58.875C CV2@55.906C
08-21-2026 19:59:51 RAM 4300/15389MB (lfb 1155x4MB) SWAP 0/7694MB (cached 0MB) CPU [0%@1984,0%@1984,0%@1984,0%@1984,0%@1267,0%@1267,0%@1267,0%@1267] EMC_FREQ 0% GR3D_FREQ 19% GR3D2_FREQ 19%@0 CV0@55.687C CPU@58.468C SOC2@56.687C SOC0@57.5C CV1@55.718C GPU@56.218C tj@58.968C SOC1@58.968C CV2@55.937C
08-21-2026 19:59:51 RAM 4300/15389MB (lfb 1155x4MB) SWAP 0/7694MB (cached 0MB) CPU [0%@883,0%@883,50%@883,50%@883,0%@1344,0%@1344,100%@1344,0%@1344] EMC_FREQ 0% GR3D_FREQ 3% GR3D2_FREQ 3%@0 CV0@55.718C CPU@58.468C SOC2@56.75C SOC0@57.562C CV1@55.593C GPU@56.031C tj@59.125C SOC1@59.031C CV2@55.968C
08-21-2026 19:59:51 RAM 4300/15389MB (lfb 1155x4MB) SWAP 0/7694MB (cached 0MB) CPU [50%@1984,0%@1984,0%@1984,0%@1984,0%@1344,0%@1344,0%@1344,0%@1344] EMC_FREQ 0% GR3D_FREQ 22% GR3D2_FREQ 22%@0 CV0@55.687C CPU@58.593C SOC2@56.812C SOC0@57.625C CV1@55.656C GPU@56.218C tj@59.093C SOC1@59.093C CV2@55.937C
08-21-2026 19:59:51 RAM 4300/15389MB (lfb 1155x4MB) SWAP 0/7694MB (cached 0MB) CPU [0%@883,0%@883,0%@883,50%@883,0%@1344,0%@1344,50%@1344,0%@1344] EMC_FREQ 0% GR3D_FREQ 22% GR3D2_FREQ 22%@0 CV0@55.625C CPU@58.406C SOC2@56.656C SOC0@57.687C CV1@55.562C GPU@56.468C tj@59.156C SOC1@59.156C CV2@55.906C
08-21-2026 19:59:52 RAM 4300/15389MB (lfb 1155x4MB) SWAP 0/7694MB (cached 0MB) CPU [0%@806,0%@806,0%@806,0%@806,50%@1984,0%@1984,0%@1984,0%@1984] EMC_FREQ 0% GR3D_FREQ 0% GR3D2_FREQ 0%@0 CV0@55.531C CPU@58.406C SOC2@56.718C SOC0@57.531C CV1@55.562C GPU@56.437C tj@59.156C SOC1@59.156C CV2@55.906C
08-21-2026 19:59:52 RAM 4300/15389MB (lfb 1155x4MB) SWAP 0/7694MB (cached 0MB) CPU [0%@806,50%@806,0%@806,0%@806,0%@1651,0%@1651,50%@1651,0%@1651] EMC_FREQ 0% GR3D_FREQ 22% GR3D2_FREQ 22%@0 CV0@55.687C CPU@58.437C SOC2@56.656C SOC0@57.562C CV1@55.656C GPU@56.125C tj@59C SOC1@59C CV2@56.093C
08-21-2026 19:59:52 RAM 4300/15389MB (lfb 1155x4MB) SWAP 0/7694MB (cached 0MB) CPU [0%@1984,0%@1984,0%@1984,100%@1984,0%@1497,0%@1497,0%@1497,0%@1497] EMC_FREQ 0% GR3D_FREQ 20% GR3D2_FREQ 20%@0 CV0@55.656C CPU@58.625C SOC2@56.75C SOC0@57.5C CV1@55.562C GPU@56.281C tj@59.093C SOC1@59.093C CV2@56C
08-21-2026 19:59:52 RAM 4300/15389MB (lfb 1155x4MB) SWAP 0/7694MB (cached 0MB) CPU [0%@1984,0%@1984,0%@1984,0%@1984,0%@1420,0%@1420,50%@1420,0%@1420] EMC_FREQ 0% GR3D_FREQ 20% GR3D2_FREQ 20%@0 CV0@55.656C CPU@58.531C SOC2@56.812C SOC0@57.562C CV1@55.781C GPU@56.281C tj@59.031C SOC1@59.031C CV2@55.937C
08-21-2026 19:59:52 RAM 4300/15389MB (lfb 1155x4MB) SWAP 0/7694MB (cached 0MB) CPU [0%@960,0%@960,0%@960,66%@960,50%@1497,0%@1497,0%@1497,0%@1497] EMC_FREQ 0% GR3D_FREQ 0% GR3D2_FREQ 0%@0 CV0@55.562C CPU@58.5C SOC2@56.812C SOC0@57.437C CV1@55.718C GPU@56.125C tj@58.906C SOC1@58.937C CV2@56C
08-21-2026 19:59:52 RAM 4300/15389MB (lfb 1155x4MB) SWAP 0/7694MB (cached 0MB) CPU [0%@1984,0%@1984,0%@1984,0%@1984,0%@1267,0%@1267,50%@1267,0%@1267] EMC_FREQ 0% GR3D_FREQ 23% GR3D2_FREQ 23%@0 CV0@55.687C CPU@58.5C SOC2@56.781C SOC0@57.625C CV1@55.687C GPU@56.218C tj@59C SOC1@59C CV2@55.843C
08-21-2026 19:59:52 RAM 4300/15389MB (lfb 1155x4MB) SWAP 0/7694MB (cached 0MB) CPU [0%@806,0%@806,66%@806,0%@806,0%@1420,0%@1420,0%@1420,0%@1420] EMC_FREQ 0% GR3D_FREQ 19% GR3D2_FREQ 19%@0 CV0@55.656C CPU@58.5C SOC2@56.687C SOC0@57.75C CV1@55.625C GPU@56.468C tj@58.937C SOC1@58.937C CV2@55.781C
08-21-2026 19:59:52 RAM 4300/15389MB (lfb 1155x4MB) SWAP 0/7694MB (cached 0MB) CPU [0%@1984,0%@1984,0%@1984,100%@1984,0%@1267,0%@1267,0%@1267,0%@1267] EMC_FREQ 0% GR3D_FREQ 19% GR3D2_FREQ 19%@0 CV0@55.656C CPU@58.562C SOC2@56.687C SOC0@57.718C CV1@55.562C GPU@56.281C tj@59.031C SOC1@59.031C CV2@55.937C
08-21-2026 19:59:52 RAM 4300/15389MB (lfb 1155x4MB) SWAP 0/7694MB (cached 0MB) CPU [50%@1984,0%@1984,0%@1984,0%@1984,0%@1420,0%@1420,100%@1420,0%@1420] EMC_FREQ 0% GR3D_FREQ 0% GR3D2_FREQ 0%@0 CV0@55.625C CPU@58.406C SOC2@56.718C SOC0@57.593C CV1@55.531C GPU@56.125C tj@59.156C SOC1@59.156C CV2@56.062C
08-21-2026 19:59:52 RAM 4300/15389MB (lfb 1155x4MB) SWAP 0/7694MB (cached 0MB) CPU [50%@1984,0%@1984,0%@1984,0%@1984,0%@1420,0%@1420,0%@1420,0%@1420] EMC_FREQ 0% GR3D_FREQ 23% GR3D2_FREQ 23%@0 CV0@55.531C CPU@58.437C SOC2@56.656C SOC0@57.593C CV1@55.625C GPU@56.281C tj@59C SOC1@59C CV2@56.062C
08-21-2026 19:59:52 RAM 4300/15389MB (lfb 1155x4MB) SWAP 0/7694MB (cached 0MB) CPU [0%@1984,0%@1984,0%@1984,0%@1984,0%@1344,0%@1344,100%@1344,0%@1344] EMC_FREQ 0% GR3D_FREQ 23% GR3D2_FREQ 23%@0 CV0@55.625C CPU@58.718C SOC2@56.843C SOC0@57.656C CV1@55.562C GPU@56.031C tj@59.093C SOC1@59.093C CV2@55.875C
08-21-2026 19:59:52 RAM 4299/15389MB (lfb 1155x4MB) SWAP 0/7694MB (cached 0MB) CPU [0%@729,0%@729,0%@729,0%@729,0%@1420,0%@1420,0%@1420,0%@1420] EMC_FREQ 0% GR3D_FREQ 2% GR3D2_FREQ 2%@0 CV0@55.656C CPU@58.812C SOC2@56.718C SOC0@57.562C CV1@55.75C GPU@56.218C tj@58.968C SOC1@58.968C CV2@56C
08-21-2026 19:59:52 RAM 4299/15389MB (lfb 1155x4MB) SWAP 0/7694MB (cached 0MB) CPU [0%@1984,100%@1984,0%@1984,50%@1984,0%@1344,50%@1344,50%@1344,0%@1344] EMC_FREQ 0% GR3D_FREQ 17% GR3D2_FREQ 17%@0 CV0@55.75C CPU@58.625C SOC2@56.75C SOC0@57.562C CV1@55.75C GPU@56.156C tj@58.875C SOC1@58.875C CV2@55.937C
08-21-2026 19:59:52 RAM 4300/15389MB (lfb 1155x4MB) SWAP 0/7694MB (cached 0MB) CPU [50%@1984,0%@1984,0%@1984,0%@1984,0%@1420,0%@1420,100%@1420,0%@1420] EMC_FREQ 0% GR3D_FREQ 22% GR3D2_FREQ 22%@0 CV0@55.75C CPU@58.656C SOC2@56.75C SOC0@57.531C CV1@55.593C GPU@56.343C tj@58.906C SOC1@58.906C CV2@55.906C
08-21-2026 19:59:52 RAM 4300/15389MB (lfb 1155x4MB) SWAP 0/7694MB (cached 0MB) CPU [0%@883,0%@883,50%@883,0%@883,0%@1344,0%@1344,0%@1344,0%@1344] EMC_FREQ 0% GR3D_FREQ 22% GR3D2_FREQ 22%@0 CV0@55.625C CPU@58.406C SOC2@56.781C SOC0@57.75C CV1@55.656C GPU@56.125C tj@58.937C SOC1@58.937C CV2@55.843C
08-21-2026 19:59:52 RAM 4300/15389MB (lfb 1155x4MB) SWAP 0/7694MB (cached 0MB) CPU [0%@1984,0%@1984,0%@1984,0%@1984,0%@1420,0%@1420,100%@1420,0%@1420] EMC_FREQ 0% GR3D_FREQ 0% GR3D2_FREQ 0%@0 CV0@55.687C CPU@58.375C SOC2@56.687C SOC0@57.593C CV1@55.593C GPU@56.218C tj@59.187C SOC1@59.187C CV2@55.906C
08-21-2026 19:59:52 RAM 4300/15389MB (lfb 1155x4MB) SWAP 0/7694MB (cached 0MB) CPU [0%@806,0%@806,50%@806,0%@806,50%@1267,0%@1267,0%@1267,0%@1267] EMC_FREQ 0% GR3D_FREQ 22% GR3D2_FREQ 22%@0 CV0@55.656C CPU@58.312C SOC2@56.656C SOC0@57.656C CV1@55.562C GPU@56.218C tj@59.187C SOC1@59.187C CV2@55.875C
08-21-2026 19:59:52 RAM 4300/15389MB (lfb 1155x4MB) SWAP 0/7694MB (cached 0MB) CPU [0%@729,0%@729,0%@729,50%@729,0%@1420,0%@1420,100%@1420,0%@1420] EMC_FREQ 0% GR3D_FREQ 9% GR3D2_FREQ 9%@0 CV0@55.687C CPU@58.468C SOC2@56.781C SOC0@57.593C CV1@55.531C GPU@56.437C tj@58.937C SOC1@58.937C CV2@56C
08-21-2026 19:59:52 RAM 4302/15389MB (lfb 1154x4MB) SWAP 0/7694MB (cached 0MB) CPU [100%@1984,0%@1984,0%@1984,0%@1984,0%@1344,0%@1344,0%@1344,0%@1344] EMC_FREQ 0% GR3D_FREQ 9% GR3D2_FREQ 9%@0 CV0@55.593C CPU@58.406C SOC2@56.937C SOC0@57.531C CV1@55.562C GPU@56.125C tj@59.031C SOC1@59.031C CV2@56C
08-21-2026 19:59:52 RAM 4303/15389MB (lfb 1154x4MB) SWAP 0/7694MB (cached 0MB) CPU [0%@1984,0%@1984,0%@1984,0%@1984,0%@1344,0%@1344,0%@1344,50%@1344] EMC_FREQ 0% GR3D_FREQ 13% GR3D2_FREQ 13%@0 CV0@55.656C CPU@58.437C SOC2@56.937C SOC0@57.593C CV1@55.75C GPU@56.406C tj@58.968C SOC1@58.968C CV2@56.031C
08-21-2026 19:59:52 RAM 4304/15389MB (lfb 1154x4MB) SWAP 0/7694MB (cached 0MB) CPU [100%@1984,0%@1984,0%@1984,0%@1984,0%@1344,0%@1344,50%@1344,0%@1344] EMC_FREQ 0% GR3D_FREQ 22% GR3D2_FREQ 22%@0 CV0@55.781C CPU@58.593C SOC2@57C SOC0@57.531C CV1@55.718C GPU@56.343C tj@59C SOC1@59C CV2@56C
08-21-2026 19:59:52 RAM 4304/15389MB (lfb 1154x4MB) SWAP 0/7694MB (cached 0MB) CPU [0%@1984,0%@1984,0%@1984,0%@1984,0%@1344,0%@1344,0%@1344,0%@1344] EMC_FREQ 0% GR3D_FREQ 22% GR3D2_FREQ 22%@0 CV0@56C CPU@58.625C SOC2@57.031C SOC0@57.593C CV1@55.687C GPU@56.187C tj@58.937C SOC1@58.937C CV2@56C
08-21-2026 19:59:52 RAM 4304/15389MB (lfb 1154x4MB) SWAP 0/7694MB (cached 0MB) CPU [0%@1984,0%@1984,0%@1984,50%@1984,0%@1420,0%@1420,0%@1420,0%@1420] EMC_FREQ 0% GR3D_FREQ 0% GR3D2_FREQ 0%@0 CV0@55.812C CPU@58.5C SOC2@57C SOC0@57.437C CV1@55.718C GPU@56.343C tj@59.281C SOC1@59.281C CV2@55.906C
08-21-2026 19:59:52 RAM 4304/15389MB (lfb 1154x4MB) SWAP 0/7694MB (cached 0MB) CPU [0%@1958,0%@1958,0%@1958,0%@1958,0%@1267,50%@1267,50%@1267,0%@1267] EMC_FREQ 0% GR3D_FREQ 22% GR3D2_FREQ 22%@0 CV0@55.718C CPU@58.5C SOC2@56.875C SOC0@57.656C CV1@55.593C GPU@56.5C tj@58.968C SOC1@59.156C CV2@55.968C
08-21-2026 19:59:52 RAM 4304/15389MB (lfb 1154x4MB) SWAP 0/7694MB (cached 0MB) CPU [0%@1574,0%@1574,0%@1574,0%@1574,0%@1420,0%@1420,50%@1420,0%@1420] EMC_FREQ 0% GR3D_FREQ 21% GR3D2_FREQ 21%@0 CV0@55.718C CPU@58.5C SOC2@56.843C SOC0@57.687C CV1@55.562C GPU@56.468C tj@59.125C SOC1@59.125C CV2@55.937C
08-21-2026 19:59:52 RAM 4304/15389MB (lfb 1154x4MB) SWAP 0/7694MB (cached 0MB) CPU [0%@1267,50%@1267,0%@1267,50%@1267,0%@1344,0%@1344,0%@1344,0%@1344] EMC_FREQ 0% GR3D_FREQ 21% GR3D2_FREQ 21%@0 CV0@55.718C CPU@58.5C SOC2@56.812C SOC0@57.625C CV1@55.625C GPU@56.312C tj@59.187C SOC1@59.187C CV2@55.937C
08-21-2026 19:59:52 RAM 4304/15389MB (lfb 1154x4MB) SWAP 0/7694MB (cached 0MB) CPU [0%@1036,0%@1036,0%@1036,0%@1036,0%@1420,50%@1420,0%@1420,0%@1420] EMC_FREQ 0% GR3D_FREQ 1% GR3D2_FREQ 1%@0 CV0@55.656C CPU@58.468C SOC2@56.968C SOC0@57.656C CV1@55.687C GPU@56.343C tj@58.937C SOC1@58.937C CV2@56.093C
08-21-2026 19:59:52 RAM 4304/15389MB (lfb 1154x4MB) SWAP 0/7694MB (cached 0MB) CPU [0%@883,0%@883,0%@883,50%@883,50%@1497,0%@1497,0%@1497,0%@1497] EMC_FREQ 0% GR3D_FREQ 22% GR3D2_FREQ 22%@0 CV0@55.687C CPU@58.375C SOC2@56.937C SOC0@57.5C CV1@55.75C GPU@56.093C tj@59C SOC1@59C CV2@55.843C
08-21-2026 19:59:52 RAM 4304/15389MB (lfb 1154x4MB) SWAP 0/7694MB (cached 0MB) CPU [0%@1984,0%@1984,0%@1984,0%@1984,50%@1420,0%@1420,0%@1420,33%@1420] EMC_FREQ 0% GR3D_FREQ 22% GR3D2_FREQ 2%@0 CV0@55.625C CPU@58.562C SOC2@56.843C SOC0@57.625C CV1@55.875C GPU@56.25C tj@59.031C SOC1@59.031C CV2@55.937C
08-21-2026 19:59:52 RAM 4304/15389MB (lfb 1154x4MB) SWAP 0/7694MB (cached 0MB) CPU [50%@1984,0%@1984,0%@1984,0%@1984,0%@1420,0%@1420,0%@1420,0%@1420] EMC_FREQ 0% GR3D_FREQ 2% GR3D2_FREQ 2%@0 CV0@55.75C CPU@58.531C SOC2@56.781C SOC0@57.562C CV1@55.75C GPU@56.156C tj@59C SOC1@59C CV2@55.875C
08-21-2026 19:59:52 RAM 4304/15389MB (lfb 1154x4MB) SWAP 0/7694MB (cached 0MB) CPU [0%@1984,0%@1984,0%@1984,0%@1984,100%@1344,0%@1344,0%@1344,0%@1344] EMC_FREQ 0% GR3D_FREQ 18% GR3D2_FREQ 18%@0 CV0@55.75C CPU@58.531C SOC2@56.843C SOC0@57.718C CV1@55.687C GPU@56.375C tj@58.906C SOC1@58.906C CV2@56C
08-21-2026 19:59:52 RAM 4304/15389MB (lfb 1154x4MB) SWAP 0/7694MB (cached 0MB) CPU [0%@1984,0%@1984,0%@1984,50%@1984,50%@1497,0%@1497,50%@1497,0%@1497] EMC_FREQ 0% GR3D_FREQ 19% GR3D2_FREQ 19%@0 CV0@55.656C CPU@58.593C SOC2@56.75C SOC0@57.687C CV1@55.593C GPU@56.062C tj@59.125C SOC1@58.968C CV2@55.875C
08-21-2026 19:59:52 RAM 4304/15389MB (lfb 1154x4MB) SWAP 0/7694MB (cached 0MB) CPU [0%@960,66%@960,50%@960,100%@960,0%@1420,0%@1420,0%@1420,50%@1420] EMC_FREQ 0% GR3D_FREQ 19% GR3D2_FREQ 19%@0 CV0@55.687C CPU@58.468C SOC2@56.843C SOC0@57.75C CV1@55.656C GPU@56.093C tj@59.156C SOC1@59.156C CV2@55.812C
08-21-2026 19:59:52 RAM 4304/15389MB (lfb 1154x4MB) SWAP 0/7694MB (cached 0MB) CPU [50%@1984,0%@1984,0%@1984,0%@1984,100%@1497,0%@1497,0%@1497,0%@1497] EMC_FREQ 0% GR3D_FREQ 0% GR3D2_FREQ 0%@0 CV0@55.625C CPU@58.468C SOC2@56.781C SOC0@57.687C CV1@55.656C GPU@56.312C tj@59.031C SOC1@59.031C CV2@56C
08-21-2026 19:59:52 RAM 4304/15389MB (lfb 1154x4MB) SWAP 0/7694MB (cached 0MB) CPU [0%@1984,0%@1984,0%@1984,0%@1984,0%@1420,0%@1420,0%@1420,0%@1420] EMC_FREQ 0% GR3D_FREQ 22% GR3D2_FREQ 22%@0 CV0@55.625C CPU@58.375C SOC2@56.875C SOC0@57.531C CV1@55.531C GPU@56.125C tj@59.125C SOC1@59.125C CV2@56C
08-21-2026 19:59:52 RAM 4304/15389MB (lfb 1154x4MB) SWAP 0/7694MB (cached 0MB) CPU [0%@806,0%@806,0%@806,50%@806,50%@1497,0%@1497,0%@1497,0%@1497] EMC_FREQ 0% GR3D_FREQ 22% GR3D2_FREQ 22%@0 CV0@55.75C CPU@58.625C SOC2@56.843C SOC0@57.531C CV1@55.781C GPU@56.187C tj@59.031C SOC1@59.031C CV2@55.968C
08-21-2026 19:59:52 RAM 4304/15389MB (lfb 1154x4MB) SWAP 0/7694MB (cached 0MB) CPU [50%@1984,0%@1984,0%@1984,0%@1984,0%@1267,0%@1267,0%@1267,0%@1267] EMC_FREQ 0% GR3D_FREQ 22% GR3D2_FREQ 22%@0 CV0@55.531C CPU@58.593C SOC2@56.937C SOC0@57.593C CV1@55.718C GPU@56.187C tj@59.031C SOC1@59.031C CV2@56.031C
08-21-2026 19:59:52 RAM 4304/15389MB (lfb 1154x4MB) SWAP 0/7694MB (cached 0MB) CPU [0%@806,0%@806,0%@806,50%@806,0%@1420,33%@1420,0%@1420,0%@1420] EMC_FREQ 0% GR3D_FREQ 0% GR3D2_FREQ 0%@0 CV0@55.781C CPU@58.468C SOC2@56.906C SOC0@57.593C CV1@55.718C GPU@56.437C tj@58.937C SOC1@58.937C CV2@55.937C
08-21-2026 19:59:52 RAM 4304/15389MB (lfb 1154x4MB) SWAP 0/7694MB (cached 0MB) CPU [50%@806,0%@806,0%@806,0%@806,0%@1267,0%@1267,50%@1267,0%@1267] EMC_FREQ 0% GR3D_FREQ 26% GR3D2_FREQ 26%@0 CV0@55.687C CPU@58.656C SOC2@56.75C SOC0@57.468C CV1@55.656C GPU@56.156C tj@58.968C SOC1@58.968C CV2@56C
08-21-2026 19:59:52 RAM 4304/15389MB (lfb 1154x4MB) SWAP 0/7694MB (cached 0MB) CPU [0%@1984,0%@1984,0%@1984,50%@1984,100%@1420,0%@1420,0%@1420,0%@1420] EMC_FREQ 0% GR3D_FREQ 14% GR3D2_FREQ 14%@0 CV0@55.781C CPU@58.531C SOC2@56.812C SOC0@57.562C CV1@55.718C GPU@56.281C tj@58.968C SOC1@58.968C CV2@55.968C
08-21-2026 19:59:52 RAM 4304/15389MB (lfb 1154x4MB) SWAP 0/7694MB (cached 0MB) CPU [0%@1984,0%@1984,0%@1984,50%@1984,0%@1420,0%@1420,0%@1420,0%@1420] EMC_FREQ 0% GR3D_FREQ 14% GR3D2_FREQ 14%@0 CV0@55.781C CPU@58.593C SOC2@56.812C SOC0@57.656C CV1@55.656C GPU@56.25C tj@59.218C SOC1@59.218C CV2@55.843C
08-21-2026 19:59:52 RAM 4304/15389MB (lfb 1154x4MB) SWAP 0/7694MB (cached 0MB) CPU [0%@806,0%@806,0%@806,0%@806,66%@1420,0%@1420,0%@1420,0%@1420] EMC_FREQ 0% GR3D_FREQ 6% GR3D2_FREQ 6%@0 CV0@55.687C CPU@58.468C SOC2@56.875C SOC0@57.656C CV1@55.593C GPU@56.5C tj@59.062C SOC1@59.031C CV2@55.906C
08-21-2026 19:59:52 RAM 4304/15389MB (lfb 1154x4MB) SWAP 0/7694MB (cached 0MB) CPU [0%@1984,0%@1984,0%@1984,100%@1984,0%@1420,0%@1420,0%@1420,0%@1420] EMC_FREQ 0% GR3D_FREQ 23% GR3D2_FREQ 23%@0 CV0@55.562C CPU@58.531C SOC2@56.687C SOC0@57.531C CV1@55.625C GPU@56.218C tj@58.968C SOC1@58.968C CV2@55.875C
08-21-2026 19:59:52 RAM 4304/15389MB (lfb 1154x4MB) SWAP 0/7694MB (cached 0MB) CPU [0%@806,0%@806,0%@806,0%@806,0%@1344,0%@1344,0%@1344,0%@1344] EMC_FREQ 0% GR3D_FREQ 2% GR3D2_FREQ 2%@0 CV0@55.687C CPU@58.531C SOC2@56.843C SOC0@57.593C CV1@55.562C GPU@56.187C tj@59.031C SOC1@59.031C CV2@56.031C
08-21-2026 19:59:52 RAM 4304/15389MB (lfb 1154x4MB) SWAP 0/7694MB (cached 0MB) CPU [0%@1984,0%@1984,0%@1984,0%@1984,50%@1344,0%@1344,0%@1344,0%@1344] EMC_FREQ 0% GR3D_FREQ 2% GR3D2_FREQ 2%@0 CV0@55.562C CPU@58.625C SOC2@56.812C SOC0@57.593C CV1@55.531C GPU@56.406C tj@59.187C SOC1@59.187C CV2@56C
08-21-2026 19:59:52 RAM 4304/15389MB (lfb 1154x4MB) SWAP 0/7694MB (cached 0MB) CPU [0%@960,0%@960,0%@960,0%@960,100%@1420,0%@1420,0%@1420,0%@1420] EMC_FREQ 0% GR3D_FREQ 17% GR3D2_FREQ 17%@0 CV0@55.562C CPU@58.531C SOC2@56.906C SOC0@57.531C CV1@55.593C GPU@56.156C tj@59.031C SOC1@58.968C CV2@55.875C
08-21-2026 19:59:52 RAM 4304/15389MB (lfb 1154x4MB) SWAP 0/7694MB (cached 0MB) CPU [0%@1984,0%@1984,0%@1984,0%@1984,0%@1344,0%@1344,50%@1344,0%@1344] EMC_FREQ 0% GR3D_FREQ 22% GR3D2_FREQ 22%@0 CV0@55.593C CPU@58.5C SOC2@56.843C SOC0@57.531C CV1@55.687C GPU@56C tj@59.062C SOC1@59.062C CV2@56.031C
08-21-2026 19:59:52 RAM 4304/15389MB (lfb 1154x4MB) SWAP 0/7694MB (cached 0MB) CPU [0%@1984,33%@1984,0%@1984,50%@1984,50%@1344,0%@1344,0%@1344,50%@1344] EMC_FREQ 0% GR3D_FREQ 0% GR3D2_FREQ 0%@0 CV0@55.812C CPU@58.531C SOC2@56.843C SOC0@57.562C CV1@55.718C GPU@56.218C tj@59.093C SOC1@59.093C CV2@56C
08-21-2026 19:59:52 RAM 4304/15389MB (lfb 1154x4MB) SWAP 0/7694MB (cached 0MB) CPU [0%@1984,0%@1984,0%@1984,0%@1984,0%@1420,0%@1420,0%@1420,0%@1420] EMC_FREQ 0% GR3D_FREQ 0% GR3D2_FREQ 0%@0 CV0@55.75C CPU@58.593C SOC2@56.812C SOC0@57.437C CV1@55.718C GPU@56.5C tj@59.062C SOC1@59.062C CV2@55.968C
08-21-2026 19:59:52 RAM 4304/15389MB (lfb 1154x4MB) SWAP 0/7694MB (cached 0MB) CPU [0%@1984,0%@1984,0%@1984,50%@1984,0%@1267,0%@1267,0%@1267,0%@1267] EMC_FREQ 0% GR3D_FREQ 25% GR3D2_FREQ 25%@0 CV0@55.718C CPU@58.468C SOC2@56.781C SOC0@57.687C CV1@55.656C GPU@56.218C tj@58.937C SOC1@58.937C CV2@56C
08-21-2026 19:59:52 RAM 4304/15389MB (lfb 1154x4MB) SWAP 0/7694MB (cached 0MB) CPU [50%@729,0%@729,50%@729,0%@729,50%@1420,0%@1420,0%@1420,50%@1420] EMC_FREQ 0% GR3D_FREQ 22% GR3D2_FREQ 22%@0 CV0@55.656C CPU@58.625C SOC2@56.75C SOC0@57.718C CV1@55.75C GPU@56.062C tj@59.031C SOC1@59.031C CV2@55.781C
08-21-2026 19:59:52 RAM 4304/15389MB (lfb 1154x4MB) SWAP 0/7694MB (cached 0MB) CPU [0%@1984,0%@1984,0%@1984,100%@1984,0%@1113,0%@1113,0%@1113,0%@1113] EMC_FREQ 0% GR3D_FREQ 22% GR3D2_FREQ 22%@0 CV0@55.656C CPU@58.5C SOC2@56.718C SOC0@57.593C CV1@55.656C GPU@56.343C tj@59.031C SOC1@59.031C CV2@55.812C
08-21-2026 19:59:52 RAM 4304/15389MB (lfb 1154x4MB) SWAP 0/7694MB (cached 0MB) CPU [50%@1984,0%@1984,0%@1984,0%@1984,100%@1344,0%@1344,0%@1344,0%@1344] EMC_FREQ 0% GR3D_FREQ 0% GR3D2_FREQ 0%@0 CV0@55.687C CPU@58.531C SOC2@56.781C SOC0@57.531C CV1@55.562C GPU@56.218C tj@59.125C SOC1@59.125C CV2@55.812C
08-21-2026 19:59:52 RAM 4304/15389MB (lfb 1154x4MB) SWAP 0/7694MB (cached 0MB) CPU [0%@1984,0%@1984,0%@1984,50%@1984,50%@1420,0%@1420,0%@1420,0%@1420] EMC_FREQ 0% GR3D_FREQ 22% GR3D2_FREQ 22%@0 CV0@55.625C CPU@58.343C SOC2@56.812C SOC0@57.656C CV1@55.593C GPU@56.5C tj@59.093C SOC1@59.093C CV2@55.906C
08-21-2026 19:59:52 RAM 4304/15389MB (lfb 1154x4MB) SWAP 0/7694MB (cached 0MB) CPU [0%@1984,0%@1984,0%@1984,50%@1984,0%@1420,0%@1420,0%@1420,0%@1420] EMC_FREQ 0% GR3D_FREQ 4% GR3D2_FREQ 4%@0 CV0@55.625C CPU@58.718C SOC2@56.75C SOC0@57.562C CV1@55.562C GPU@56.218C tj@59.062C SOC1@59.062C CV2@55.968C
08-21-2026 19:59:52 RAM 4304/15389MB (lfb 1154x4MB) SWAP 0/7694MB (cached 0MB) CPU [0%@1984,0%@1984,0%@1984,0%@1984,50%@1344,0%@1344,0%@1344,0%@1344] EMC_FREQ 0% GR3D_FREQ 4% GR3D2_FREQ 18%@0 CV0@55.656C CPU@58.656C SOC2@56.75C SOC0@57.625C CV1@55.593C GPU@56.156C tj@59C SOC1@59C CV2@56C
08-21-2026 19:59:52 RAM 4304/15389MB (lfb 1154x4MB) SWAP 0/7694MB (cached 0MB) CPU [50%@1984,0%@1984,50%@1984,0%@1984,100%@1344,0%@1344,0%@1344,0%@1344] EMC_FREQ 0% GR3D_FREQ 18% GR3D2_FREQ 18%@0 CV0@55.562C CPU@58.5C SOC2@56.812C SOC0@57.593C CV1@55.75C GPU@56.312C tj@59.156C SOC1@59.156C CV2@55.875C
08-21-2026 19:59:52 RAM 4304/15389MB (lfb 1154x4MB) SWAP 0/7694MB (cached 0MB) CPU [0%@1984,0%@1984,0%@1984,100%@1984,0%@1344,0%@1344,0%@1344,50%@1344] EMC_FREQ 0% GR3D_FREQ 23% GR3D2_FREQ 23%@0 CV0@55.593C CPU@58.5C SOC2@56.843C SOC0@57.625C CV1@55.656C GPU@56.125C tj@58.937C SOC1@58.937C CV2@55.937C
08-21-2026 19:59:52 RAM 4304/15389MB (lfb 1154x4MB) SWAP 0/7694MB (cached 0MB) CPU [0%@1036,0%@1036,0%@1036,0%@1036,0%@1344,0%@1344,0%@1344,0%@1344] EMC_FREQ 0% GR3D_FREQ 0% GR3D2_FREQ 0%@0 CV0@55.781C CPU@58.5C SOC2@56.875C SOC0@57.593C CV1@55.75C GPU@56.125C tj@58.968C SOC1@58.937C CV2@55.843C
08-21-2026 19:59:52 RAM 4304/15389MB (lfb 1154x4MB) SWAP 0/7694MB (cached 0MB) CPU [0%@1113,0%@1113,0%@1113,0%@1113,50%@1344,0%@1344,0%@1344,0%@1344] EMC_FREQ 0% GR3D_FREQ 0% GR3D2_FREQ 0%@0 CV0@55.687C CPU@58.468C SOC2@56.843C SOC0@57.718C CV1@55.687C GPU@56.218C tj@58.906C SOC1@58.906C CV2@55.937C
08-21-2026 19:59:52 RAM 4304/15389MB (lfb 1154x4MB) SWAP 0/7694MB (cached 0MB) CPU [0%@1036,0%@1036,0%@1036,33%@1036,50%@1344,0%@1344,0%@1344,0%@1344] EMC_FREQ 0% GR3D_FREQ 22% GR3D2_FREQ 22%@0 CV0@55.718C CPU@58.437C SOC2@56.875C SOC0@57.562C CV1@55.593C GPU@56.437C tj@59.031C SOC1@59.031C CV2@56C
08-21-2026 19:59:52 RAM 4304/15389MB (lfb 1154x4MB) SWAP 0/7694MB (cached 0MB) CPU [100%@1984,0%@1984,0%@1984,0%@1984,100%@1420,0%@1420,0%@1420,0%@1420] EMC_FREQ 0% GR3D_FREQ 19% GR3D2_FREQ 19%@0 CV0@55.718C CPU@58.468C SOC2@56.781C SOC0@57.625C CV1@55.718C GPU@56.156C tj@59.125C SOC1@59.125C CV2@55.937C
08-21-2026 19:59:52 RAM 4304/15389MB (lfb 1154x4MB) SWAP 0/7694MB (cached 0MB) CPU [50%@1190,33%@1190,0%@1190,0%@1190,0%@1267,0%@1267,0%@1267,0%@1267] EMC_FREQ 0% GR3D_FREQ 0% GR3D2_FREQ 0%@0 CV0@55.75C CPU@58.375C SOC2@56.812C SOC0@57.656C CV1@55.656C GPU@56.062C tj@59.125C SOC1@59.125C CV2@55.906C
08-21-2026 19:59:52 RAM 4304/15389MB (lfb 1154x4MB) SWAP 0/7694MB (cached 0MB) CPU [0%@1984,0%@1984,0%@1984,0%@1984,0%@1497,0%@1497,0%@1497,0%@1497] EMC_FREQ 0% GR3D_FREQ 0% GR3D2_FREQ 0%@0 CV0@55.625C CPU@58.718C SOC2@56.781C SOC0@57.562C CV1@55.625C GPU@56.218C tj@59.125C SOC1@59.125C CV2@56C
08-21-2026 19:59:52 RAM 4304/15389MB (lfb 1154x4MB) SWAP 0/7694MB (cached 0MB) CPU [50%@1344,0%@1344,0%@1344,0%@1344,50%@1267,0%@1267,0%@1267,0%@1267] EMC_FREQ 0% GR3D_FREQ 23% GR3D2_FREQ 23%@0 CV0@55.75C CPU@58.718C SOC2@56.968C SOC0@57.5C CV1@55.812C GPU@56.156C tj@59.062C SOC1@59.062C CV2@55.968C
08-21-2026 19:59:52 RAM 4304/15389MB (lfb 1154x4MB) SWAP 0/7694MB (cached 0MB) CPU [0%@960,0%@960,0%@960,0%@960,100%@1497,0%@1497,0%@1497,0%@1497] EMC_FREQ 0% GR3D_FREQ 8% GR3D2_FREQ 8%@0 CV0@55.781C CPU@58.625C SOC2@57C SOC0@57.531C CV1@55.718C GPU@56.25C tj@58.937C SOC1@58.937C CV2@55.968C
08-21-2026 19:59:52 RAM 4304/15389MB (lfb 1154x4MB) SWAP 0/7694MB (cached 0MB) CPU [0%@1984,0%@1984,0%@1984,0%@1984,0%@1267,0%@1267,0%@1267,50%@1267] EMC_FREQ 0% GR3D_FREQ 14% GR3D2_FREQ 14%@0 CV0@55.843C CPU@58.468C SOC2@56.812C SOC0@57.531C CV1@55.687C GPU@56.437C tj@58.937C SOC1@58.937C CV2@56C
08-21-2026 19:59:52 RAM 4304/15389MB (lfb 1154x4MB) SWAP 0/7694MB (cached 0MB) CPU [0%@960,0%@960,50%@960,0%@960,100%@1420,0%@1420,0%@1420,0%@1420] EMC_FREQ 0% GR3D_FREQ 14% GR3D2_FREQ 14%@0 CV0@55.781C CPU@58.468C SOC2@56.781C SOC0@57.562C CV1@55.656C GPU@56.312C tj@59C SOC1@59C CV2@55.843C
08-21-2026 19:59:52 RAM 4304/15389MB (lfb 1154x4MB) SWAP 0/7694MB (cached 0MB) CPU [0%@806,0%@806,0%@1984,0%@1984,0%@1420,0%@1420,0%@1420,0%@1420] EMC_FREQ 0% GR3D_FREQ 22% GR3D2_FREQ 22%@0 CV0@55.687C CPU@58.625C SOC2@56.75C SOC0@57.5C CV1@55.656C GPU@56.156C tj@59.218C SOC1@59.218C CV2@55.906C
08-21-2026 19:59:52 RAM 4304/15389MB (lfb 1154x4MB) SWAP 0/7694MB (cached 0MB) CPU [0%@1984,50%@1984,0%@1984,0%@1984,66%@1344,0%@1344,50%@1344,0%@1344] EMC_FREQ 0% GR3D_FREQ 0% GR3D2_FREQ 0%@0 CV0@55.718C CPU@58.5C SOC2@56.718C SOC0@57.687C CV1@55.656C GPU@56.281C tj@59.218C SOC1@59.218C CV2@55.906C
08-21-2026 19:59:52 RAM 4304/15389MB (lfb 1154x4MB) SWAP 0/7694MB (cached 0MB) CPU [0%@806,0%@806,50%@806,0%@806,50%@1344,0%@1344,0%@1344,0%@1344] EMC_FREQ 0% GR3D_FREQ 22% GR3D2_FREQ 22%@0 CV0@55.687C CPU@58.343C SOC2@56.75C SOC0@57.625C CV1@55.562C GPU@56.218C tj@59.187C SOC1@59.187C CV2@55.812C
08-21-2026 19:59:52 RAM 4304/15389MB (lfb 1154x4MB) SWAP 0/7694MB (cached 0MB) CPU [50%@1984,0%@1984,0%@1984,0%@1984,100%@1420,0%@1420,0%@1420,50%@1420] EMC_FREQ 0% GR3D_FREQ 22% GR3D2_FREQ 22%@0 CV0@55.687C CPU@58.437C SOC2@56.687C SOC0@57.75C CV1@55.625C GPU@56.468C tj@58.968C SOC1@58.968C CV2@56.031C
08-21-2026 19:59:52 RAM 4304/15389MB (lfb 1154x4MB) SWAP 0/7694MB (cached 0MB) CPU [0%@1984,0%@1984,0%@1984,0%@1984,0%@1420,0%@1420,0%@1420,0%@1420] EMC_FREQ 0% GR3D_FREQ 22% GR3D2_FREQ 22%@0 CV0@55.562C CPU@58.281C SOC2@56.906C SOC0@57.593C CV1@55.593C GPU@56.218C tj@58.968C SOC1@58.968C CV2@55.906C
08-21-2026 19:59:52 RAM 4304/15389MB (lfb 1154x4MB) SWAP 0/7694MB (cached 0MB) CPU [0%@883,0%@883,0%@883,0%@883,0%@1344,0%@1344,0%@1344,0%@1344] EMC_FREQ 0% GR3D_FREQ 3% GR3D2_FREQ 3%@0 CV0@55.593C CPU@58.437C SOC2@56.906C SOC0@57.531C CV1@55.687C GPU@56.375C tj@59.031C SOC1@59.031C CV2@55.937C
08-21-2026 19:59:52 RAM 4304/15389MB (lfb 1154x4MB) SWAP 0/7694MB (cached 0MB) CPU [0%@1113,0%@1113,100%@1984,0%@1984,100%@1497,0%@1497,0%@1497,0%@1497] EMC_FREQ 0% GR3D_FREQ 3% GR3D2_FREQ 3%@0 CV0@55.75C CPU@58.687C SOC2@56.812C SOC0@57.562C CV1@55.75C GPU@56.343C tj@59.062C SOC1@59.062C CV2@56C
08-21-2026 19:59:52 RAM 4304/15389MB (lfb 1154x4MB) SWAP 0/7694MB (cached 0MB) CPU [50%@1036,0%@1036,50%@1036,0%@1036,0%@1420,0%@1420,0%@1420,0%@1420] EMC_FREQ 0% GR3D_FREQ 19% GR3D2_FREQ 19%@0 CV0@55.687C CPU@58.625C SOC2@56.75C SOC0@57.468C CV1@55.718C GPU@56.062C tj@58.937C SOC1@58.937C CV2@55.906C
08-21-2026 19:59:52 RAM 4304/15389MB (lfb 1154x4MB) SWAP 0/7694MB (cached 0MB) CPU [0%@883,0%@883,0%@883,0%@883,0%@1497,0%@1497,0%@1497,0%@1497] EMC_FREQ 0% GR3D_FREQ 7% GR3D2_FREQ 7%@0 CV0@55.718C CPU@58.375C SOC2@56.718C SOC0@57.656C CV1@55.593C GPU@56.25C tj@58.937C SOC1@58.937C CV2@55.906C
08-21-2026 19:59:53 RAM 4304/15389MB (lfb 1154x4MB) SWAP 0/7694MB (cached 0MB) CPU [0%@1984,0%@1984,0%@1984,0%@1984,0%@1420,0%@1420,0%@1420,0%@1420] EMC_FREQ 0% GR3D_FREQ 15% GR3D2_FREQ 15%@0 CV0@55.718C CPU@58.5C SOC2@56.687C SOC0@57.687C CV1@55.531C GPU@56.5C tj@59.062C SOC1@59.062C CV2@55.843C
08-21-2026 19:59:53 RAM 4304/15389MB (lfb 1154x4MB) SWAP 0/7694MB (cached 0MB) CPU [0%@960,0%@960,100%@960,0%@960,66%@1344,0%@1344,33%@1344,0%@1344] EMC_FREQ 0% GR3D_FREQ 15% GR3D2_FREQ 15%@0 CV0@55.781C CPU@58.5C SOC2@56.812C SOC0@57.625C CV1@55.625C GPU@56.437C tj@59.125C SOC1@59.125C CV2@55.937C
08-21-2026 19:59:53 RAM 4304/15389MB (lfb 1154x4MB) SWAP 0/7694MB (cached 0MB) CPU [50%@1984,33%@1984,50%@1984,0%@1984,0%@1420,0%@1420,0%@1420,0%@1420] EMC_FREQ 0% GR3D_FREQ 22% GR3D2_FREQ 22%@0 CV0@55.625C CPU@58.312C SOC2@56.718C SOC0@57.625C CV1@55.687C GPU@56.187C tj@59.156C SOC1@59.156C CV2@55.937C
08-21-2026 19:59:53 RAM 4304/15389MB (lfb 1154x4MB) SWAP 0/7694MB (cached 0MB) CPU [0%@1984,0%@1984,0%@1984,0%@1984,100%@1420,0%@1420,0%@1420,0%@1420] EMC_FREQ 0% GR3D_FREQ 0% GR3D2_FREQ 0%@0 CV0@55.656C CPU@58.343C SOC2@56.906C SOC0@57.562C CV1@55.562C GPU@56.312C tj@59.031C SOC1@59.031C CV2@55.937C
08-21-2026 19:59:53 RAM 4304/15389MB (lfb 1154x4MB) SWAP 0/7694MB (cached 0MB) CPU [50%@1984,0%@1984,50%@1984,0%@1984,0%@1420,0%@1420,0%@1420,50%@1420] EMC_FREQ 0% GR3D_FREQ 0% GR3D2_FREQ 19%@0 CV0@55.625C CPU@58.406C SOC2@56.781C SOC0@57.468C CV1@55.781C GPU@56.156C tj@59.093C SOC1@59.093C CV2@56C
08-21-2026 19:59:53 RAM 4304/15389MB (lfb 1154x4MB) SWAP 0/7694MB (cached 0MB) CPU [0%@1984,0%@1984,0%@1984,0%@1984,66%@1344,0%@1344,0%@1344,0%@1344] EMC_FREQ 0% GR3D_FREQ 19% GR3D2_FREQ 19%@0 CV0@55.687C CPU@58.375C SOC2@56.875C SOC0@57.5C CV1@55.75C GPU@56.093C tj@59.125C SOC1@59.125C CV2@55.906C
08-21-2026 19:59:53 RAM 4304/15389MB (lfb 1154x4MB) SWAP 0/7694MB (cached 0MB) CPU [0%@1984,0%@1984,0%@1984,0%@1984,100%@1344,0%@1344,0%@1344,0%@1344] EMC_FREQ 0% GR3D_FREQ 19% GR3D2_FREQ 19%@0 CV0@55.812C CPU@58.375C SOC2@56.812C SOC0@57.562C CV1@55.718C GPU@56.281C tj@58.968C SOC1@58.968C CV2@56C
08-21-2026 19:59:53 RAM 4304/15389MB (lfb 1154x4MB) SWAP 0/7694MB (cached 0MB) CPU [0%@1984,0%@1984,100%@1984,0%@1984,0%@1344,0%@1344,0%@1344,0%@1344] EMC_FREQ 0% GR3D_FREQ 0% GR3D2_FREQ 0%@0 CV0@55.781C CPU@58.531C SOC2@56.75C SOC0@57.531C CV1@55.781C GPU@56.437C tj@59C SOC1@59C CV2@55.875C
08-21-2026 19:59:53 RAM 4304/15389MB (lfb 1154x4MB) SWAP 0/7694MB (cached 0MB) CPU [50%@806,0%@806,0%@806,0%@806,50%@1420,0%@1344,0%@1344,33%@1344] EMC_FREQ 0% GR3D_FREQ 0% GR3D2_FREQ 0%@0 CV0@55.781C CPU@58.406C SOC2@56.75C SOC0@57.5C CV1@55.593C GPU@56.375C tj@59.187C SOC1@59.187C CV2@55.906C
08-21-2026 19:59:53 RAM 4304/15389MB (lfb 1154x4MB) SWAP 0/7694MB (cached 0MB) CPU [0%@729,0%@729,0%@729,0%@729,0%@1344,0%@1344,0%@1344,0%@1344] EMC_FREQ 0% GR3D_FREQ 19% GR3D2_FREQ 19%@0 CV0@55.656C CPU@58.406C SOC2@56.687C SOC0@57.718C CV1@55.75C GPU@56.125C tj@59.156C SOC1@59.156C CV2@55.875C
08-21-2026 19:59:53 RAM 4304/15389MB (lfb 1154x4MB) SWAP 0/7694MB (cached 0MB) CPU [0%@1984,0%@1984,50%@1984,0%@1984,50%@1420,0%@1420,0%@1420,0%@1420] EMC_FREQ 0% GR3D_FREQ 7% GR3D2_FREQ 7%@0 CV0@55.781C CPU@58.406C SOC2@56.656C SOC0@57.593C CV1@55.656C GPU@56.312C tj@59.093C SOC1@59.093C CV2@55.875C
08-21-2026 19:59:53 RAM 4304/15389MB (lfb 1154x4MB) SWAP 0/7694MB (cached 0MB) CPU [0%@1984,50%@1984,0%@1984,0%@1984,0%@1420,0%@1420,0%@1420,0%@1420] EMC_FREQ 0% GR3D_FREQ 15% GR3D2_FREQ 15%@0 CV0@55.593C CPU@58.312C SOC2@56.718C SOC0@57.593C CV1@55.593C GPU@56.093C tj@59.062C SOC1@59.062C CV2@55.875C
08-21-2026 19:59:53 RAM 4304/15389MB (lfb 1154x4MB) SWAP 0/7694MB (cached 0MB) CPU [0%@1113,0%@1113,50%@1113,0%@1113,0%@1420,0%@1420,0%@1420,50%@1420] EMC_FREQ 0% GR3D_FREQ 15% GR3D2_FREQ 15%@0 CV0@55.656C CPU@58.375C SOC2@56.843C SOC0@57.656C CV1@55.562C GPU@56.437C tj@59.031C SOC1@59.031C CV2@55.968C
08-21-2026 19:59:53 RAM 4304/15389MB (lfb 1154x4MB) SWAP 0/7694MB (cached 0MB) CPU [50%@960,0%@960,0%@960,0%@960,50%@1267,0%@1267,0%@1267,0%@1267] EMC_FREQ 0% GR3D_FREQ 19% GR3D2_FREQ 19%@0 CV0@55.656C CPU@58.375C SOC2@56.937C SOC0@57.531C CV1@55.718C GPU@56.156C tj@59.031C SOC1@59.031C CV2@55.906C
08-21-2026 19:59:53 RAM 4304/15389MB (lfb 1154x4MB) SWAP 0/7694MB (cached 0MB) CPU [0%@1036,0%@1036,100%@1036,0%@1036,50%@1420,0%@1420,0%@1420,0%@1420] EMC_FREQ 0% GR3D_FREQ 0% GR3D2_FREQ 0%@0 CV0@55.687C CPU@58.375C SOC2@56.906C SOC0@57.625C CV1@55.75C GPU@56.343C tj@59C SOC1@59C CV2@55.875C
08-21-2026 19:59:53 RAM 4304/15389MB (lfb 1154x4MB) SWAP 0/7694MB (cached 0MB) CPU [0%@806,0%@806,0%@806,0%@806,0%@1420,0%@1420,0%@1420,0%@1420] EMC_FREQ 0% GR3D_FREQ 19% GR3D2_FREQ 19%@0 CV0@55.593C CPU@58.562C SOC2@56.781C SOC0@57.562C CV1@55.75C GPU@56.125C tj@59.062C SOC1@59.062C CV2@55.968C
08-21-2026 19:59:53 RAM 4304/15389MB (lfb 1154x4MB) SWAP 0/7694MB (cached 0MB) CPU [0%@1984,0%@1984,0%@1984,50%@1984,50%@1344,0%@1344,0%@1344,0%@1344] EMC_FREQ 0% GR3D_FREQ 19% GR3D2_FREQ 19%@0 CV0@55.625C CPU@58.468C SOC2@56.843C SOC0@57.531C CV1@55.687C GPU@56.281C tj@58.937C SOC1@58.937C CV2@55.812C
08-21-2026 19:59:53 RAM 4304/15389MB (lfb 1154x4MB) SWAP 0/7694MB (cached 0MB) CPU [0%@1984,0%@1984,0%@1984,50%@1984,0%@1420,0%@1420,50%@1420,0%@1420] EMC_FREQ 0% GR3D_FREQ 17% GR3D2_FREQ 17%@0 CV0@55.687C CPU@58.406C SOC2@56.75C SOC0@57.718C CV1@55.656C GPU@56.218C tj@59.093C SOC1@59.093C CV2@55.875C
08-21-2026 19:59:53 RAM 4304/15389MB (lfb 1154x4MB) SWAP 0/7694MB (cached 0MB) CPU [0%@883,0%@883,0%@883,0%@883,100%@1267,0%@1267,0%@1267,0%@1267] EMC_FREQ 0% GR3D_FREQ 2% GR3D2_FREQ 2%@0 CV0@55.625C CPU@58.343C SOC2@56.718C SOC0@57.625C CV1@55.625C GPU@56.437C tj@59.062C SOC1@59.062C CV2@55.875C
08-21-2026 19:59:53 RAM 4304/15389MB (lfb 1154x4MB) SWAP 0/7694MB (cached 0MB) CPU [50%@1984,0%@1984,0%@1984,0%@1984,50%@1497,0%@1497,0%@1497,0%@1497] EMC_FREQ 0% GR3D_FREQ 2% GR3D2_FREQ 2%@0 CV0@55.625C CPU@58.531C SOC2@56.843C SOC0@57.625C CV1@55.593C GPU@56.218C tj@58.937C SOC1@58.937C CV2@56C
08-21-2026 19:59:53 RAM 4304/15389MB (lfb 1154x4MB) SWAP 0/7694MB (cached 0MB) CPU [0%@1984,0%@1984,0%@1984,0%@1984,0%@1267,0%@1267,0%@1267,0%@1267] EMC_FREQ 0% GR3D_FREQ 22% GR3D2_FREQ 22%@0 CV0@55.656C CPU@58.656C SOC2@56.843C SOC0@57.593C CV1@55.687C GPU@56.406C tj@59.062C SOC1@59.062C CV2@55.937C
08-21-2026 19:59:53 RAM 4304/15389MB (lfb 1154x4MB) SWAP 0/7694MB (cached 0MB) CPU [0%@806,0%@806,0%@806,50%@806,100%@1420,0%@1420,0%@1420,0%@1420] EMC_FREQ 0% GR3D_FREQ 0% GR3D2_FREQ 0%@0 CV0@55.656C CPU@58.656C SOC2@56.843C SOC0@57.593C CV1@55.562C GPU@56.343C tj@59.062C SOC1@59.062C CV2@55.968C
08-21-2026 19:59:53 RAM 4304/15389MB (lfb 1154x4MB) SWAP 0/7694MB (cached 0MB) CPU [0%@1984,0%@1984,0%@1984,100%@1984,0%@1267,0%@1267,0%@1267,50%@1267] EMC_FREQ 0% GR3D_FREQ 22% GR3D2_FREQ 22%@0 CV0@55.656C CPU@58.531C SOC2@56.75C SOC0@57.625C CV1@55.843C GPU@56.156C tj@59.093C SOC1@59.093C CV2@55.843C
08-21-2026 19:59:53 RAM 4304/15389MB (lfb 1154x4MB) SWAP 0/7694MB (cached 0MB) CPU [0%@1984,50%@1984,0%@1984,0%@1984,50%@1344,0%@1344,0%@1344,0%@1344] EMC_FREQ 0% GR3D_FREQ 22% GR3D2_FREQ 22%@0 CV0@55.875C CPU@58.562C SOC2@56.718C SOC0@57.5C CV1@55.781C GPU@56.156C tj@58.937C SOC1@58.937C CV2@56.031C
08-21-2026 19:59:53 RAM 4304/15389MB (lfb 1154x4MB) SWAP 0/7694MB (cached 0MB) CPU [0%@1036,0%@1036,0%@1036,0%@1036,0%@1344,0%@1344,0%@1344,0%@1344] EMC_FREQ 0% GR3D_FREQ 22% GR3D2_FREQ 22%@0 CV0@55.75C CPU@58.531C SOC2@56.812C SOC0@57.562C CV1@55.843C GPU@56.187C tj@59.093C SOC1@59.093C CV2@55.875C
08-21-2026 19:59:53 RAM 4304/15389MB (lfb 1154x4MB) SWAP 0/7694MB (cached 0MB) CPU [50%@1036,0%@1036,0%@1036,50%@1036,0%@1267,0%@1267,0%@1267,0%@1267] EMC_FREQ 0% GR3D_FREQ 0% GR3D2_FREQ 0%@0 CV0@55.75C CPU@58.437C SOC2@56.812C SOC0@57.75C CV1@55.718C GPU@56.5C tj@58.937C SOC1@58.937C CV2@55.843C
08-21-2026 19:59:53 RAM 4304/15389MB (lfb 1154x4MB) SWAP 0/7694MB (cached 0MB) CPU [0%@1984,0%@1984,50%@1984,50%@1984,0%@1420,0%@1420,50%@1420,0%@1420] EMC_FREQ 0% GR3D_FREQ 23% GR3D2_FREQ 23%@0 CV0@55.687C CPU@58.625C SOC2@56.843C SOC0@57.562C CV1@55.593C GPU@56.125C tj@59.062C SOC1@59.062C CV2@55.906C
08-21-2026 19:59:53 RAM 4304/15389MB (lfb 1154x4MB) SWAP 0/7694MB (cached 0MB) CPU [50%@1984,0%@1984,0%@1984,50%@1984,0%@1190,0%@1190,0%@1190,0%@1190] EMC_FREQ 0% GR3D_FREQ 23% GR3D2_FREQ 23%@0 CV0@55.562C CPU@58.468C SOC2@56.687C SOC0@57.562C CV1@55.562C GPU@56.343C tj@59.062C SOC1@59.062C CV2@55.906C
08-21-2026 19:59:53 RAM 4304/15389MB (lfb 1154x4MB) SWAP 0/7694MB (cached 0MB) CPU [0%@1984,0%@1984,0%@1984,0%@1984,0%@1344,0%@1344,50%@1344,0%@1344] EMC_FREQ 0% GR3D_FREQ 1% GR3D2_FREQ 1%@0 CV0@55.718C CPU@58.406C SOC2@56.75C SOC0@57.562C CV1@55.531C GPU@56.156C tj@58.968C SOC1@58.968C CV2@56C
08-21-2026 19:59:53 RAM 4304/15389MB (lfb 1154x4MB) SWAP 0/7694MB (cached 0MB) CPU [0%@883,50%@883,100%@883,0%@883,0%@1344,0%@1344,50%@1344,0%@1344] EMC_FREQ 0% GR3D_FREQ 22% GR3D2_FREQ 22%@0 CV0@55.656C CPU@58.718C SOC2@57C SOC0@57.593C CV1@55.531C GPU@56.093C tj@58.937C SOC1@58.937C CV2@55.968C
08-21-2026 19:59:53 RAM 4304/15389MB (lfb 1154x4MB) SWAP 0/7694MB (cached 0MB) CPU [0%@806,0%@806,0%@806,0%@806,0%@1420,0%@1420,100%@1420,0%@1420] EMC_FREQ 0% GR3D_FREQ 22% GR3D2_FREQ 22%@0 CV0@55.625C CPU@58.656C SOC2@56.906C SOC0@57.562C CV1@55.843C GPU@56.156C tj@59.062C SOC1@59.062C CV2@55.937C
08-21-2026 19:59:53 RAM 4304/15389MB (lfb 1154x4MB) SWAP 0/7694MB (cached 0MB) CPU [0%@883,0%@883,100%@883,0%@883,50%@1267,0%@1267,0%@1267,50%@1267] EMC_FREQ 0% GR3D_FREQ 22% GR3D2_FREQ 22%@0 CV0@55.625C CPU@58.656C SOC2@56.843C SOC0@57.562C CV1@55.75C GPU@56.406C tj@59.062C SOC1@59.062C CV2@56C
08-21-2026 19:59:53 RAM 4304/15389MB (lfb 1154x4MB) SWAP 0/7694MB (cached 0MB) CPU [0%@1113,0%@1113,0%@1113,0%@1113,0%@1344,0%@1344,100%@1344,0%@1344] EMC_FREQ 0% GR3D_FREQ 0% GR3D2_FREQ 0%@0 CV0@55.593C CPU@58.687C SOC2@56.781C SOC0@57.656C CV1@55.781C GPU@56.437C tj@59.031C SOC1@59.031C CV2@55.968C
08-21-2026 19:59:53 RAM 4304/15389MB (lfb 1154x4MB) SWAP 0/7694MB (cached 0MB) CPU [0%@1984,0%@1984,0%@1984,0%@1984,0%@1420,0%@1420,0%@1420,0%@1420] EMC_FREQ 0% GR3D_FREQ 23% GR3D2_FREQ 23%@0 CV0@55.718C CPU@58.562C SOC2@56.75C SOC0@57.531C CV1@55.625C GPU@56.125C tj@58.937C SOC1@58.937C CV2@55.937C
08-21-2026 19:59:53 RAM 4304/15389MB (lfb 1154x4MB) SWAP 0/7694MB (cached 0MB) CPU [0%@1984,0%@1984,0%@1984,50%@1984,0%@1344,0%@1344,0%@1344,0%@1344] EMC_FREQ 0% GR3D_FREQ 23% GR3D2_FREQ 23%@0 CV0@55.718C CPU@58.625C SOC2@56.781C SOC0@57.687C CV1@55.656C GPU@56.312C tj@59.125C SOC1@59.125C CV2@55.937C
08-21-2026 19:59:53 RAM 4304/15389MB (lfb 1154x4MB) SWAP 0/7694MB (cached 0MB) CPU [0%@960,0%@960,0%@1984,0%@1984,0%@1420,0%@1420,66%@1420,0%@1420] EMC_FREQ 0% GR3D_FREQ 15% GR3D2_FREQ 15%@0 CV0@55.687C CPU@58.531C SOC2@56.812C SOC0@57.718C CV1@55.656C GPU@56.187C tj@59.125C SOC1@59.125C CV2@55.843C
08-21-2026 19:59:53 RAM 4304/15389MB (lfb 1154x4MB) SWAP 0/7694MB (cached 0MB) CPU [0%@1984,0%@1984,0%@1984,0%@1984,0%@1344,0%@1344,0%@1344,0%@1344] EMC_FREQ 0% GR3D_FREQ 7% GR3D2_FREQ 7%@0 CV0@55.687C CPU@58.281C SOC2@56.812C SOC0@57.625C CV1@55.593C GPU@56.5C tj@59.156C SOC1@59.156C CV2@56C
08-21-2026 19:59:53 RAM 4304/15389MB (lfb 1154x4MB) SWAP 0/7694MB (cached 0MB) CPU [0%@1984,0%@1984,0%@1984,50%@1984,0%@1420,0%@1420,0%@1420,0%@1420] EMC_FREQ 0% GR3D_FREQ 22% GR3D2_FREQ 22%@0 CV0@55.625C CPU@58.375C SOC2@56.75C SOC0@57.593C CV1@55.531C GPU@56.218C tj@59.093C SOC1@59.093C CV2@56C
08-21-2026 19:59:53 RAM 4304/15389MB (lfb 1154x4MB) SWAP 0/7694MB (cached 0MB) CPU [0%@1113,0%@1113,0%@1267,50%@1267,0%@1344,0%@1344,50%@1344,0%@1344] EMC_FREQ 0% GR3D_FREQ 22% GR3D2_FREQ 22%@0 CV0@55.687C CPU@58.437C SOC2@56.843C SOC0@57.562C CV1@55.781C GPU@56.437C tj@58.937C SOC1@58.937C CV2@56C
08-21-2026 19:59:53 RAM 4304/15389MB (lfb 1154x4MB) SWAP 0/7694MB (cached 0MB) CPU [0%@1190,0%@1190,0%@1190,0%@1190,0%@1420,0%@1420,0%@1420,0%@1420] EMC_FREQ 0% GR3D_FREQ 0% GR3D2_FREQ 0%@0 CV0@55.656C CPU@58.812C SOC2@56.875C SOC0@57.562C CV1@55.781C GPU@56.156C tj@59.062C SOC1@59.062C CV2@55.906C
08-21-2026 19:59:53 RAM 4304/15389MB (lfb 1154x4MB) SWAP 0/7694MB (cached 0MB) CPU [50%@1267,0%@1267,50%@1267,0%@1267,0%@1190,0%@1190,0%@1190,0%@1190] EMC_FREQ 0% GR3D_FREQ 22% GR3D2_FREQ 22%@0 CV0@55.625C CPU@58.718C SOC2@56.75C SOC0@57.593C CV1@55.656C GPU@56.125C tj@59C SOC1@59C CV2@55.812C
08-21-2026 19:59:53 RAM 4304/15389MB (lfb 1154x4MB) SWAP 0/7694MB (cached 0MB) CPU [100%@1984,0%@1984,0%@1984,0%@1984,0%@1420,0%@1420,100%@1420,50%@1420] EMC_FREQ 0% GR3D_FREQ 22% GR3D2_FREQ 19%@0 CV0@55.656C CPU@58.687C SOC2@56.75C SOC0@57.593C CV1@55.656C GPU@56.281C tj@59.031C SOC1@59.031C CV2@55.875C
08-21-2026 19:59:53 RAM 4304/15389MB (lfb 1154x4MB) SWAP 0/7694MB (cached 0MB) CPU [50%@1113,0%@1113,0%@1113,0%@1113,0%@1267,0%@1267,0%@1267,0%@1267] EMC_FREQ 0% GR3D_FREQ 19% GR3D2_FREQ 19%@0 CV0@55.75C CPU@58.625C SOC2@56.781C SOC0@57.75C CV1@55.562C GPU@56.5C tj@58.906C SOC1@58.906C CV2@55.968C
08-21-2026 19:59:53 RAM 4304/15389MB (lfb 1154x4MB) SWAP 0/7694MB (cached 0MB) CPU [50%@1984,0%@1984,0%@1984,0%@1984,0%@1420,0%@1420,100%@1420,0%@1420] EMC_FREQ 0% GR3D_FREQ 0% GR3D2_FREQ 0%@0 CV0@55.593C CPU@58.406C SOC2@56.75C SOC0@57.75C CV1@55.625C GPU@56.187C tj@59.125C SOC1@58.968C CV2@55.875C
08-21-2026 19:59:53 RAM 4304/15389MB (lfb 1154x4MB) SWAP 0/7694MB (cached 0MB) CPU [50%@960,0%@960,0%@960,33%@960,0%@1420,0%@1420,0%@1420,33%@1420] EMC_FREQ 0% GR3D_FREQ 23% GR3D2_FREQ 23%@0 CV0@55.625C CPU@58.437C SOC2@56.875C SOC0@57.656C CV1@55.593C GPU@56.156C tj@58.937C SOC1@58.937C CV2@55.812C
08-21-2026 19:59:53 RAM 4304/15389MB (lfb 1154x4MB) SWAP 0/7694MB (cached 0MB) CPU [0%@1984,0%@1984,0%@1984,0%@1984,0%@1344,0%@1344,100%@1344,0%@1344] EMC_FREQ 0% GR3D_FREQ 23% GR3D2_FREQ 23%@0 CV0@55.656C CPU@58.343C SOC2@56.843C SOC0@57.625C CV1@55.531C GPU@56.375C tj@59.031C SOC1@59.031C CV2@55.968C
08-21-2026 19:59:53 RAM 4304/15389MB (lfb 1154x4MB) SWAP 0/7694MB (cached 0MB) CPU [50%@1984,0%@1984,0%@1984,0%@1984,50%@1344,0%@1344,50%@1344,0%@1344] EMC_FREQ 0% GR3D_FREQ 6% GR3D2_FREQ 6%@0 CV0@55.531C CPU@58.437C SOC2@56.781C SOC0@57.656C CV1@55.625C GPU@56.093C tj@59.125C SOC1@59.125C CV2@56.031C
08-21-2026 19:59:53 RAM 4304/15389MB (lfb 1154x4MB) SWAP 0/7694MB (cached 0MB) CPU [0%@960,0%@960,33%@960,0%@960,0%@1420,0%@1420,50%@1420,0%@1420] EMC_FREQ 0% GR3D_FREQ 13% GR3D2_FREQ 13%@0 CV0@55.625C CPU@58.343C SOC2@56.875C SOC0@57.625C CV1@55.812C GPU@56.125C tj@59.031C SOC1@59.093C CV2@55.875C
08-21-2026 19:59:53 RAM 4304/15389MB (lfb 1154x4MB) SWAP 0/7694MB (cached 0MB) CPU [0%@1984,0%@1984,0%@1984,0%@1984,0%@1497,0%@1497,0%@1497,0%@1497] EMC_FREQ 0% GR3D_FREQ 23% GR3D2_FREQ 23%@0 CV0@55.812C CPU@58.468C SOC2@56.843C SOC0@57.531C CV1@55.625C GPU@56.281C tj@58.875C SOC1@58.875C CV2@55.968C
08-21-2026 19:59:53 RAM 4304/15389MB (lfb 1154x4MB) SWAP 0/7694MB (cached 0MB) CPU [0%@1984,100%@1984,0%@1984,0%@1984,0%@1420,0%@1420,50%@1420,0%@1420] EMC_FREQ 0% GR3D_FREQ 23% GR3D2_FREQ 23%@0 CV0@55.875C CPU@58.562C SOC2@56.843C SOC0@57.562C CV1@55.656C GPU@56.343C tj@58.843C SOC1@58.843C CV2@56C
08-21-2026 19:59:53 RAM 4304/15389MB (lfb 1154x4MB) SWAP 0/7694MB (cached 0MB) CPU [0%@1984,50%@1984,0%@1984,0%@1984,33%@1420,0%@1420,0%@1420,0%@1420] EMC_FREQ 0% GR3D_FREQ 0% GR3D2_FREQ 0%@0 CV0@55.718C CPU@58.468C SOC2@56.875C SOC0@57.531C CV1@55.656C GPU@56.187C tj@59C SOC1@59C CV2@55.843C
08-21-2026 19:59:53 RAM 4304/15389MB (lfb 1154x4MB) SWAP 0/7694MB (cached 0MB) CPU [0%@1984,0%@1984,0%@1984,50%@1984,0%@1267,0%@1267,50%@1267,0%@1267] EMC_FREQ 0% GR3D_FREQ 22% GR3D2_FREQ 22%@0 CV0@55.75C CPU@58.437C SOC2@56.781C SOC0@57.625C CV1@55.562C GPU@56.406C tj@59.25C SOC1@59.25C CV2@55.937C
08-21-2026 19:59:53 RAM 4304/15389MB (lfb 1154x4MB) SWAP 0/7694MB (cached 0MB) CPU [0%@806,0%@806,0%@806,0%@806,0%@1420,0%@1420,100%@1420,0%@1420] EMC_FREQ 0% GR3D_FREQ 22% GR3D2_FREQ 22%@0 CV0@55.75C CPU@58.312C SOC2@56.812C SOC0@57.625C CV1@55.625C GPU@56.25C tj@59.093C SOC1@59.093C CV2@55.812C
08-21-2026 19:59:53 RAM 4304/15389MB (lfb 1154x4MB) SWAP 0/7694MB (cached 0MB) CPU [0%@1984,0%@1984,0%@1984,0%@1984,0%@1420,0%@1420,0%@1420,0%@1420] EMC_FREQ 0% GR3D_FREQ 22% GR3D2_FREQ 22%@0 CV0@55.718C CPU@58.531C SOC2@56.625C SOC0@57.656C CV1@55.562C GPU@56.093C tj@59.125C SOC1@59.125C CV2@55.906C
08-21-2026 19:59:53 RAM 4304/15389MB (lfb 1154x4MB) SWAP 0/7694MB (cached 0MB) CPU [0%@1036,100%@1036,0%@1036,0%@1036,0%@1344,0%@1344,0%@1344,33%@1344] EMC_FREQ 0% GR3D_FREQ 0% GR3D2_FREQ 0%@0 CV0@55.687C CPU@58.343C SOC2@56.718C SOC0@57.593C CV1@55.531C GPU@56.187C tj@59.125C SOC1@59.125C CV2@55.968C
08-21-2026 19:59:53 RAM 4304/15389MB (lfb 1154x4MB) SWAP 0/7694MB (cached 0MB) CPU [0%@883,50%@883,0%@883,0%@883,0%@1344,0%@1344,50%@1344,0%@1344] EMC_FREQ 0% GR3D_FREQ 22% GR3D2_FREQ 22%@0 CV0@55.625C CPU@58.437C SOC2@56.875C SOC0@57.562C CV1@55.593C GPU@56.187C tj@59.093C SOC1@59.093C CV2@56C
08-21-2026 19:59:53 RAM 4304/15389MB (lfb 1154x4MB) SWAP 0/7694MB (cached 0MB) CPU [66%@1113,0%@1113,0%@1113,33%@1113,0%@1344,0%@1344,50%@1344,0%@1344] EMC_FREQ 0% GR3D_FREQ 22% GR3D2_FREQ 0%@0 CV0@55.562C CPU@58.375C SOC2@56.843C SOC0@57.562C CV1@55.593C GPU@56.406C tj@59C SOC1@59.062C CV2@55.968C
08-21-2026 19:59:53 RAM 4304/15389MB (lfb 1154x4MB) SWAP 0/7694MB (cached 0MB) CPU [0%@883,50%@883,0%@883,50%@883,0%@1344,0%@1344,0%@1344,0%@1344] EMC_FREQ 0% GR3D_FREQ 0% GR3D2_FREQ 0%@0 CV0@55.625C CPU@58.375C SOC2@56.781C SOC0@57.562C CV1@55.781C GPU@56.156C tj@59.062C SOC1@59.062C CV2@55.937C
08-21-2026 19:59:53 RAM 4304/15389MB (lfb 1154x4MB) SWAP 0/7694MB (cached 0MB) CPU [0%@1984,0%@1984,0%@1984,0%@1984,0%@1984,0%@1984,100%@1984,0%@1984] EMC_FREQ 0% GR3D_FREQ 23% GR3D2_FREQ 23%@0 CV0@55.812C CPU@58.343C SOC2@56.968C SOC0@57.593C CV1@55.656C GPU@56.156C tj@59C SOC1@59C CV2@55.937C
08-21-2026 19:59:53 RAM 4304/15389MB (lfb 1154x4MB) SWAP 0/7694MB (cached 0MB) CPU [50%@1984,0%@1984,0%@1984,0%@1984,0%@1497,0%@1497,0%@1497,0%@1497] EMC_FREQ 0% GR3D_FREQ 20% GR3D2_FREQ 20%@0 CV0@55.781C CPU@58.5C SOC2@56.812C SOC0@57.562C CV1@55.75C GPU@56.281C tj@58.968C SOC1@58.968C CV2@55.937C
08-21-2026 19:59:53 RAM 4304/15389MB (lfb 1154x4MB) SWAP 0/7694MB (cached 0MB) CPU [0%@1984,0%@1984,0%@1984,0%@1984,0%@1497,0%@1497,100%@1497,0%@1497] EMC_FREQ 0% GR3D_FREQ 20% GR3D2_FREQ 20%@0 CV0@55.718C CPU@58.343C SOC2@56.843C SOC0@57.75C CV1@55.625C GPU@56.531C tj@59.062C SOC1@59.062C CV2@55.906C
08-21-2026 19:59:53 RAM 4304/15389MB (lfb 1154x4MB) SWAP 0/7694MB (cached 0MB) CPU [50%@1036,0%@1036,0%@1036,0%@1036,0%@1574,0%@1574,0%@1574,0%@1574] EMC_FREQ 0% GR3D_FREQ 1% GR3D2_FREQ 1%@0 CV0@55.718C CPU@58.406C SOC2@56.718C SOC0@57.75C CV1@55.687C GPU@56.125C tj@59.093C SOC1@59.093C CV2@55.812C
08-21-2026 19:59:53 RAM 4304/15389MB (lfb 1154x4MB) SWAP 0/7694MB (cached 0MB) CPU [0%@1113,0%@1113,0%@1984,0%@1984,0%@1344,0%@1344,50%@1344,0%@1344] EMC_FREQ 0% GR3D_FREQ 18% GR3D2_FREQ 18%@0 CV0@55.718C CPU@58.468C SOC2@56.781C SOC0@57.687C CV1@55.625C GPU@56.375C tj@59.156C SOC1@59.156C CV2@56.031C
08-21-2026 19:59:53 RAM 4304/15389MB (lfb 1154x4MB) SWAP 0/7694MB (cached 0MB) CPU [0%@1984,0%@1984,0%@1984,0%@1984,0%@1497,0%@1497,0%@1497,0%@1497] EMC_FREQ 0% GR3D_FREQ 20% GR3D2_FREQ 20%@0 CV0@55.593C CPU@58.531C SOC2@56.75C SOC0@57.687C CV1@55.593C GPU@56.218C tj@59.062C SOC1@59.062C CV2@56C
08-21-2026 19:59:53 RAM 4304/15389MB (lfb 1154x4MB) SWAP 0/7694MB (cached 0MB) CPU [100%@1984,0%@1984,0%@1984,0%@1984,0%@1420,0%@1420,50%@1420,0%@1420] EMC_FREQ 0% GR3D_FREQ 20% GR3D2_FREQ 20%@0 CV0@55.625C CPU@58.562C SOC2@56.843C SOC0@57.468C CV1@55.718C GPU@56.156C tj@59.125C SOC1@59.125C CV2@56C
08-21-2026 19:59:53 RAM 4304/15389MB (lfb 1154x4MB) SWAP 0/7694MB (cached 0MB) CPU [0%@1113,0%@1113,0%@1113,0%@1113,0%@1420,0%@1420,50%@1420,0%@1420] EMC_FREQ 0% GR3D_FREQ 0% GR3D2_FREQ 0%@0 CV0@55.875C CPU@58.656C SOC2@56.906C SOC0@57.5C CV1@55.718C GPU@56.312C tj@59.031C SOC1@59.031C CV2@55.875C
08-21-2026 19:59:53 RAM 4304/15389MB (lfb 1154x4MB) SWAP 0/7694MB (cached 0MB) CPU [50%@1984,0%@1984,0%@1984,0%@1984,50%@1497,0%@1497,0%@1497,0%@1497] EMC_FREQ 0% GR3D_FREQ 22% GR3D2_FREQ 22%@0 CV0@55.75C CPU@58.625C SOC2@56.843C SOC0@57.5C CV1@55.593C GPU@56.156C tj@58.937C SOC1@58.937C CV2@55.875C
08-21-2026 19:59:53 RAM 4304/15389MB (lfb 1154x4MB) SWAP 0/7694MB (cached 0MB) CPU [50%@960,0%@960,0%@960,0%@960,0%@1420,0%@1420,100%@1420,0%@1420] EMC_FREQ 0% GR3D_FREQ 22% GR3D2_FREQ 22%@0 CV0@55.75C CPU@58.593C SOC2@56.843C SOC0@57.593C CV1@55.625C GPU@56.187C tj@59.093C SOC1@59.093C CV2@55.875C
08-21-2026 19:59:53 RAM 4304/15389MB (lfb 1154x4MB) SWAP 0/7694MB (cached 0MB) CPU [0%@1984,0%@1984,0%@1984,50%@1984,0%@1344,0%@1344,50%@1344,0%@1344] EMC_FREQ 0% GR3D_FREQ 7% GR3D2_FREQ 7%@0 CV0@55.687C CPU@58.531C SOC2@56.781C SOC0@57.718C CV1@55.718C GPU@56.187C tj@59.187C SOC1@59.187C CV2@55.843C
08-21-2026 19:59:53 RAM 4304/15389MB (lfb 1154x4MB) SWAP 0/7694MB (cached 0MB) CPU [0%@806,50%@806,50%@806,0%@806,0%@1344,0%@1344,0%@1344,0%@1344] EMC_FREQ 0% GR3D_FREQ 15% GR3D2_FREQ 15%@0 CV0@55.687C CPU@58.468C SOC2@56.843C SOC0@57.75C CV1@55.562C GPU@56.343C tj@59.187C SOC1@59.187C CV2@55.875C
08-21-2026 19:59:53 RAM 4304/15389MB (lfb 1154x4MB) SWAP 0/7694MB (cached 0MB) CPU [50%@806,0%@806,0%@806,0%@806,0%@1420,0%@1420,50%@1420,0%@1420] EMC_FREQ 0% GR3D_FREQ 19% GR3D2_FREQ 19%@0 CV0@55.625C CPU@58.437C SOC2@56.906C SOC0@57.593C CV1@55.562C GPU@56.093C tj@59.156C SOC1@59.156C CV2@55.906C
08-21-2026 19:59:53 RAM 4304/15389MB (lfb 1154x4MB) SWAP 0/7694MB (cached 0MB) CPU [50%@1984,50%@1984,0%@1984,0%@1984,0%@1344,0%@1344,0%@1344,50%@1344] EMC_FREQ 0% GR3D_FREQ 19% GR3D2_FREQ 19%@0 CV0@55.625C CPU@58.781C SOC2@56.718C SOC0@57.625C CV1@55.656C GPU@56.281C tj@59.031C SOC1@59.125C CV2@55.968C
08-21-2026 19:59:53 RAM 4304/15389MB (lfb 1154x4MB) SWAP 0/7694MB (cached 0MB) CPU [0%@1984,100%@1984,0%@1984,0%@1984,0%@1420,0%@1420,50%@1420,0%@1420] EMC_FREQ 0% GR3D_FREQ 0% GR3D2_FREQ 0%@0 CV0@55.687C CPU@58.687C SOC2@56.906C SOC0@57.468C CV1@55.656C GPU@56.187C tj@59.062C SOC1@59.062C CV2@55.937C
08-21-2026 19:59:53 RAM 4304/15389MB (lfb 1154x4MB) SWAP 0/7694MB (cached 0MB) CPU [0%@1984,50%@1984,0%@1984,0%@1984,0%@1190,0%@1190,100%@1190,0%@1190] EMC_FREQ 0% GR3D_FREQ 23% GR3D2_FREQ 23%@0 CV0@55.593C CPU@58.718C SOC2@56.812C SOC0@57.593C CV1@55.781C GPU@56.468C tj@59.062C SOC1@59.062C CV2@56C
08-21-2026 19:59:53 RAM 4304/15389MB (lfb 1154x4MB) SWAP 0/7694MB (cached 0MB) CPU [0%@729,0%@729,0%@729,0%@729,0%@1420,0%@1420,0%@1420,0%@1420] EMC_FREQ 0% GR3D_FREQ 22% GR3D2_FREQ 22%@0 CV0@55.531C CPU@58.625C SOC2@56.812C SOC0@57.562C CV1@55.75C GPU@56.375C tj@58.937C SOC1@58.937C CV2@56.031C
08-21-2026 19:59:53 RAM 4304/15389MB (lfb 1154x4MB) SWAP 0/7694MB (cached 0MB) CPU [0%@883,50%@883,0%@883,0%@883,0%@1190,0%@1190,50%@1190,0%@1190] EMC_FREQ 0% GR3D_FREQ 22% GR3D2_FREQ 22%@0 CV0@55.656C CPU@58.562C SOC2@56.781C SOC0@57.562C CV1@55.812C GPU@56.218C tj@59C SOC1@59C CV2@55.937C
08-21-2026 19:59:53 RAM 4304/15389MB (lfb 1154x4MB) SWAP 0/7694MB (cached 0MB) CPU [0%@1984,0%@1984,0%@1984,0%@1984,0%@1420,0%@1420,0%@1420,0%@1420] EMC_FREQ 0% GR3D_FREQ 0% GR3D2_FREQ 0%@0 CV0@55.687C CPU@58.625C SOC2@56.875C SOC0@57.562C CV1@55.687C GPU@56.312C tj@59.031C SOC1@59.031C CV2@55.906C
08-21-2026 19:59:53 RAM 4304/15389MB (lfb 1154x4MB) SWAP 0/7694MB (cached 0MB) CPU [0%@883,50%@883,0%@883,50%@883,0%@1190,0%@1190,0%@1190,50%@1190] EMC_FREQ 0% GR3D_FREQ 23% GR3D2_FREQ 23%@0 CV0@55.812C CPU@58.562C SOC2@56.812C SOC0@57.625C CV1@55.562C GPU@56.281C tj@58.968C SOC1@58.968C CV2@55.906C
08-21-2026 19:59:54 RAM 4304/15389MB (lfb 1154x4MB) SWAP 0/7694MB (cached 0MB) CPU [0%@806,0%@806,0%@806,0%@806,0%@1420,0%@1420,50%@1420,0%@1420] EMC_FREQ 0% GR3D_FREQ 4% GR3D2_FREQ 4%@0 CV0@55.625C CPU@58.437C SOC2@56.781C SOC0@57.718C CV1@55.718C GPU@56.5C tj@59C SOC1@59C CV2@55.875C
08-21-2026 19:59:54 RAM 4304/15389MB (lfb 1154x4MB) SWAP 0/7694MB (cached 0MB) CPU [0%@960,0%@960,50%@960,0%@960,0%@1267,0%@1267,0%@1267,0%@1267] EMC_FREQ 0% GR3D_FREQ 4% GR3D2_FREQ 4%@0 CV0@55.75C CPU@58.437C SOC2@56.75C SOC0@57.593C CV1@55.593C GPU@56.187C tj@59.093C SOC1@59.093C CV2@55.937C
08-21-2026 19:59:54 RAM 4304/15389MB (lfb 1154x4MB) SWAP 0/7694MB (cached 0MB) CPU [0%@806,50%@806,0%@806,0%@806,0%@1267,0%@1267,100%@1267,0%@1267] EMC_FREQ 0% GR3D_FREQ 18% GR3D2_FREQ 18%@0 CV0@55.562C CPU@58.437C SOC2@56.687C SOC0@57.625C CV1@55.593C GPU@56.437C tj@59.093C SOC1@59.093C CV2@55.812C
08-21-2026 19:59:54 RAM 4304/15389MB (lfb 1154x4MB) SWAP 0/7694MB (cached 0MB) CPU [0%@1036,0%@1036,50%@1036,0%@1036,0%@1420,0%@1420,50%@1420,0%@1420] EMC_FREQ 0% GR3D_FREQ 22% GR3D2_FREQ 22%@0 CV0@55.593C CPU@58.75C SOC2@56.781C SOC0@57.656C CV1@55.625C GPU@56.312C tj@59.156C SOC1@59.156C CV2@55.937C
08-21-2026 19:59:54 RAM 4304/15389MB (lfb 1154x4MB) SWAP 0/7694MB (cached 0MB) CPU [0%@1984,0%@1984,0%@1984,50%@1984,0%@1267,0%@1267,0%@1267,50%@1267] EMC_FREQ 0% GR3D_FREQ 0% GR3D2_FREQ 0%@0 CV0@55.687C CPU@58.718C SOC2@56.812C SOC0@57.531C CV1@55.593C GPU@56.093C tj@59.031C SOC1@59.031C CV2@56C
08-21-2026 19:59:54 RAM 4304/15389MB (lfb 1154x4MB) SWAP 0/7694MB (cached 0MB) CPU [0%@806,0%@806,50%@1984,0%@1984,0%@1420,0%@1420,100%@1420,0%@1420] EMC_FREQ 0% GR3D_FREQ 0% GR3D2_FREQ 0%@0 CV0@55.562C CPU@58.687C SOC2@56.906C SOC0@57.656C CV1@55.625C GPU@56.343C tj@58.937C SOC1@58.937C CV2@55.843C
08-21-2026 19:59:54 RAM 4304/15389MB (lfb 1154x4MB) SWAP 0/7694MB (cached 0MB) CPU [50%@806,0%@806,100%@806,0%@806,0%@1267,0%@1267,0%@1267,0%@1267] EMC_FREQ 0% GR3D_FREQ 22% GR3D2_FREQ 22%@0 CV0@55.625C CPU@58.656C SOC2@56.781C SOC0@57.656C CV1@55.718C GPU@56.218C tj@59.031C SOC1@59.031C CV2@56.031C
08-21-2026 19:59:54 RAM 4304/15389MB (lfb 1154x4MB) SWAP 0/7694MB (cached 0MB) CPU [0%@883,0%@883,0%@883,0%@883,66%@1344,0%@1344,100%@1344,0%@1344] EMC_FREQ 0% GR3D_FREQ 4% GR3D2_FREQ 4%@0 CV0@55.625C CPU@58.687C SOC2@56.718C SOC0@57.468C CV1@55.718C GPU@56.437C tj@59C SOC1@59C CV2@55.937C
08-21-2026 19:59:54 RAM 4304/15389MB (lfb 1154x4MB) SWAP 0/7694MB (cached 0MB) CPU [0%@1984,0%@1984,0%@1984,0%@1984,0%@1267,0%@1267,0%@1267,0%@1267] EMC_FREQ 0% GR3D_FREQ 18% GR3D2_FREQ 18%@0 CV0@55.718C CPU@58.656C SOC2@56.781C SOC0@57.562C CV1@55.593C GPU@56.093C tj@59C SOC1@59C CV2@55.968C
08-21-2026 19:59:54 RAM 4304/15389MB (lfb 1154x4MB) SWAP 0/7694MB (cached 0MB) CPU [0%@960,0%@960,50%@960,0%@960,0%@1344,50%@1344,50%@1344,50%@1344] EMC_FREQ 0% GR3D_FREQ 18% GR3D2_FREQ 18%@0 CV0@55.718C CPU@58.625C SOC2@56.75C SOC0@57.656C CV1@55.593C GPU@56.312C tj@59.125C SOC1@59.125C CV2@55.906C
08-21-2026 19:59:54 RAM 4304/15389MB (lfb 1154x4MB) SWAP 0/7694MB (cached 0MB) CPU [0%@883,0%@883,50%@883,0%@883,0%@1344,0%@1344,50%@1344,0%@1344] EMC_FREQ 0% GR3D_FREQ 24% GR3D2_FREQ 24%@0 CV0@55.656C CPU@58.468C SOC2@56.843C SOC0@57.625C CV1@55.593C GPU@56.281C tj@59.156C SOC1@59.156C CV2@55.812C
08-21-2026 19:59:54 RAM 4304/15389MB (lfb 1154x4MB) SWAP 0/7694MB (cached 0MB) CPU [0%@960,0%@960,50%@960,0%@960,0%@1344,0%@1344,100%@1344,0%@1344] EMC_FREQ 0% GR3D_FREQ 0% GR3D2_FREQ 0%@0 CV0@55.687C CPU@58.468C SOC2@56.718C SOC0@57.656C CV1@55.656C GPU@56.125C tj@59.156C SOC1@59.156C CV2@56.093C
08-21-2026 19:59:54 RAM 4304/15389MB (lfb 1154x4MB) SWAP 0/7694MB (cached 0MB) CPU [0%@1984,0%@1984,0%@1984,0%@1984,0%@1344,0%@1344,0%@1344,0%@1344] EMC_FREQ 0% GR3D_FREQ 0% GR3D2_FREQ 0%@0 CV0@55.625C CPU@58.375C SOC2@56.812C SOC0@57.656C CV1@55.593C GPU@56.25C tj@59.062C SOC1@59.062C CV2@56C
08-21-2026 19:59:54 RAM 4305/15389MB (lfb 1154x4MB) SWAP 0/7694MB (cached 0MB) CPU [50%@1984,0%@1984,0%@1984,0%@1984,0%@1344,0%@1344,50%@1344,0%@1344] EMC_FREQ 0% GR3D_FREQ 22% GR3D2_FREQ 22%@0 CV0@55.625C CPU@58.281C SOC2@56.843C SOC0@57.562C CV1@55.687C GPU@56.5C tj@58.937C SOC1@58.937C CV2@56.031C
08-21-2026 19:59:54 RAM 4305/15389MB (lfb 1154x4MB) SWAP 0/7694MB (cached 0MB) CPU [0%@729,0%@729,0%@729,0%@729,0%@1420,0%@1420,100%@1420,0%@1420] EMC_FREQ 0% GR3D_FREQ 17% GR3D2_FREQ 17%@0 CV0@55.531C CPU@58.75C SOC2@56.875C SOC0@57.687C CV1@55.812C GPU@56.375C tj@59C SOC1@59C CV2@55.937C
08-21-2026 19:59:54 RAM 4305/15389MB (lfb 1154x4MB) SWAP 0/7694MB (cached 0MB) CPU [0%@1984,0%@1984,0%@1984,0%@1984,0%@1420,0%@1420,0%@1420,0%@1420] EMC_FREQ 0% GR3D_FREQ 2% GR3D2_FREQ 2%@0 CV0@55.75C CPU@58.687C SOC2@56.718C SOC0@57.531C CV1@55.625C GPU@56.093C tj@58.906C SOC1@58.906C CV2@55.937C
08-21-2026 19:59:54 RAM 4305/15389MB (lfb 1154x4MB) SWAP 0/7694MB (cached 0MB) CPU [0%@1984,50%@1984,100%@1984,0%@1984,50%@1420,0%@1420,100%@1420,0%@1420] EMC_FREQ 0% GR3D_FREQ 2% GR3D2_FREQ 2%@0 CV0@55.75C CPU@58.75C SOC2@56.843C SOC0@57.5C CV1@55.656C GPU@56.281C tj@59C SOC1@59C CV2@55.937C
08-21-2026 19:59:54 RAM 4305/15389MB (lfb 1154x4MB) SWAP 0/7694MB (cached 0MB) CPU [0%@1984,0%@1984,0%@1984,0%@1984,0%@1420,0%@1420,0%@1420,0%@1420] EMC_FREQ 0% GR3D_FREQ 23% GR3D2_FREQ 23%@0 CV0@55.687C CPU@58.468C SOC2@56.687C SOC0@57.656C CV1@55.593C GPU@56.187C tj@59.156C SOC1@59.156C CV2@55.906C
08-21-2026 19:59:54 RAM 4305/15389MB (lfb 1154x4MB) SWAP 0/7694MB (cached 0MB) CPU [0%@729,0%@729,0%@729,0%@729,0%@1344,0%@1344,66%@1344,0%@1344] EMC_FREQ 0% GR3D_FREQ 4% GR3D2_FREQ 4%@0 CV0@55.656C CPU@58.468C SOC2@56.718C SOC0@57.687C CV1@55.625C GPU@56.187C tj@59.093C SOC1@59.093C CV2@55.812C
08-21-2026 19:59:54 RAM 4305/15389MB (lfb 1154x4MB) SWAP 0/7694MB (cached 0MB) CPU [0%@1984,0%@1984,50%@1984,0%@1984,0%@1267,0%@1267,0%@1267,0%@1267] EMC_FREQ 0% GR3D_FREQ 4% GR3D2_FREQ 18%@0 CV0@55.656C CPU@58.437C SOC2@56.781C SOC0@57.656C CV1@55.718C GPU@56.25C tj@59.156C SOC1@59.156C CV2@55.75C
08-21-2026 19:59:54 RAM 4305/15389MB (lfb 1154x4MB) SWAP 0/7694MB (cached 0MB) CPU [0%@806,0%@806,0%@806,0%@1984,0%@1344,0%@1344,100%@1344,50%@1344] EMC_FREQ 0% GR3D_FREQ 18% GR3D2_FREQ 18%@0 CV0@55.562C CPU@58.406C SOC2@56.718C SOC0@57.656C CV1@55.593C GPU@56.375C tj@59.062C SOC1@59.062C CV2@56C
08-21-2026 19:59:54 RAM 4305/15389MB (lfb 1154x4MB) SWAP 0/7694MB (cached 0MB) CPU [50%@883,0%@883,50%@883,0%@883,0%@1344,0%@1344,0%@1344,0%@1344] EMC_FREQ 0% GR3D_FREQ 20% GR3D2_FREQ 20%@0 CV0@55.593C CPU@58.468C SOC2@56.843C SOC0@57.625C CV1@55.781C GPU@56.125C tj@59C SOC1@59C CV2@56C
08-21-2026 19:59:54 RAM 4305/15389MB (lfb 1154x4MB) SWAP 0/7694MB (cached 0MB) CPU [0%@1036,0%@1036,0%@1036,0%@1036,0%@1267,50%@1267,0%@1267,0%@1267] EMC_FREQ 0% GR3D_FREQ 0% GR3D2_FREQ 0%@0 CV0@55.593C CPU@58.343C SOC2@56.812C SOC0@57.531C CV1@55.718C GPU@56.281C tj@59.031C SOC1@59.031C CV2@55.843C
08-21-2026 19:59:54 RAM 4305/15389MB (lfb 1154x4MB) SWAP 0/7694MB (cached 0MB) CPU [0%@960,0%@960,100%@960,0%@960,0%@1420,0%@1420,100%@1420,0%@1420] EMC_FREQ 0% GR3D_FREQ 0% GR3D2_FREQ 0%@0 CV0@55.656C CPU@58.343C SOC2@56.875C SOC0@57.562C CV1@55.812C GPU@56.125C tj@59.031C SOC1@59.031C CV2@55.937C
08-21-2026 19:59:54 RAM 4305/15389MB (lfb 1154x4MB) SWAP 0/7694MB (cached 0MB) CPU [0%@1984,0%@1984,50%@1984,0%@1984,0%@1190,0%@1190,50%@1190,0%@1190] EMC_FREQ 0% GR3D_FREQ 22% GR3D2_FREQ 22%@0 CV0@55.75C CPU@58.468C SOC2@56.781C SOC0@57.562C CV1@55.718C GPU@56C tj@59.062C SOC1@58.937C CV2@55.906C
08-21-2026 19:59:54 RAM 4305/15389MB (lfb 1154x4MB) SWAP 0/7694MB (cached 0MB) CPU [0%@1984,0%@1984,0%@1984,0%@1984,0%@1420,0%@1420,0%@1420,0%@1420] EMC_FREQ 0% GR3D_FREQ 13% GR3D2_FREQ 13%@0 CV0@55.718C CPU@58.468C SOC2@56.656C SOC0@57.718C CV1@55.562C GPU@56.187C tj@59.218C SOC1@59.218C CV2@55.937C
08-21-2026 19:59:54 RAM 4305/15389MB (lfb 1154x4MB) SWAP 0/7694MB (cached 0MB) CPU [0%@1984,0%@1984,0%@1984,0%@1984,0%@1420,0%@1420,0%@1420,0%@1420] EMC_FREQ 0% GR3D_FREQ 9% GR3D2_FREQ 9%@0 CV0@55.593C CPU@58.437C SOC2@56.781C SOC0@57.687C CV1@55.625C GPU@56.343C tj@59.062C SOC1@59.062C CV2@55.75C
08-21-2026 19:59:54 RAM 4305/15389MB (lfb 1154x4MB) SWAP 0/7694MB (cached 0MB) CPU [0%@1984,0%@1984,0%@1984,0%@1984,0%@1420,0%@1420,66%@1420,0%@1420] EMC_FREQ 0% GR3D_FREQ 9% GR3D2_FREQ 9%@0 CV0@55.656C CPU@58.343C SOC2@56.812C SOC0@57.656C CV1@55.531C GPU@56.312C tj@59C SOC1@59C CV2@55.843C
08-21-2026 19:59:54 RAM 4305/15389MB (lfb 1154x4MB) SWAP 0/7694MB (cached 0MB) CPU [0%@806,0%@806,100%@806,0%@806,0%@1420,0%@1420,0%@1420,0%@1420] EMC_FREQ 0% GR3D_FREQ 22% GR3D2_FREQ 22%@0 CV0@55.625C CPU@58.375C SOC2@56.687C SOC0@57.593C CV1@55.625C GPU@56.187C tj@59.125C SOC1@59.125C CV2@56.031C
08-21-2026 19:59:54 RAM 4305/15389MB (lfb 1154x4MB) SWAP 0/7694MB (cached 0MB) CPU [0%@883,0%@883,0%@883,50%@883,0%@1420,0%@1420,100%@1420,0%@1420] EMC_FREQ 0% GR3D_FREQ 0% GR3D2_FREQ 0%@0 CV0@55.531C CPU@58.375C SOC2@56.937C SOC0@57.656C CV1@55.687C GPU@56.281C tj@59.093C SOC1@59.093C CV2@56C
08-21-2026 19:59:54 RAM 4305/15389MB (lfb 1154x4MB) SWAP 0/7694MB (cached 0MB) CPU [0%@1984,0%@1984,100%@1984,0%@1984,0%@1267,33%@1267,50%@1267,0%@1267] EMC_FREQ 0% GR3D_FREQ 0% GR3D2_FREQ 0%@0 CV0@55.625C CPU@58.5C SOC2@56.843C SOC0@57.593C CV1@55.781C GPU@56.093C tj@59.093C SOC1@59.093C CV2@55.875C
08-21-2026 19:59:54 RAM 4305/15389MB (lfb 1154x4MB) SWAP 0/7694MB (cached 0MB) CPU [0%@883,0%@883,0%@883,0%@883,0%@1267,0%@1267,0%@1267,0%@1267] EMC_FREQ 0% GR3D_FREQ 22% GR3D2_FREQ 22%@0 CV0@55.531C CPU@58.5C SOC2@56.812C SOC0@57.687C CV1@55.718C GPU@56.5C tj@58.937C SOC1@58.937C CV2@55.906C
08-21-2026 19:59:54 RAM 4305/15389MB (lfb 1154x4MB) SWAP 0/7694MB (cached 0MB) CPU [0%@883,0%@883,50%@883,0%@883,0%@1267,0%@1267,0%@1267,0%@1267] EMC_FREQ 0% GR3D_FREQ 22% GR3D2_FREQ 22%@0 CV0@55.781C CPU@58.406C SOC2@56.625C SOC0@57.562C CV1@55.718C GPU@56.187C tj@58.968C SOC1@58.968C CV2@56C
08-21-2026 19:59:54 RAM 4305/15389MB (lfb 1154x4MB) SWAP 0/7694MB (cached 0MB) CPU [0%@806,0%@806,0%@806,0%@806,0%@1344,0%@1344,50%@1344,0%@1344] EMC_FREQ 0% GR3D_FREQ 0% GR3D2_FREQ 0%@0 CV0@55.687C CPU@58.468C SOC2@56.718C SOC0@57.437C CV1@55.593C GPU@56.312C tj@59.062C SOC1@59.062C CV2@55.937C
08-21-2026 19:59:54 RAM 4305/15389MB (lfb 1154x4MB) SWAP 0/7694MB (cached 0MB) CPU [0%@883,0%@883,50%@883,0%@883,0%@1420,0%@1420,50%@1420,0%@1420] EMC_FREQ 0% GR3D_FREQ 0% GR3D2_FREQ 0%@0 CV0@55.593C CPU@58.531C SOC2@56.718C SOC0@57.75C CV1@55.656C GPU@56.125C tj@59.093C SOC1@59.093C CV2@55.843C
08-21-2026 19:59:54 RAM 4305/15389MB (lfb 1154x4MB) SWAP 0/7694MB (cached 0MB) CPU [50%@1036,0%@1036,0%@1036,0%@1036,0%@1344,0%@1344,0%@1344,0%@1344] EMC_FREQ 0% GR3D_FREQ 22% GR3D2_FREQ 22%@0 CV0@55.531C CPU@58.468C SOC2@56.687C SOC0@57.687C CV1@55.562C GPU@56.093C tj@59.062C SOC1@59.062C CV2@55.75C
08-21-2026 19:59:54 RAM 4305/15389MB (lfb 1154x4MB) SWAP 0/7694MB (cached 0MB) CPU [0%@883,0%@883,0%@883,0%@883,0%@1344,33%@1344,100%@1344,0%@1344] EMC_FREQ 0% GR3D_FREQ 6% GR3D2_FREQ 6%@0 CV0@55.593C CPU@58.5C SOC2@56.75C SOC0@57.625C CV1@55.593C GPU@56.187C tj@59.187C SOC1@59.187C CV2@56C
08-21-2026 19:59:54 RAM 4305/15389MB (lfb 1154x4MB) SWAP 0/7694MB (cached 0MB) CPU [50%@729,0%@729,50%@729,0%@729,0%@1420,0%@1420,0%@1420,0%@1344] EMC_FREQ 0% GR3D_FREQ 16% GR3D2_FREQ 16%@0 CV0@55.593C CPU@58.5C SOC2@56.718C SOC0@57.656C CV1@55.593C GPU@56.406C tj@58.968C SOC1@58.968C CV2@55.968C
08-21-2026 19:59:54 RAM 4305/15389MB (lfb 1154x4MB) SWAP 0/7694MB (cached 0MB) CPU [50%@1984,0%@1984,0%@1984,50%@1984,0%@1420,0%@1420,0%@1420,0%@1420] EMC_FREQ 0% GR3D_FREQ 16% GR3D2_FREQ 16%@0 CV0@55.625C CPU@58.406C SOC2@56.812C SOC0@57.562C CV1@55.593C GPU@56.281C tj@59.093C SOC1@59.093C CV2@56C
08-21-2026 19:59:54 RAM 4305/15389MB (lfb 1154x4MB) SWAP 0/7694MB (cached 0MB) CPU [0%@883,0%@883,100%@883,0%@883,0%@1267,0%@1267,0%@1267,0%@1267] EMC_FREQ 0% GR3D_FREQ 22% GR3D2_FREQ 22%@0 CV0@55.562C CPU@58.593C SOC2@56.812C SOC0@57.625C CV1@55.781C GPU@56.156C tj@59.093C SOC1@59.093C CV2@55.937C
08-21-2026 19:59:54 RAM 4305/15389MB (lfb 1154x4MB) SWAP 0/7694MB (cached 0MB) CPU [0%@883,0%@883,50%@883,0%@883,0%@1420,0%@1420,50%@1420,0%@1497] EMC_FREQ 0% GR3D_FREQ 0% GR3D2_FREQ 0%@0 CV0@55.625C CPU@58.687C SOC2@56.843C SOC0@57.562C CV1@55.75C GPU@56.343C tj@59.031C SOC1@59.031C CV2@55.875C
08-21-2026 19:59:54 RAM 4305/15389MB (lfb 1154x4MB) SWAP 0/7694MB (cached 0MB) CPU [0%@1984,50%@1984,0%@1984,0%@1984,0%@1267,0%@1267,0%@1267,0%@1267] EMC_FREQ 0% GR3D_FREQ 19% GR3D2_FREQ 19%@0 CV0@55.531C CPU@58.625C SOC2@56.812C SOC0@57.625C CV1@55.781C GPU@56.25C tj@59C SOC1@59C CV2@55.906C
08-21-2026 19:59:54 RAM 4305/15389MB (lfb 1154x4MB) SWAP 0/7694MB (cached 0MB) CPU [0%@1984,50%@1984,0%@1984,0%@1984,0%@1420,0%@1420,100%@1420,0%@1420] EMC_FREQ 0% GR3D_FREQ 19% GR3D2_FREQ 19%@0 CV0@55.656C CPU@58.5C SOC2@56.812C SOC0@57.562C CV1@55.656C GPU@56.062C tj@58.937C SOC1@58.937C CV2@55.906C
08-21-2026 19:59:54 RAM 4305/15389MB (lfb 1154x4MB) SWAP 0/7694MB (cached 0MB) CPU [0%@1984,0%@1984,0%@1984,0%@1984,0%@1420,0%@1420,0%@1420,50%@1420] EMC_FREQ 0% GR3D_FREQ 22% GR3D2_FREQ 22%@0 CV0@55.687C CPU@58.468C SOC2@56.812C SOC0@57.625C CV1@55.687C GPU@56.187C tj@59.156C SOC1@59.156C CV2@55.875C
08-21-2026 19:59:54 RAM 4305/15389MB (lfb 1154x4MB) SWAP 0/7694MB (cached 0MB) CPU [0%@1984,0%@1984,100%@1984,0%@1984,0%@1344,50%@1344,0%@1344,0%@1344] EMC_FREQ 0% GR3D_FREQ 0% GR3D2_FREQ 0%@0 CV0@55.625C CPU@58.468C SOC2@56.875C SOC0@57.718C CV1@55.687C GPU@56.156C tj@59.187C SOC1@59.187C CV2@55.781C
08-21-2026 19:59:54 RAM 4305/15389MB (lfb 1154x4MB) SWAP 0/7694MB (cached 0MB) CPU [0%@1984,0%@1984,0%@1984,0%@1984,0%@1344,0%@1344,50%@1344,0%@1344] EMC_FREQ 0% GR3D_FREQ 22% GR3D2_FREQ 22%@0 CV0@55.625C CPU@58.5C SOC2@56.718C SOC0@57.625C CV1@55.562C GPU@56.343C tj@59.031C SOC1@59.125C CV2@55.781C
08-21-2026 19:59:54 RAM 4305/15389MB (lfb 1154x4MB) SWAP 0/7694MB (cached 0MB) CPU [50%@1984,0%@1984,0%@1984,0%@1984,0%@1344,0%@1344,50%@1344,0%@1344] EMC_FREQ 0% GR3D_FREQ 22% GR3D2_FREQ 22%@0 CV0@55.656C CPU@58.375C SOC2@56.687C SOC0@57.593C CV1@55.593C GPU@56.093C tj@58.968C SOC1@58.968C CV2@56C
08-21-2026 19:59:54 RAM 4305/15389MB (lfb 1154x4MB) SWAP 0/7694MB (cached 0MB) CPU [0%@1984,0%@1984,0%@1984,0%@1984,0%@1420,0%@1420,0%@1420,0%@1420] EMC_FREQ 0% GR3D_FREQ 5% GR3D2_FREQ 5%@0 CV0@55.531C CPU@58.718C SOC2@56.937C SOC0@57.562C CV1@55.562C GPU@56.187C tj@59.062C SOC1@59.062C CV2@56C
08-21-2026 19:59:54 RAM 4305/15389MB (lfb 1154x4MB) SWAP 0/7694MB (cached 0MB) CPU [0%@960,0%@960,50%@960,0%@960,0%@1267,50%@1267,0%@1267,0%@1267] EMC_FREQ 0% GR3D_FREQ 14% GR3D2_FREQ 14%@0 CV0@55.531C CPU@58.625C SOC2@56.75C SOC0@57.531C CV1@55.75C GPU@56.156C tj@58.937C SOC1@58.937C CV2@55.843C
08-21-2026 19:59:54 RAM 4305/15389MB (lfb 1154x4MB) SWAP 0/7694MB (cached 0MB) CPU [0%@1984,0%@1984,100%@1984,0%@1984,50%@1420,0%@1420,0%@1420,0%@1420] EMC_FREQ 0% GR3D_FREQ 14% GR3D2_FREQ 14%@0 CV0@55.625C CPU@58.687C SOC2@56.843C SOC0@57.5C CV1@55.687C GPU@56.5C tj@59.125C SOC1@59.125C CV2@56C
08-21-2026 19:59:54 RAM 4305/15389MB (lfb 1154x4MB) SWAP 0/7694MB (cached 0MB) CPU [50%@1984,0%@1984,0%@1984,0%@1984,0%@1420,0%@1420,0%@1420,50%@1420] EMC_FREQ 0% GR3D_FREQ 22% GR3D2_FREQ 22%@0 CV0@55.718C CPU@58.562C SOC2@56.718C SOC0@57.5C CV1@55.687C GPU@56.156C tj@58.937C SOC1@58.937C CV2@55.75C
08-21-2026 19:59:54 RAM 4305/15389MB (lfb 1154x4MB) SWAP 0/7694MB (cached 0MB) CPU [0%@806,0%@806,0%@806,0%@806,100%@1420,0%@1420,50%@1420,0%@1420] EMC_FREQ 0% GR3D_FREQ 0% GR3D2_FREQ 0%@0 CV0@55.781C CPU@58.625C SOC2@56.781C SOC0@57.718C CV1@55.656C GPU@56.281C tj@59.218C SOC1@59.218C CV2@55.906C
08-21-2026 19:59:54 RAM 4305/15389MB (lfb 1154x4MB) SWAP 0/7694MB (cached 0MB) CPU [0%@883,0%@883,0%@883,50%@883,0%@1420,0%@1420,0%@1420,0%@1420] EMC_FREQ 0% GR3D_FREQ 20% GR3D2_FREQ 20%@0 CV0@55.687C CPU@58.437C SOC2@56.75C SOC0@57.531C CV1@55.656C GPU@56.156C tj@59.281C SOC1@59.281C CV2@55.937C
08-21-2026 19:59:54 RAM 4305/15389MB (lfb 1154x4MB) SWAP 0/7694MB (cached 0MB) CPU [50%@806,0%@806,0%@806,0%@806,50%@1344,0%@1344,0%@1344,0%@1344] EMC_FREQ 0% GR3D_FREQ 20% GR3D2_FREQ 20%@0 CV0@55.593C CPU@58.531C SOC2@56.718C SOC0@57.656C CV1@55.562C GPU@56.187C tj@59.093C SOC1@59.093C CV2@55.843C
08-21-2026 19:59:54 RAM 4305/15389MB (lfb 1154x4MB) SWAP 0/7694MB (cached 0MB) CPU [0%@806,0%@806,100%@806,0%@806,100%@1344,0%@1344,0%@1344,0%@1344] EMC_FREQ 0% GR3D_FREQ 21% GR3D2_FREQ 21%@0 CV0@55.656C CPU@58.468C SOC2@56.718C SOC0@57.656C CV1@55.625C GPU@56.218C tj@59.062C SOC1@59.062C CV2@55.875C
08-21-2026 19:59:54 RAM 4305/15389MB (lfb 1154x4MB) SWAP 0/7694MB (cached 0MB) CPU [0%@883,0%@883,50%@883,0%@883,50%@1420,0%@1420,0%@1420,0%@1420] EMC_FREQ 0% GR3D_FREQ 1% GR3D2_FREQ 1%@0 CV0@55.656C CPU@58.468C SOC2@56.781C SOC0@57.562C CV1@55.531C GPU@56.156C tj@59C SOC1@59C CV2@55.843C
08-21-2026 19:59:54 RAM 4305/15389MB (lfb 1154x4MB) SWAP 0/7694MB (cached 0MB) CPU [0%@729,0%@729,50%@729,0%@729,50%@1344,0%@1344,0%@1344,0%@1344] EMC_FREQ 0% GR3D_FREQ 22% GR3D2_FREQ 22%@0 CV0@55.593C CPU@58.687C SOC2@56.656C SOC0@57.625C CV1@55.531C GPU@56.343C tj@59.031C SOC1@59.031C CV2@55.906C
08-21-2026 19:59:54 RAM 4305/15389MB (lfb 1154x4MB) SWAP 0/7694MB (cached 0MB) CPU [0%@806,0%@806,0%@806,0%@806,100%@1344,0%@1344,50%@1344,0%@1344] EMC_FREQ 0% GR3D_FREQ 22% GR3D2_FREQ 22%@0 CV0@55.562C CPU@58.406C SOC2@56.812C SOC0@57.593C CV1@55.562C GPU@56.406C tj@59C SOC1@59C CV2@56C
08-21-2026 19:59:54 RAM 4305/15389MB (lfb 1154x4MB) SWAP 0/7694MB (cached 0MB) CPU [0%@1984,0%@1984,50%@1984,0%@1984,0%@1344,0%@1344,0%@1344,0%@1344] EMC_FREQ 0% GR3D_FREQ 9% GR3D2_FREQ 9%@0 CV0@55.531C CPU@58.593C SOC2@56.812C SOC0@57.531C CV1@55.562C GPU@56.093C tj@59C SOC1@59C CV2@55.968C
08-21-2026 19:59:54 RAM 4305/15389MB (lfb 1154x4MB) SWAP 0/7694MB (cached 0MB) CPU [0%@1984,0%@1984,0%@1984,0%@1984,50%@1267,0%@1267,0%@1267,0%@1267] EMC_FREQ 0% GR3D_FREQ 13% GR3D2_FREQ 13%@0 CV0@55.656C CPU@58.531C SOC2@56.875C SOC0@57.625C CV1@55.875C GPU@56.218C tj@59.031C SOC1@59.031C CV2@55.937C
08-21-2026 19:59:54 RAM 4305/15389MB (lfb 1154x4MB) SWAP 0/7694MB (cached 0MB) CPU [0%@1984,0%@1984,0%@1984,0%@1984,100%@1420,0%@1420,0%@1420,0%@1420] EMC_FREQ 0% GR3D_FREQ 22% GR3D2_FREQ 22%@0 CV0@55.718C CPU@58.593C SOC2@56.812C SOC0@57.562C CV1@55.718C GPU@56.062C tj@59C SOC1@58.968C CV2@55.875C
08-21-2026 19:59:54 RAM 4305/15389MB (lfb 1154x4MB) SWAP 0/7694MB (cached 0MB) CPU [66%@1984,0%@1984,0%@1984,0%@1984,0%@1344,0%@1344,0%@1344,0%@1344] EMC_FREQ 0% GR3D_FREQ 22% GR3D2_FREQ 22%@0 CV0@55.75C CPU@58.531C SOC2@56.906C SOC0@57.562C CV1@55.781C GPU@56.5C tj@58.968C SOC1@58.968C CV2@55.937C
08-21-2026 19:59:54 RAM 4305/15389MB (lfb 1154x4MB) SWAP 0/7694MB (cached 0MB) CPU [50%@1984,0%@1984,50%@1984,50%@1984,50%@1420,0%@1420,0%@1420,0%@1420] EMC_FREQ 0% GR3D_FREQ 0% GR3D2_FREQ 0%@0 CV0@55.718C CPU@58.437C SOC2@56.687C SOC0@57.656C CV1@55.687C GPU@56.156C tj@58.937C SOC1@58.937C CV2@55.937C
08-21-2026 19:59:54 RAM 4305/15389MB (lfb 1154x4MB) SWAP 0/7694MB (cached 0MB) CPU [0%@729,50%@729,50%@729,0%@729,50%@1267,0%@1267,0%@1267,0%@1267] EMC_FREQ 0% GR3D_FREQ 22% GR3D2_FREQ 22%@0 CV0@55.75C CPU@58.468C SOC2@56.687C SOC0@57.625C CV1@55.562C GPU@56.343C tj@58.937C SOC1@58.937C CV2@55.843C
08-21-2026 19:59:54 RAM 4305/15389MB (lfb 1154x4MB) SWAP 0/7694MB (cached 0MB) CPU [0%@1984,0%@1984,100%@1984,0%@1984,0%@1420,0%@1420,0%@1420,0%@1420] EMC_FREQ 0% GR3D_FREQ 19% GR3D2_FREQ 19%@0 CV0@55.687C CPU@58.406C SOC2@56.687C SOC0@57.687C CV1@55.593C GPU@56.187C tj@59.187C SOC1@59.187C CV2@55.812C
08-21-2026 19:59:54 RAM 4305/15389MB (lfb 1154x4MB) SWAP 0/7694MB (cached 0MB) CPU [0%@1984,0%@1984,0%@1984,0%@1984,0%@1420,0%@1420,0%@1420,0%@1420] EMC_FREQ 0% GR3D_FREQ 19% GR3D2_FREQ 19%@0 CV0@55.625C CPU@58.375C SOC2@56.781C SOC0@57.625C CV1@55.593C GPU@56.093C tj@59.187C SOC1@59.187C CV2@55.937C
08-21-2026 19:59:54 RAM 4305/15389MB (lfb 1154x4MB) SWAP 0/7694MB (cached 0MB) CPU [0%@729,0%@729,100%@729,0%@729,0%@1267,50%@1267,0%@1267,0%@1267] EMC_FREQ 0% GR3D_FREQ 2% GR3D2_FREQ 2%@0 CV0@55.625C CPU@58.718C SOC2@56.687C SOC0@57.656C CV1@55.656C GPU@56.281C tj@59.062C SOC1@59.062C CV2@55.812C
08-21-2026 19:59:54 RAM 4305/15389MB (lfb 1154x4MB) SWAP 0/7694MB (cached 0MB) CPU [50%@883,0%@883,50%@883,0%@883,0%@1267,0%@1267,0%@1267,0%@1267] EMC_FREQ 0% GR3D_FREQ 20% GR3D2_FREQ 20%@0 CV0@55.593C CPU@58.687C SOC2@56.718C SOC0@57.625C CV1@55.656C GPU@56.218C tj@59C SOC1@59.062C CV2@56C
08-21-2026 19:59:54 RAM 4305/15389MB (lfb 1154x4MB) SWAP 0/7694MB (cached 0MB) CPU [0%@1984,0%@1984,0%@1984,0%@1984,0%@1267,0%@1267,50%@1267,0%@1267] EMC_FREQ 0% GR3D_FREQ 0% GR3D2_FREQ 0%@0 CV0@55.718C CPU@58.593C SOC2@56.718C SOC0@57.562C CV1@55.593C GPU@56.406C tj@58.937C SOC1@58.937C CV2@56C
08-21-2026 19:59:54 RAM 4305/15389MB (lfb 1154x4MB) SWAP 0/7694MB (cached 0MB) CPU [0%@960,50%@1984,0%@1984,0%@1984,0%@1344,0%@1344,50%@1344,0%@1344] EMC_FREQ 0% GR3D_FREQ 0% GR3D2_FREQ 0%@0 CV0@55.625C CPU@58.718C SOC2@56.781C SOC0@57.593C CV1@55.687C GPU@56.156C tj@59C SOC1@59C CV2@56C
08-21-2026 19:59:54 RAM 4305/15389MB (lfb 1154x4MB) SWAP 0/7694MB (cached 0MB) CPU [0%@1984,0%@1984,100%@1984,0%@1984,50%@1344,0%@1344,0%@1344,0%@1344] EMC_FREQ 0% GR3D_FREQ 19% GR3D2_FREQ 19%@0 CV0@55.625C CPU@58.593C SOC2@56.75C SOC0@57.5C CV1@55.687C GPU@56.156C tj@59.062C SOC1@59.062C CV2@55.906C
08-21-2026 19:59:54 RAM 4305/15389MB (lfb 1154x4MB) SWAP 0/7694MB (cached 0MB) CPU [50%@806,0%@806,50%@806,0%@806,0%@1420,33%@1420,50%@1420,0%@1420] EMC_FREQ 0% GR3D_FREQ 21% GR3D2_FREQ 21%@0 CV0@55.687C CPU@58.562C SOC2@56.812C SOC0@57.531C CV1@55.593C GPU@56.218C tj@58.937C SOC1@58.937C CV2@55.937C
08-21-2026 19:59:54 RAM 4305/15389MB (lfb 1154x4MB) SWAP 0/7694MB (cached 0MB) CPU [50%@729,0%@729,0%@729,0%@729,0%@1344,0%@1344,50%@1344,0%@1344] EMC_FREQ 0% GR3D_FREQ 1% GR3D2_FREQ 1%@0 CV0@55.656C CPU@58.562C SOC2@56.843C SOC0@57.593C CV1@55.75C GPU@56.156C tj@58.968C SOC1@58.968C CV2@55.812C
08-21-2026 19:59:54 RAM 4305/15389MB (lfb 1154x4MB) SWAP 0/7694MB (cached 0MB) CPU [0%@1984,0%@1984,0%@1984,0%@1984,0%@1420,0%@1420,100%@1420,0%@1420] EMC_FREQ 0% GR3D_FREQ 1% GR3D2_FREQ 1%@0 CV0@55.593C CPU@58.562C SOC2@56.843C SOC0@57.718C CV1@55.625C GPU@56.406C tj@58.968C SOC1@58.968C CV2@55.937C
08-21-2026 19:59:54 RAM 4305/15389MB (lfb 1154x4MB) SWAP 0/7694MB (cached 0MB) CPU [0%@1984,0%@1984,50%@1984,0%@1984,0%@1344,0%@1344,0%@1344,50%@1344] EMC_FREQ 0% GR3D_FREQ 22% GR3D2_FREQ 22%@0 CV0@55.625C CPU@58.5C SOC2@56.687C SOC0@57.656C CV1@55.593C GPU@56.187C tj@59.281C SOC1@59.281C CV2@55.812C
08-21-2026 19:59:54 RAM 4305/15389MB (lfb 1154x4MB) SWAP 0/7694MB (cached 0MB) CPU [0%@883,50%@883,50%@883,0%@883,0%@1420,0%@1420,50%@1420,0%@1420] EMC_FREQ 0% GR3D_FREQ 5% GR3D2_FREQ 5%@0 CV0@55.593C CPU@58.468C SOC2@56.687C SOC0@57.687C CV1@55.625C GPU@56.218C tj@59.312C SOC1@59.312C CV2@55.875C
08-21-2026 19:59:54 RAM 4305/15389MB (lfb 1154x4MB) SWAP 0/7694MB (cached 0MB) CPU [0%@1984,0%@1984,0%@1984,100%@1984,0%@1190,50%@1190,0%@1190,0%@1190] EMC_FREQ 0% GR3D_FREQ 17% GR3D2_FREQ 17%@0 CV0@55.687C CPU@58.437C SOC2@56.781C SOC0@57.75C CV1@55.625C GPU@56.343C tj@59.125C SOC1@59.125C CV2@56C
08-21-2026 19:59:55 RAM 4305/15389MB (lfb 1154x4MB) SWAP 0/7694MB (cached 0MB) CPU [0%@806,0%@806,0%@806,50%@806,0%@1420,0%@1420,0%@1420,100%@1420] EMC_FREQ 0% GR3D_FREQ 17% GR3D2_FREQ 17%@0 CV0@55.718C CPU@58.562C SOC2@56.718C SOC0@57.593C CV1@55.593C GPU@56.062C tj@59.062C SOC1@59.062C CV2@56.031C
08-21-2026 19:59:55 RAM 4305/15389MB (lfb 1154x4MB) SWAP 0/7694MB (cached 0MB) CPU [0%@1984,0%@1984,0%@1984,0%@1984,0%@1267,0%@1267,0%@1267,0%@1267] EMC_FREQ 0% GR3D_FREQ 22% GR3D2_FREQ 22%@0 CV0@55.562C CPU@58.406C SOC2@56.75C SOC0@57.593C CV1@55.531C GPU@56.468C tj@59.187C SOC1@59.187C CV2@56C
08-21-2026 19:59:55 RAM 4305/15389MB (lfb 1154x4MB) SWAP 0/7694MB (cached 0MB) CPU [50%@883,0%@883,50%@883,50%@883,0%@1420,0%@1420,0%@1420,100%@1420] EMC_FREQ 0% GR3D_FREQ 0% GR3D2_FREQ 0%@0 CV0@55.562C CPU@58.656C SOC2@56.687C SOC0@57.562C CV1@55.687C GPU@56.187C tj@59.062C SOC1@59.062C CV2@56.031C
08-21-2026 19:59:55 RAM 4305/15389MB (lfb 1154x4MB) SWAP 0/7694MB (cached 0MB) CPU [0%@729,0%@729,0%@729,0%@729,0%@1267,0%@1267,0%@1267,50%@1267] EMC_FREQ 0% GR3D_FREQ 22% GR3D2_FREQ 22%@0 CV0@55.5C CPU@58.656C SOC2@56.812C SOC0@57.562C CV1@55.781C GPU@56.343C tj@58.968C SOC1@58.968C CV2@55.906C
08-21-2026 19:59:55 RAM 4305/15389MB (lfb 1154x4MB) SWAP 0/7694MB (cached 0MB) CPU [0%@1984,50%@1984,50%@1984,50%@1984,0%@1344,0%@1344,0%@1344,100%@1344] EMC_FREQ 0% GR3D_FREQ 22% GR3D2_FREQ 22%@0 CV0@55.656C CPU@58.718C SOC2@56.75C SOC0@57.531C CV1@55.625C GPU@56.312C tj@59.031C SOC1@59.031C CV2@55.968C
08-21-2026 19:59:55 RAM 4305/15389MB (lfb 1154x4MB) SWAP 0/7694MB (cached 0MB) CPU [50%@1984,0%@1984,0%@1984,0%@1984,0%@1267,0%@1267,0%@1267,0%@1267] EMC_FREQ 0% GR3D_FREQ 15% GR3D2_FREQ 15%@0 CV0@55.812C CPU@58.531C SOC2@56.843C SOC0@57.593C CV1@55.718C GPU@56.187C tj@59.062C SOC1@59.062C CV2@55.937C
08-21-2026 19:59:55 RAM 4305/15389MB (lfb 1154x4MB) SWAP 0/7694MB (cached 0MB) CPU [50%@1984,0%@1984,0%@1984,0%@1984,0%@1267,0%@1267,33%@1267,50%@1267] EMC_FREQ 0% GR3D_FREQ 7% GR3D2_FREQ 7%@0 CV0@55.656C CPU@58.531C SOC2@56.687C SOC0@57.593C CV1@55.718C GPU@56.281C tj@58.875C SOC1@58.875C CV2@55.75C
08-21-2026 19:59:55 RAM 4305/15389MB (lfb 1154x4MB) SWAP 0/7694MB (cached 0MB) CPU [0%@1984,0%@1984,0%@1984,0%@1984,0%@1420,0%@1420,0%@1420,0%@1420] EMC_FREQ 0% GR3D_FREQ 20% GR3D2_FREQ 20%@0 CV0@55.562C CPU@58.687C SOC2@56.781C SOC0@57.656C CV1@55.625C GPU@56.468C tj@59.187C SOC1@59.187C CV2@55.875C
08-21-2026 19:59:55 RAM 4305/15389MB (lfb 1154x4MB) SWAP 0/7694MB (cached 0MB) CPU [0%@1984,0%@1984,50%@1984,50%@1984,0%@1267,0%@1267,0%@1267,50%@1267] EMC_FREQ 0% GR3D_FREQ 20% GR3D2_FREQ 20%@0 CV0@55.625C CPU@58.562C SOC2@56.875C SOC0@57.656C CV1@55.593C GPU@56.468C tj@59.125C SOC1@59.125C CV2@55.843C
08-21-2026 19:59:55 RAM 4305/15389MB (lfb 1154x4MB) SWAP 0/7694MB (cached 0MB) CPU [0%@729,0%@729,0%@729,0%@729,0%@1420,0%@1420,50%@1420,50%@1420] EMC_FREQ 0% GR3D_FREQ 0% GR3D2_FREQ 0%@0 CV0@55.562C CPU@58.562C SOC2@56.75C SOC0@57.718C CV1@55.593C GPU@56.187C tj@59.125C SOC1@59.125C CV2@55.718C
08-21-2026 19:59:55 RAM 4305/15389MB (lfb 1154x4MB) SWAP 0/7694MB (cached 0MB) CPU [0%@1984,0%@1984,0%@1984,50%@1984,0%@1344,0%@1344,0%@1344,0%@1344] EMC_FREQ 0% GR3D_FREQ 23% GR3D2_FREQ 23%@0 CV0@55.687C CPU@58.562C SOC2@56.687C SOC0@57.718C CV1@55.593C GPU@56.218C tj@59.093C SOC1@59.093C CV2@55.906C
08-21-2026 19:59:55 RAM 4305/15389MB (lfb 1154x4MB) SWAP 0/7694MB (cached 0MB) CPU [0%@806,0%@806,0%@806,0%@806,0%@1420,0%@1420,0%@1420,0%@1420] EMC_FREQ 0% GR3D_FREQ 19% GR3D2_FREQ 19%@0 CV0@55.656C CPU@58.562C SOC2@56.593C SOC0@57.656C CV1@55.593C GPU@56.281C tj@59.062C SOC1@59.062C CV2@56.093C
08-21-2026 19:59:55 RAM 4305/15389MB (lfb 1154x4MB) SWAP 0/7694MB (cached 0MB) CPU [0%@1984,0%@1984,0%@1984,0%@1984,0%@1344,0%@1344,0%@1344,0%@1344] EMC_FREQ 0% GR3D_FREQ 19% GR3D2_FREQ 19%@0 CV0@55.593C CPU@58.718C SOC2@57C SOC0@57.593C CV1@55.718C GPU@56.125C tj@59.125C SOC1@59.125C CV2@56.031C
08-21-2026 19:59:55 RAM 4305/15389MB (lfb 1154x4MB) SWAP 0/7694MB (cached 0MB) CPU [0%@1984,0%@1984,0%@1984,100%@960,50%@1344,0%@1344,0%@1344,50%@1344] EMC_FREQ 0% GR3D_FREQ 0% GR3D2_FREQ 0%@0 CV0@55.562C CPU@58.718C SOC2@56.812C SOC0@57.593C CV1@55.906C GPU@56.25C tj@59.031C SOC1@59.031C CV2@55.968C
08-21-2026 19:59:55 RAM 4305/15389MB (lfb 1154x4MB) SWAP 0/7694MB (cached 0MB) CPU [50%@883,0%@883,0%@883,50%@883,100%@1420,0%@1420,0%@1420,0%@1420] EMC_FREQ 0% GR3D_FREQ 23% GR3D2_FREQ 23%@0 CV0@55.625C CPU@58.562C SOC2@56.75C SOC0@57.562C CV1@55.718C GPU@56.187C tj@59C SOC1@59C CV2@55.937C
08-21-2026 19:59:55 RAM 4305/15389MB (lfb 1154x4MB) SWAP 0/7694MB (cached 0MB) CPU [0%@883,50%@883,0%@883,0%@883,50%@1267,0%@1344,0%@1344,0%@1344] EMC_FREQ 0% GR3D_FREQ 0% GR3D2_FREQ 0%@0 CV0@55.718C CPU@58.5C SOC2@56.812C SOC0@57.593C CV1@55.718C GPU@56.281C tj@58.968C SOC1@58.968C CV2@56C
08-21-2026 19:59:55 RAM 4305/15389MB (lfb 1154x4MB) SWAP 0/7694MB (cached 0MB) CPU [0%@1984,0%@1984,0%@1984,0%@1984,0%@1420,50%@1420,0%@1420,0%@1420] EMC_FREQ 0% GR3D_FREQ 0% GR3D2_FREQ 0%@0 CV0@55.718C CPU@58.468C SOC2@56.75C SOC0@57.687C CV1@55.625C GPU@56.156C tj@58.906C SOC1@58.906C CV2@55.875C
08-21-2026 19:59:55 RAM 4305/15389MB (lfb 1154x4MB) SWAP 0/7694MB (cached 0MB) CPU [50%@806,0%@806,0%@806,100%@806,0%@1344,0%@1344,0%@1344,0%@1344] EMC_FREQ 0% GR3D_FREQ 22% GR3D2_FREQ 22%@0 CV0@55.781C CPU@58.562C SOC2@56.781C SOC0@57.625C CV1@55.656C GPU@56.281C tj@59.187C SOC1@58.875C CV2@55.875C
08-21-2026 19:59:55 RAM 4305/15389MB (lfb 1154x4MB) SWAP 0/7694MB (cached 0MB) CPU [66%@1984,66%@1984,0%@1984,50%@1984,0%@1420,0%@1420,0%@1420,0%@1420] EMC_FREQ 0% GR3D_FREQ 23% GR3D2_FREQ 23%@0 CV0@55.718C CPU@58.468C SOC2@56.875C SOC0@57.562C CV1@55.687C GPU@56.25C tj@59.25C SOC1@59.25C CV2@55.875C
08-21-2026 19:59:55 RAM 4305/15389MB (lfb 1154x4MB) SWAP 0/7694MB (cached 0MB) CPU [0%@883,0%@883,0%@883,0%@883,50%@1190,0%@1190,0%@1190,0%@1190] EMC_FREQ 0% GR3D_FREQ 23% GR3D2_FREQ 23%@0 CV0@55.593C CPU@58.468C SOC2@56.812C SOC0@57.562C CV1@55.531C GPU@56.468C tj@59.125C SOC1@59.125C CV2@56.031C
08-21-2026 19:59:55 RAM 4305/15389MB (lfb 1154x4MB) SWAP 0/7694MB (cached 0MB) CPU [0%@1984,0%@1984,0%@1984,0%@1984,100%@1344,50%@1344,0%@1344,0%@1344] EMC_FREQ 0% GR3D_FREQ 0% GR3D2_FREQ 0%@0 CV0@55.75C CPU@58.656C SOC2@56.781C SOC0@57.656C CV1@55.656C GPU@56.187C tj@59.093C SOC1@59.093C CV2@55.906C
08-21-2026 19:59:55 RAM 4305/15389MB (lfb 1154x4MB) SWAP 0/7694MB (cached 0MB) CPU [0%@1984,0%@1984,0%@1984,0%@1984,0%@1344,0%@1344,0%@1344,0%@1344] EMC_FREQ 0% GR3D_FREQ 23% GR3D2_FREQ 23%@0 CV0@55.625C CPU@58.687C SOC2@56.812C SOC0@57.531C CV1@55.75C GPU@56.093C tj@58.968C SOC1@58.968C CV2@56.031C
08-21-2026 19:59:55 RAM 4305/15389MB (lfb 1154x4MB) SWAP 0/7694MB (cached 0MB) CPU [0%@960,0%@960,0%@960,0%@960,50%@1267,0%@1267,0%@1267,0%@1267] EMC_FREQ 0% GR3D_FREQ 0% GR3D2_FREQ 0%@0 CV0@55.593C CPU@58.656C SOC2@56.843C SOC0@57.593C CV1@55.875C GPU@56.437C tj@59.031C SOC1@59.093C CV2@55.875C
08-21-2026 19:59:55 RAM 4305/15389MB (lfb 1154x4MB) SWAP 0/7694MB (cached 0MB) CPU [0%@1984,100%@1984,0%@1984,0%@1984,0%@1344,0%@1344,0%@1344,0%@1344] EMC_FREQ 0% GR3D_FREQ 0% GR3D2_FREQ 0%@0 CV0@55.812C CPU@58.625C SOC2@56.906C SOC0@57.656C CV1@55.781C GPU@56.062C tj@59.062C SOC1@59.062C CV2@55.906C
08-21-2026 19:59:55 RAM 4305/15389MB (lfb 1154x4MB) SWAP 0/7694MB (cached 0MB) CPU [0%@883,0%@883,0%@883,33%@883,100%@1267,50%@1267,0%@1267,50%@1267] EMC_FREQ 0% GR3D_FREQ 22% GR3D2_FREQ 22%@0 CV0@55.656C CPU@58.687C SOC2@56.75C SOC0@57.468C CV1@55.687C GPU@56.281C tj@59C SOC1@59C CV2@56C
08-21-2026 19:59:55 RAM 4305/15389MB (lfb 1154x4MB) SWAP 0/7694MB (cached 0MB) CPU [0%@960,50%@960,0%@960,0%@960,0%@1420,0%@1420,0%@1420,0%@1420] EMC_FREQ 0% GR3D_FREQ 23% GR3D2_FREQ 23%@0 CV0@55.718C CPU@58.625C SOC2@56.843C SOC0@57.625C CV1@55.656C GPU@56.125C tj@59.281C SOC1@59.093C CV2@55.781C
08-21-2026 19:59:55 RAM 4305/15389MB (lfb 1154x4MB) SWAP 0/7694MB (cached 0MB) CPU [0%@1984,0%@1984,0%@1984,50%@1984,50%@1267,0%@1267,0%@1267,0%@1267] EMC_FREQ 0% GR3D_FREQ 0% GR3D2_FREQ 0%@0 CV0@55.656C CPU@58.5C SOC2@56.781C SOC0@57.687C CV1@55.656C GPU@56.468C tj@59.156C SOC1@59.156C CV2@55.968C
08-21-2026 19:59:55 RAM 4305/15389MB (lfb 1154x4MB) SWAP 0/7694MB (cached 0MB) CPU [0%@1984,0%@1984,0%@1984,0%@1984,100%@1420,0%@1420,0%@1420,0%@1420] EMC_FREQ 0% GR3D_FREQ 0% GR3D2_FREQ 0%@0 CV0@55.687C CPU@58.312C SOC2@56.781C SOC0@57.718C CV1@55.625C GPU@56.093C tj@59.156C SOC1@59.156C CV2@55.781C
08-21-2026 19:59:55 RAM 4305/15389MB (lfb 1154x4MB) SWAP 0/7694MB (cached 0MB) CPU [0%@1984,0%@1984,33%@1984,0%@1984,0%@1344,0%@1344,0%@1344,0%@1344] EMC_FREQ 0% GR3D_FREQ 23% GR3D2_FREQ 23%@0 CV0@55.656C CPU@58.281C SOC2@56.812C SOC0@57.656C CV1@55.625C GPU@56.281C tj@59.25C SOC1@59.25C CV2@56.093C
08-21-2026 19:59:55 RAM 4305/15389MB (lfb 1154x4MB) SWAP 0/7694MB (cached 0MB) CPU [0%@1984,0%@1984,0%@1984,50%@1984,0%@1420,0%@1420,0%@1420,0%@1420] EMC_FREQ 0% GR3D_FREQ 1% GR3D2_FREQ 1%@0 CV0@55.718C CPU@58.437C SOC2@56.781C SOC0@57.562C CV1@55.562C GPU@56.343C tj@59C SOC1@59C CV2@55.968C
08-21-2026 19:59:55 RAM 4305/15389MB (lfb 1154x4MB) SWAP 0/7694MB (cached 0MB) CPU [0%@1984,0%@1984,50%@1984,0%@1984,0%@1420,0%@1420,0%@1420,0%@1420] EMC_FREQ 0% GR3D_FREQ 21% GR3D2_FREQ 21%@0 CV0@55.562C CPU@58.312C SOC2@56.781C SOC0@57.687C CV1@55.687C GPU@56.125C tj@58.937C SOC1@58.937C CV2@55.875C
08-21-2026 19:59:55 RAM 4305/15389MB (lfb 1154x4MB) SWAP 0/7694MB (cached 0MB) CPU [50%@883,0%@883,50%@883,50%@883,0%@1344,100%@1344,0%@1344,0%@1344] EMC_FREQ 0% GR3D_FREQ 21% GR3D2_FREQ 21%@0 CV0@55.562C CPU@58.75C SOC2@56.906C SOC0@57.687C CV1@55.812C GPU@56.156C tj@58.937C SOC1@58.937C CV2@55.906C
08-21-2026 19:59:55 RAM 4305/15389MB (lfb 1154x4MB) SWAP 0/7694MB (cached 0MB) CPU [0%@1984,0%@1984,0%@1984,0%@1984,0%@1267,50%@1267,0%@1267,0%@1267] EMC_FREQ 0% GR3D_FREQ 23% GR3D2_FREQ 23%@0 CV0@55.718C CPU@58.687C SOC2@56.843C SOC0@57.531C CV1@55.687C GPU@56.437C tj@58.937C SOC1@58.937C CV2@55.75C
08-21-2026 19:59:55 RAM 4305/15389MB (lfb 1154x4MB) SWAP 0/7694MB (cached 0MB) CPU [0%@1984,0%@1984,0%@1984,100%@1984,0%@1344,0%@1344,0%@1344,0%@1344] EMC_FREQ 0% GR3D_FREQ 0% GR3D2_FREQ 0%@0 CV0@55.687C CPU@58.656C SOC2@56.843C SOC0@57.656C CV1@55.625C GPU@56.343C tj@59C SOC1@59C CV2@55.968C
08-21-2026 19:59:55 RAM 4305/15389MB (lfb 1154x4MB) SWAP 0/7694MB (cached 0MB) CPU [0%@1984,0%@1984,0%@1984,0%@1984,0%@1344,100%@1344,0%@1344,0%@1344] EMC_FREQ 0% GR3D_FREQ 0% GR3D2_FREQ 0%@0 CV0@55.75C CPU@58.406C SOC2@56.718C SOC0@57.687C CV1@55.687C GPU@56.187C tj@59.187C SOC1@59.187C CV2@55.906C
08-21-2026 19:59:55 RAM 4305/15389MB (lfb 1154x4MB) SWAP 0/7694MB (cached 0MB) CPU [0%@1984,50%@1984,0%@1984,0%@1984,0%@1190,50%@1190,0%@1190,0%@1190] EMC_FREQ 0% GR3D_FREQ 22% GR3D2_FREQ 22%@0 CV0@55.625C CPU@58.5C SOC2@56.812C SOC0@57.687C CV1@55.781C GPU@56.25C tj@59.218C SOC1@59.218C CV2@55.875C
08-21-2026 19:59:55 RAM 4305/15389MB (lfb 1154x4MB) SWAP 0/7694MB (cached 0MB) CPU [0%@1984,0%@1984,0%@1984,50%@1984,50%@1420,50%@1420,0%@1420,0%@1420] EMC_FREQ 0% GR3D_FREQ 11% GR3D2_FREQ 11%@0 CV0@55.687C CPU@58.437C SOC2@56.718C SOC0@57.593C CV1@55.656C GPU@56.093C tj@58.968C SOC1@58.968C CV2@56.031C
08-21-2026 19:59:55 RAM 4305/15389MB (lfb 1154x4MB) SWAP 0/7694MB (cached 0MB) CPU [0%@960,0%@960,0%@960,0%@960,0%@1190,0%@1190,50%@1190,0%@1190] EMC_FREQ 0% GR3D_FREQ 11% GR3D2_FREQ 11%@0 CV0@55.656C CPU@58.375C SOC2@56.718C SOC0@57.562C CV1@55.656C GPU@56.218C tj@58.937C SOC1@58.937C CV2@56.031C
08-21-2026 19:59:55 RAM 4305/15389MB (lfb 1154x4MB) SWAP 0/7694MB (cached 0MB) CPU [0%@1984,0%@1984,0%@1984,50%@1984,0%@1420,0%@1420,0%@1420,0%@1420] EMC_FREQ 0% GR3D_FREQ 11% GR3D2_FREQ 11%@0 CV0@55.625C CPU@58.312C SOC2@56.812C SOC0@57.625C CV1@55.75C GPU@56.187C tj@59.093C SOC1@59.093C CV2@56C
08-21-2026 19:59:55 RAM 4305/15389MB (lfb 1154x4MB) SWAP 0/7694MB (cached 0MB) CPU [50%@806,0%@806,0%@806,0%@806,0%@1267,50%@1267,50%@1267,0%@1267] EMC_FREQ 0% GR3D_FREQ 22% GR3D2_FREQ 22%@0 CV0@55.687C CPU@58.312C SOC2@56.75C SOC0@57.468C CV1@55.812C GPU@56.312C tj@59.062C SOC1@59C CV2@56C
08-21-2026 19:59:55 RAM 4305/15389MB (lfb 1154x4MB) SWAP 0/7694MB (cached 0MB) CPU [0%@883,0%@883,0%@883,50%@883,0%@1420,0%@1420,0%@1420,100%@1420] EMC_FREQ 0% GR3D_FREQ 0% GR3D2_FREQ 0%@0 CV0@55.656C CPU@58.343C SOC2@56.781C SOC0@57.5C CV1@55.75C GPU@56.406C tj@58.937C SOC1@59.062C CV2@55.968C
08-21-2026 19:59:55 RAM 4305/15389MB (lfb 1154x4MB) SWAP 0/7694MB (cached 0MB) CPU [0%@806,0%@806,0%@806,0%@806,0%@1420,0%@1420,0%@1420,0%@1420] EMC_FREQ 0% GR3D_FREQ 22% GR3D2_FREQ 22%@0 CV0@55.593C CPU@58.75C SOC2@56.781C SOC0@57.625C CV1@55.718C GPU@56.062C tj@59.031C SOC1@59.031C CV2@56C
08-21-2026 19:59:55 RAM 4305/15389MB (lfb 1154x4MB) SWAP 0/7694MB (cached 0MB) CPU [66%@1984,0%@1984,0%@806,50%@806,0%@1344,0%@1344,0%@1344,50%@1344] EMC_FREQ 0% GR3D_FREQ 22% GR3D2_FREQ 22%@0 CV0@55.687C CPU@58.75C SOC2@56.812C SOC0@57.562C CV1@55.687C GPU@56.25C tj@58.937C SOC1@58.937C CV2@55.906C
08-21-2026 19:59:55 RAM 4305/15389MB (lfb 1154x4MB) SWAP 0/7694MB (cached 0MB) CPU [0%@729,0%@729,0%@729,50%@729,0%@1344,0%@1344,0%@1344,0%@1344] EMC_FREQ 0% GR3D_FREQ 23% GR3D2_FREQ 23%@0 CV0@55.781C CPU@58.593C SOC2@56.843C SOC0@57.656C CV1@55.656C GPU@56.25C tj@59.125C SOC1@59.125C CV2@55.968C
08-21-2026 19:59:55 RAM 4305/15389MB (lfb 1154x4MB) SWAP 0/7694MB (cached 0MB) CPU [50%@1984,0%@1984,0%@1984,0%@1984,0%@1344,0%@1344,0%@1344,100%@1344] EMC_FREQ 0% GR3D_FREQ 0% GR3D2_FREQ 0%@0 CV0@55.593C CPU@58.656C SOC2@56.718C SOC0@57.687C CV1@55.625C GPU@56.406C tj@58.937C SOC1@58.937C CV2@55.937C
08-21-2026 19:59:55 RAM 4305/15389MB (lfb 1154x4MB) SWAP 0/7694MB (cached 0MB) CPU [0%@806,0%@806,0%@806,100%@806,0%@1267,0%@1267,0%@1267,0%@1267] EMC_FREQ 0% GR3D_FREQ 23% GR3D2_FREQ 23%@0 CV0@55.625C CPU@58.437C SOC2@56.812C SOC0@57.687C CV1@55.625C GPU@56.312C tj@58.937C SOC1@58.937C CV2@55.875C
08-21-2026 19:59:55 RAM 4305/15389MB (lfb 1154x4MB) SWAP 0/7694MB (cached 0MB) CPU [0%@729,0%@729,0%@729,50%@729,33%@1344,0%@1344,0%@1344,50%@1344] EMC_FREQ 0% GR3D_FREQ 23% GR3D2_FREQ 23%@0 CV0@55.656C CPU@58.437C SOC2@56.718C SOC0@57.687C CV1@55.687C GPU@56.156C tj@59.093C SOC1@59.093C CV2@55.875C
08-21-2026 19:59:55 RAM 4305/15389MB (lfb 1154x4MB) SWAP 0/7694MB (cached 0MB) CPU [0%@806,0%@806,50%@806,0%@806,0%@1344,0%@1344,50%@1344,0%@1344] EMC_FREQ 0% GR3D_FREQ 3% GR3D2_FREQ 3%@0 CV0@55.593C CPU@58.343C SOC2@56.875C SOC0@57.687C CV1@55.718C GPU@56.125C tj@59.187C SOC1@59.187C CV2@55.906C
08-21-2026 19:59:55 RAM 4305/15389MB (lfb 1154x4MB) SWAP 0/7694MB (cached 0MB) CPU [0%@806,0%@806,0%@806,50%@806,0%@1344,0%@1344,0%@1344,50%@1344] EMC_FREQ 0% GR3D_FREQ 19% GR3D2_FREQ 19%@0 CV0@55.593C CPU@58.406C SOC2@56.718C SOC0@57.562C CV1@55.593C GPU@56.156C tj@59.031C SOC1@59.031C CV2@55.875C
08-21-2026 19:59:55 RAM 4305/15389MB (lfb 1154x4MB) SWAP 0/7694MB (cached 0MB) CPU [0%@729,0%@729,0%@729,0%@729,0%@1420,0%@1420,0%@1420,50%@1420] EMC_FREQ 0% GR3D_FREQ 22% GR3D2_FREQ 22%@0 CV0@55.656C CPU@58.375C SOC2@56.656C SOC0@57.625C CV1@55.687C GPU@56.5C tj@59.093C SOC1@59.093C CV2@55.906C
08-21-2026 19:59:55 RAM 4305/15389MB (lfb 1154x4MB) SWAP 0/7694MB (cached 0MB) CPU [0%@1984,0%@1984,0%@1984,100%@1984,0%@1267,0%@1267,0%@1267,0%@1267] EMC_FREQ 0% GR3D_FREQ 22% GR3D2_FREQ 22%@0 CV0@55.593C CPU@58.468C SOC2@56.906C SOC0@57.625C CV1@55.562C GPU@56.375C tj@59.093C SOC1@59.093C CV2@55.937C
08-21-2026 19:59:55 RAM 4305/15389MB (lfb 1154x4MB) SWAP 0/7694MB (cached 0MB) CPU [0%@883,50%@883,50%@883,0%@883,0%@1420,0%@1420,0%@1420,100%@1420] EMC_FREQ 0% GR3D_FREQ 0% GR3D2_FREQ 0%@0 CV0@55.593C CPU@58.812C SOC2@56.812C SOC0@57.593C CV1@55.718C GPU@56.156C tj@59.031C SOC1@59.031C CV2@56C
08-21-2026 19:59:55 RAM 4305/15389MB (lfb 1154x4MB) SWAP 0/7694MB (cached 0MB) CPU [0%@1984,0%@1984,0%@1984,50%@1984,0%@1267,0%@1267,0%@1267,0%@1267] EMC_FREQ 0% GR3D_FREQ 23% GR3D2_FREQ 23%@0 CV0@55.562C CPU@58.781C SOC2@56.843C SOC0@57.625C CV1@55.656C GPU@56.281C tj@58.937C SOC1@58.937C CV2@55.843C
08-21-2026 19:59:55 RAM 4305/15389MB (lfb 1154x4MB) SWAP 0/7694MB (cached 0MB) CPU [0%@1984,0%@1984,0%@883,0%@883,0%@1420,0%@1420,0%@1420,100%@1420] EMC_FREQ 0% GR3D_FREQ 20% GR3D2_FREQ 20%@0 CV0@55.75C CPU@58.781C SOC2@56.718C SOC0@57.593C CV1@55.687C GPU@56.125C tj@59C SOC1@59C CV2@55.968C
08-21-2026 19:59:55 RAM 4305/15389MB (lfb 1154x4MB) SWAP 0/7694MB (cached 0MB) CPU [0%@1984,0%@1984,0%@1984,0%@1984,0%@1267,0%@1267,0%@1267,0%@1267] EMC_FREQ 0% GR3D_FREQ 20% GR3D2_FREQ 20%@0 CV0@55.656C CPU@58.5C SOC2@56.843C SOC0@57.718C CV1@55.687C GPU@56.062C tj@58.937C SOC1@58.937C CV2@55.906C
08-21-2026 19:59:55 RAM 4305/15389MB (lfb 1154x4MB) SWAP 0/7694MB (cached 0MB) CPU [0%@1984,0%@1984,0%@1984,50%@1984,0%@1344,0%@1344,50%@1344,50%@1344] EMC_FREQ 0% GR3D_FREQ 2% GR3D2_FREQ 2%@0 CV0@55.593C CPU@58.5C SOC2@56.75C SOC0@57.718C CV1@55.656C GPU@56.156C tj@59.062C SOC1@59.062C CV2@55.906C
08-21-2026 19:59:55 RAM 4306/15389MB (lfb 1154x4MB) SWAP 0/7694MB (cached 0MB) CPU [66%@806,0%@806,0%@729,50%@729,0%@1267,0%@1267,0%@1267,0%@1267] EMC_FREQ 0% GR3D_FREQ 23% GR3D2_FREQ 23%@0 CV0@55.718C CPU@58.5C SOC2@56.875C SOC0@57.75C CV1@55.656C GPU@56.468C tj@59.062C SOC1@59.062C CV2@55.843C
08-21-2026 19:59:55 RAM 4306/15389MB (lfb 1154x4MB) SWAP 0/7694MB (cached 0MB) CPU [0%@1984,0%@1984,0%@1984,0%@1984,0%@1420,0%@1420,0%@1420,100%@1420] EMC_FREQ 0% GR3D_FREQ 3% GR3D2_FREQ 3%@0 CV0@55.718C CPU@58.5C SOC2@56.75C SOC0@57.656C CV1@55.625C GPU@56.25C tj@59.031C SOC1@59.031C CV2@55.875C
08-21-2026 19:59:55 RAM 4306/15389MB (lfb 1154x4MB) SWAP 0/7694MB (cached 0MB) CPU [0%@1984,0%@1984,0%@1984,50%@1984,0%@1267,0%@1267,0%@1267,50%@1267] EMC_FREQ 0% GR3D_FREQ 3% GR3D2_FREQ 3%@0 CV0@55.718C CPU@58.375C SOC2@56.781C SOC0@57.531C CV1@55.593C GPU@56.093C tj@58.968C SOC1@58.968C CV2@56.031C
08-21-2026 19:59:55 RAM 4305/15389MB (lfb 1154x4MB) SWAP 0/7694MB (cached 0MB) CPU [0%@1984,50%@1984,0%@1984,0%@1984,0%@1420,0%@1420,0%@1420,100%@1420] EMC_FREQ 0% GR3D_FREQ 16% GR3D2_FREQ 16%@0 CV0@55.562C CPU@58.437C SOC2@56.812C SOC0@57.562C CV1@55.531C GPU@56.25C tj@58.937C SOC1@58.937C CV2@55.937C
08-21-2026 19:59:55 RAM 4305/15389MB (lfb 1154x4MB) SWAP 0/7694MB (cached 0MB) CPU [0%@1984,0%@1984,50%@1984,100%@1984,0%@1344,0%@1344,0%@1344,0%@1344] EMC_FREQ 0% GR3D_FREQ 23% GR3D2_FREQ 23%@0 CV0@55.593C CPU@58.468C SOC2@56.875C SOC0@57.687C CV1@55.812C GPU@56.093C tj@59.031C SOC1@59.031C CV2@55.968C
08-21-2026 19:59:55 RAM 4305/15389MB (lfb 1154x4MB) SWAP 0/7694MB (cached 0MB) CPU [50%@1113,0%@1113,0%@1113,0%@1113,0%@1344,0%@1344,50%@1344,50%@1344] EMC_FREQ 0% GR3D_FREQ 23% GR3D2_FREQ 0%@0 CV0@55.718C CPU@58.375C SOC2@56.875C SOC0@57.656C CV1@55.75C GPU@56.218C tj@58.875C SOC1@58.875C CV2@56C
08-21-2026 19:59:55 RAM 4305/15389MB (lfb 1154x4MB) SWAP 0/7694MB (cached 0MB) CPU [0%@1113,0%@1113,0%@1113,0%@1113,0%@1420,0%@1420,0%@1420,0%@1420] EMC_FREQ 0% GR3D_FREQ 0% GR3D2_FREQ 0%@0 CV0@55.75C CPU@58.437C SOC2@56.812C SOC0@57.593C CV1@55.593C GPU@56.156C tj@59.093C SOC1@59.093C CV2@55.906C
08-21-2026 19:59:55 RAM 4305/15389MB (lfb 1154x4MB) SWAP 0/7694MB (cached 0MB) CPU [100%@1113,50%@1984,0%@1984,0%@1984,0%@1267,0%@1267,0%@1267,50%@1267] EMC_FREQ 0% GR3D_FREQ 22% GR3D2_FREQ 22%@0 CV0@55.781C CPU@58.5C SOC2@56.781C SOC0@57.531C CV1@55.593C GPU@56.437C tj@59.25C SOC1@59.25C CV2@56C
08-21-2026 19:59:55 RAM 4305/15389MB (lfb 1154x4MB) SWAP 0/7694MB (cached 0MB) CPU [0%@1036,0%@1036,0%@1036,0%@1190,0%@1497,0%@1497,0%@1497,50%@1497] EMC_FREQ 0% GR3D_FREQ 23% GR3D2_FREQ 23%@0 CV0@55.718C CPU@58.468C SOC2@56.781C SOC0@57.75C CV1@55.593C GPU@56.156C tj@59.093C SOC1@59.093C CV2@55.812C
08-21-2026 19:59:55 RAM 4306/15389MB (lfb 1154x4MB) SWAP 0/7694MB (cached 0MB) CPU [50%@960,50%@960,0%@960,0%@960,50%@1190,0%@1190,0%@1190,0%@1190] EMC_FREQ 0% GR3D_FREQ 23% GR3D2_FREQ 23%@0 CV0@55.625C CPU@58.406C SOC2@56.843C SOC0@57.75C CV1@55.593C GPU@56.312C tj@59.093C SOC1@59.093C CV2@55.781C
08-21-2026 19:59:55 RAM 4306/15389MB (lfb 1154x4MB) SWAP 0/7694MB (cached 0MB) CPU [0%@1984,0%@1984,0%@1984,0%@1984,0%@1420,0%@1420,0%@1420,100%@1420] EMC_FREQ 0% GR3D_FREQ 0% GR3D2_FREQ 0%@0 CV0@55.687C CPU@58.312C SOC2@56.75C SOC0@57.687C CV1@55.562C GPU@56.218C tj@59.156C SOC1@59.156C CV2@55.843C
08-21-2026 19:59:55 RAM 4306/15389MB (lfb 1154x4MB) SWAP 0/7694MB (cached 0MB) CPU [0%@806,0%@806,0%@806,0%@806,0%@1420,0%@1420,0%@1420,0%@1420] EMC_FREQ 0% GR3D_FREQ 22% GR3D2_FREQ 22%@0 CV0@55.562C CPU@58.281C SOC2@56.812C SOC0@57.593C CV1@55.687C GPU@56.437C tj@58.968C SOC1@58.968C CV2@55.968C
08-21-2026 19:59:55 RAM 4305/15389MB (lfb 1154x4MB) SWAP 0/7694MB (cached 0MB) CPU [50%@806,50%@806,50%@806,50%@806,0%@1344,0%@1344,0%@1344,100%@1344] EMC_FREQ 0% GR3D_FREQ 1% GR3D2_FREQ 1%@0 CV0@55.656C CPU@58.375C SOC2@56.937C SOC0@57.625C CV1@55.75C GPU@56.437C tj@59.062C SOC1@59.062C CV2@56C
08-21-2026 19:59:55 RAM 4305/15389MB (lfb 1154x4MB) SWAP 0/7694MB (cached 0MB) CPU [50%@1984,0%@1984,0%@1984,0%@1984,0%@1420,0%@1420,0%@1420,0%@1420] EMC_FREQ 0% GR3D_FREQ 1% GR3D2_FREQ 1%@0 CV0@55.687C CPU@58.406C SOC2@56.75C SOC0@57.562C CV1@55.75C GPU@56.125C tj@58.937C SOC1@58.937C CV2@56.031C
08-21-2026 19:59:55 RAM 4305/15389MB (lfb 1154x4MB) SWAP 0/7694MB (cached 0MB) CPU [0%@1984,50%@1984,0%@1984,0%@1984,50%@1420,0%@1420,0%@1420,0%@1420] EMC_FREQ 0% GR3D_FREQ 21% GR3D2_FREQ 21%@0 CV0@55.593C CPU@58.593C SOC2@56.75C SOC0@57.5C CV1@55.656C GPU@56.343C tj@59C SOC1@59C CV2@55.906C
08-21-2026 19:59:55 RAM 4305/15389MB (lfb 1154x4MB) SWAP 0/7694MB (cached 0MB) CPU [0%@729,50%@729,0%@729,0%@729,0%@1267,0%@1267,0%@1267,50%@1267] EMC_FREQ 0% GR3D_FREQ 22% GR3D2_FREQ 22%@0 CV0@55.875C CPU@58.593C SOC2@56.781C SOC0@57.5C CV1@55.718C GPU@56.062C tj@59.031C SOC1@59.031C CV2@55.968C
08-21-2026 19:59:55 RAM 4305/15389MB (lfb 1154x4MB) SWAP 0/7694MB (cached 0MB) CPU [0%@1984,0%@1984,0%@1984,0%@1984,0%@1344,0%@1344,0%@1344,100%@1344] EMC_FREQ 0% GR3D_FREQ 0% GR3D2_FREQ 0%@0 CV0@55.718C CPU@58.5C SOC2@56.843C SOC0@57.656C CV1@55.687C GPU@56.093C tj@58.968C SOC1@58.968C CV2@55.906C
08-21-2026 19:59:55 RAM 4305/15389MB (lfb 1154x4MB) SWAP 0/7694MB (cached 0MB) CPU [0%@729,50%@729,0%@729,0%@729,0%@1420,0%@1420,0%@1420,0%@1420] EMC_FREQ 0% GR3D_FREQ 0% GR3D2_FREQ 0%@0 CV0@55.718C CPU@58.406C SOC2@56.843C SOC0@57.531C CV1@55.718C GPU@56.187C tj@59.031C SOC1@59.031C CV2@55.843C
08-21-2026 19:59:55 RAM 4305/15389MB (lfb 1154x4MB) SWAP 0/7694MB (cached 0MB) CPU [0%@1984,0%@1984,50%@1984,0%@1984,0%@1344,0%@1344,0%@1344,50%@1344] EMC_FREQ 0% GR3D_FREQ 19% GR3D2_FREQ 19%@0 CV0@55.625C CPU@58.468C SOC2@56.843C SOC0@57.718C CV1@55.656C GPU@56.375C tj@59.25C SOC1@59.25C CV2@55.875C
08-21-2026 19:59:55 RAM 4305/15389MB (lfb 1154x4MB) SWAP 0/7694MB (cached 0MB) CPU [0%@1984,0%@1984,0%@1984,0%@1984,0%@1344,0%@1344,0%@1344,100%@1344] EMC_FREQ 0% GR3D_FREQ 22% GR3D2_FREQ 22%@0 CV0@55.718C CPU@58.531C SOC2@56.781C SOC0@57.687C CV1@55.562C GPU@56.312C tj@59.062C SOC1@59.062C CV2@55.875C
08-21-2026 19:59:55 RAM 4306/15389MB (lfb 1154x4MB) SWAP 0/7694MB (cached 0MB) CPU [50%@1113,0%@1113,0%@1113,0%@1113,0%@1420,0%@1420,0%@1420,50%@1420] EMC_FREQ 0% GR3D_FREQ 0% GR3D2_FREQ 0%@0 CV0@55.593C CPU@58.375C SOC2@56.875C SOC0@57.687C CV1@55.625C GPU@56.125C tj@59.125C SOC1@59.125C CV2@55.906C
08-21-2026 19:59:56 RAM 4306/15389MB (lfb 1154x4MB) SWAP 0/7694MB (cached 0MB) CPU [0%@1984,0%@1984,0%@1984,0%@1984,0%@1497,0%@1497,50%@1497,50%@1497] EMC_FREQ 0% GR3D_FREQ 0% GR3D2_FREQ 0%@0 CV0@55.75C CPU@58.406C SOC2@56.906C SOC0@57.656C CV1@55.625C GPU@56.25C tj@58.968C SOC1@58.968C CV2@56.031C
08-21-2026 19:59:56 RAM 4306/15389MB (lfb 1154x4MB) SWAP 0/7694MB (cached 0MB) CPU [0%@806,0%@806,0%@806,0%@806,0%@1420,0%@1420,0%@1420,0%@1420] EMC_FREQ 0% GR3D_FREQ 22% GR3D2_FREQ 22%@0 CV0@55.656C CPU@58.343C SOC2@56.906C SOC0@57.625C CV1@55.75C GPU@56.093C tj@59.156C SOC1@59.156C CV2@56.031C
08-21-2026 19:59:56 RAM 4306/15389MB (lfb 1154x4MB) SWAP 0/7694MB (cached 0MB) CPU [0%@883,0%@883,50%@883,0%@883,0%@1497,0%@1497,0%@1497,0%@1497] EMC_FREQ 0% GR3D_FREQ 21% GR3D2_FREQ 21%@0 CV0@55.593C CPU@58.5C SOC2@56.781C SOC0@57.531C CV1@55.687C GPU@56.5C tj@59.062C SOC1@59.062C CV2@56C
08-21-2026 19:59:56 RAM 4306/15389MB (lfb 1154x4MB) SWAP 0/7694MB (cached 0MB) CPU [0%@806,0%@806,0%@1984,0%@1984,0%@1420,0%@1420,0%@1420,0%@1420] EMC_FREQ 0% GR3D_FREQ 1% GR3D2_FREQ 1%@0 CV0@55.625C CPU@58.5C SOC2@56.843C SOC0@57.562C CV1@55.781C GPU@56.156C tj@58.937C SOC1@58.937C CV2@55.843C
08-21-2026 19:59:56 RAM 4306/15389MB (lfb 1154x4MB) SWAP 0/7694MB (cached 0MB) CPU [50%@1984,50%@1984,50%@1984,0%@1984,0%@1497,0%@1497,50%@1497,100%@1497] EMC_FREQ 0% GR3D_FREQ 1% GR3D2_FREQ 1%@0 CV0@55.718C CPU@58.625C SOC2@56.781C SOC0@57.593C CV1@55.687C GPU@56.343C tj@59C SOC1@59C CV2@56C
08-21-2026 19:59:56 RAM 4306/15389MB (lfb 1154x4MB) SWAP 0/7694MB (cached 0MB) CPU [50%@1984,0%@1984,0%@1984,0%@1984,0%@1497,0%@1497,0%@1497,0%@1497] EMC_FREQ 0% GR3D_FREQ 23% GR3D2_FREQ 23%@0 CV0@55.718C CPU@58.5C SOC2@56.781C SOC0@57.75C CV1@55.718C GPU@56.156C tj@59.093C SOC1@59.093C CV2@55.937C
08-21-2026 19:59:56 RAM 4305/15389MB (lfb 1154x4MB) SWAP 0/7694MB (cached 0MB) CPU [0%@1036,0%@1036,0%@1036,0%@1036,0%@1420,0%@1420,0%@1420,50%@1420] EMC_FREQ 0% GR3D_FREQ 14% GR3D2_FREQ 14%@0 CV0@55.75C CPU@58.468C SOC2@56.812C SOC0@57.656C CV1@55.625C GPU@56.093C tj@59.125C SOC1@59.125C CV2@55.968C
08-21-2026 19:59:56 RAM 4305/15389MB (lfb 1154x4MB) SWAP 0/7694MB (cached 0MB) CPU [0%@1984,0%@1984,50%@1984,0%@1984,0%@1497,0%@1497,0%@1497,0%@1497] EMC_FREQ 0% GR3D_FREQ 14% GR3D2_FREQ 14%@0 CV0@55.593C CPU@58.437C SOC2@56.781C SOC0@57.687C CV1@55.562C GPU@56.218C tj@59.156C SOC1@59.156C CV2@56C
08-21-2026 19:59:56 RAM 4305/15389MB (lfb 1154x4MB) SWAP 0/7694MB (cached 0MB) CPU [0%@806,0%@806,0%@806,0%@806,50%@1420,0%@1420,0%@1420,100%@1420] EMC_FREQ 0% GR3D_FREQ 7% GR3D2_FREQ 7%@0 CV0@55.625C CPU@58.437C SOC2@56.718C SOC0@57.593C CV1@55.562C GPU@56.5C tj@59.156C SOC1@59.156C CV2@56.062C
08-21-2026 19:59:56 RAM 4305/15389MB (lfb 1154x4MB) SWAP 0/7694MB (cached 0MB) CPU [0%@1984,50%@1984,50%@1984,50%@1984,0%@1267,0%@1267,33%@1267,50%@1267] EMC_FREQ 0% GR3D_FREQ 22% GR3D2_FREQ 22%@0 CV0@55.625C CPU@58.531C SOC2@56.843C SOC0@57.562C CV1@55.593C GPU@56.437C tj@58.968C SOC1@58.968C CV2@56C
08-21-2026 19:59:56 RAM 4305/15389MB (lfb 1154x4MB) SWAP 0/7694MB (cached 0MB) CPU [50%@1984,0%@1984,0%@1984,0%@1984,0%@1420,0%@1420,0%@1420,100%@1420] EMC_FREQ 0% GR3D_FREQ 4% GR3D2_FREQ 4%@0 CV0@55.593C CPU@58.656C SOC2@56.906C SOC0@57.687C CV1@55.843C GPU@56.187C tj@59.093C SOC1@59.093C CV2@55.968C
08-21-2026 19:59:56 RAM 4305/15389MB (lfb 1154x4MB) SWAP 0/7694MB (cached 0MB) CPU [50%@1984,0%@1984,50%@1984,0%@1984,0%@1344,0%@1344,50%@1344,0%@1344] EMC_FREQ 0% GR3D_FREQ 4% GR3D2_FREQ 4%@0 CV0@55.75C CPU@58.625C SOC2@56.781C SOC0@57.656C CV1@55.656C GPU@56.375C tj@58.968C SOC1@58.968C CV2@55.968C
08-21-2026 19:59:56 RAM 4305/15389MB (lfb 1154x4MB) SWAP 0/7694MB (cached 0MB) CPU [0%@1984,0%@1984,0%@1984,0%@1984,0%@1344,0%@1344,0%@1344,0%@1344] EMC_FREQ 0% GR3D_FREQ 15% GR3D2_FREQ 15%@0 CV0@55.718C CPU@58.562C SOC2@56.781C SOC0@57.562C CV1@55.625C GPU@56.125C tj@58.968C SOC1@58.968C CV2@55.906C
08-21-2026 19:59:56 RAM 4305/15389MB (lfb 1154x4MB) SWAP 0/7694MB (cached 0MB) CPU [0%@1984,0%@1984,0%@1984,0%@1984,0%@1344,0%@1344,0%@1344,50%@1344] EMC_FREQ 0% GR3D_FREQ 19% GR3D2_FREQ 19%@0 CV0@55.687C CPU@58.593C SOC2@56.75C SOC0@57.718C CV1@55.531C GPU@56.312C tj@58.906C SOC1@58.906C CV2@55.875C
08-21-2026 19:59:56 RAM 4305/15389MB (lfb 1154x4MB) SWAP 0/7694MB (cached 0MB) CPU [0%@1984,0%@1984,0%@1984,0%@1984,0%@1267,0%@1267,0%@1267,100%@1267] EMC_FREQ 0% GR3D_FREQ 19% GR3D2_FREQ 0%@0 CV0@55.625C CPU@58.468C SOC2@56.656C SOC0@57.593C CV1@55.625C GPU@56.218C tj@59.031C SOC1@59.031C CV2@55.875C
08-21-2026 19:59:56 RAM 4305/15389MB (lfb 1154x4MB) SWAP 0/7694MB (cached 0MB) CPU [0%@1984,0%@1984,0%@1984,50%@1984,0%@1420,0%@1420,0%@1420,50%@1420] EMC_FREQ 0% GR3D_FREQ 0% GR3D2_FREQ 0%@0 CV0@55.656C CPU@58.468C SOC2@56.875C SOC0@57.718C CV1@55.687C GPU@56.468C tj@59.25C SOC1@59.25C CV2@55.906C
08-21-2026 19:59:56 RAM 4305/15389MB (lfb 1154x4MB) SWAP 0/7694MB (cached 0MB) CPU [0%@1984,0%@1984,0%@1984,0%@1984,0%@1267,0%@1267,0%@1267,0%@1267] EMC_FREQ 0% GR3D_FREQ 22% GR3D2_FREQ 22%@0 CV0@55.531C CPU@58.343C SOC2@56.875C SOC0@57.656C CV1@55.625C GPU@56.156C tj@59.156C SOC1@59.156C CV2@56C
08-21-2026 19:59:56 RAM 4306/15389MB (lfb 1154x4MB) SWAP 0/7694MB (cached 0MB) CPU [0%@883,0%@883,0%@883,50%@883,0%@1420,0%@1420,0%@1420,100%@1420] EMC_FREQ 0% GR3D_FREQ 17% GR3D2_FREQ 17%@0 CV0@55.593C CPU@58.812C SOC2@56.812C SOC0@57.625C CV1@55.593C GPU@56.312C tj@59C SOC1@59C CV2@55.906C
08-21-2026 19:59:56 RAM 4306/15389MB (lfb 1154x4MB) SWAP 0/7694MB (cached 0MB) CPU [50%@1984,0%@1984,0%@1984,0%@1984,0%@1267,0%@1267,0%@1267,0%@1267] EMC_FREQ 0% GR3D_FREQ 17% GR3D2_FREQ 17%@0 CV0@55.593C CPU@58.718C SOC2@56.812C SOC0@57.625C CV1@55.718C GPU@56.281C tj@59.218C SOC1@59.218C CV2@55.875C
08-21-2026 19:59:56 RAM 4306/15389MB (lfb 1153x4MB) SWAP 0/7694MB (cached 0MB) CPU [0%@806,0%@806,0%@806,50%@806,0%@1344,0%@1344,0%@1344,100%@1344] EMC_FREQ 0% GR3D_FREQ 5% GR3D2_FREQ 5%@0 CV0@55.812C CPU@58.656C SOC2@56.781C SOC0@57.562C CV1@55.656C GPU@56.187C tj@59C SOC1@59C CV2@56C
08-21-2026 19:59:56 RAM 4306/15389MB (lfb 1153x4MB) SWAP 0/7694MB (cached 0MB) CPU [0%@806,0%@806,50%@806,0%@806,33%@1267,0%@1267,0%@1267,50%@1267] EMC_FREQ 0% GR3D_FREQ 22% GR3D2_FREQ 22%@0 CV0@55.781C CPU@58.656C SOC2@56.812C SOC0@57.531C CV1@55.687C GPU@56.156C tj@59C SOC1@59C CV2@56C
08-21-2026 19:59:56 RAM 4306/15389MB (lfb 1153x4MB) SWAP 0/7694MB (cached 0MB) CPU [0%@806,0%@806,0%@806,50%@806,0%@1344,0%@1344,0%@1344,50%@1344] EMC_FREQ 0% GR3D_FREQ 0% GR3D2_FREQ 0%@0 CV0@55.718C CPU@58.656C SOC2@56.75C SOC0@57.625C CV1@55.656C GPU@56.187C tj@58.906C SOC1@58.906C CV2@56C
08-21-2026 19:59:56 RAM 4306/15389MB (lfb 1153x4MB) SWAP 0/7694MB (cached 0MB) CPU [0%@1984,50%@1984,0%@1984,50%@1984,0%@1420,0%@1420,0%@1420,0%@1420] EMC_FREQ 0% GR3D_FREQ 0% GR3D2_FREQ 0%@0 CV0@55.75C CPU@58.5C SOC2@56.687C SOC0@57.75C CV1@55.593C GPU@56.375C tj@59.218C SOC1@59.218C CV2@55.906C
08-21-2026 19:59:56 RAM 4306/15389MB (lfb 1153x4MB) SWAP 0/7694MB (cached 0MB) CPU [0%@806,0%@806,0%@806,0%@806,0%@1344,0%@1344,0%@1344,100%@1344] EMC_FREQ 0% GR3D_FREQ 19% GR3D2_FREQ 19%@0 CV0@55.625C CPU@58.687C SOC2@56.781C SOC0@57.718C CV1@55.75C GPU@56.218C tj@59.062C SOC1@59.062C CV2@55.75C
08-21-2026 19:59:56 RAM 4306/15389MB (lfb 1153x4MB) SWAP 0/7694MB (cached 0MB) CPU [50%@1984,0%@1984,0%@1984,100%@1984,0%@1344,0%@1344,50%@1344,0%@1344] EMC_FREQ 0% GR3D_FREQ 19% GR3D2_FREQ 19%@0 CV0@55.687C CPU@58.531C SOC2@56.75C SOC0@57.656C CV1@55.562C GPU@56.156C tj@59.156C SOC1@59.156C CV2@55.968C
08-21-2026 19:59:56 RAM 4306/15389MB (lfb 1153x4MB) SWAP 0/7694MB (cached 0MB) CPU [50%@729,50%@729,0%@729,0%@729,0%@1344,0%@1344,0%@1344,50%@1344] EMC_FREQ 0% GR3D_FREQ 0% GR3D2_FREQ 0%@0 CV0@55.656C CPU@58.406C SOC2@56.812C SOC0@57.687C CV1@55.687C GPU@56.156C tj@59.156C SOC1@59.156C CV2@56.031C
08-21-2026 19:59:56 RAM 4306/15389MB (lfb 1153x4MB) SWAP 0/7694MB (cached 0MB) CPU [0%@806,0%@806,0%@1984,50%@1984,0%@1497,0%@1497,0%@1497,100%@1497] EMC_FREQ 0% GR3D_FREQ 0% GR3D2_FREQ 0%@0 CV0@55.656C CPU@58.375C SOC2@56.875C SOC0@57.656C CV1@55.625C GPU@56.5C tj@59.156C SOC1@59.156C CV2@56.031C
08-21-2026 19:59:56 RAM 4306/15389MB (lfb 1153x4MB) SWAP 0/7694MB (cached 0MB) CPU [0%@806,0%@806,0%@806,0%@806,0%@1344,0%@1344,0%@1344,0%@1344] EMC_FREQ 0% GR3D_FREQ 19% GR3D2_FREQ 19%@0 CV0@55.687C CPU@58.718C SOC2@56.781C SOC0@57.5C CV1@55.625C GPU@56.375C tj@59C SOC1@59C CV2@55.937C
08-21-2026 19:59:56 RAM 4306/15389MB (lfb 1153x4MB) SWAP 0/7694MB (cached 0MB) CPU [0%@729,0%@729,0%@729,100%@729,0%@1420,0%@1420,0%@1420,0%@1420] EMC_FREQ 0% GR3D_FREQ 9% GR3D2_FREQ 9%@0 CV0@55.625C CPU@58.781C SOC2@56.906C SOC0@57.562C CV1@55.812C GPU@56.187C tj@58.937C SOC1@58.937C CV2@55.843C
08-21-2026 19:59:56 RAM 4306/15389MB (lfb 1153x4MB) SWAP 0/7694MB (cached 0MB) CPU [66%@1984,0%@1984,50%@1984,50%@1984,0%@1344,0%@1344,0%@1344,50%@1344] EMC_FREQ 0% GR3D_FREQ 13% GR3D2_FREQ 13%@0 CV0@55.625C CPU@58.625C SOC2@56.75C SOC0@57.656C CV1@55.625C GPU@56.343C tj@59.062C SOC1@59.093C CV2@55.937C
08-21-2026 19:59:56 RAM 4306/15389MB (lfb 1153x4MB) SWAP 0/7694MB (cached 0MB) CPU [0%@1984,0%@1984,0%@1984,50%@1984,0%@1420,0%@1420,0%@1420,100%@1420] EMC_FREQ 0% GR3D_FREQ 13% GR3D2_FREQ 13%@0 CV0@55.843C CPU@58.687C SOC2@56.75C SOC0@57.625C CV1@55.656C GPU@56.312C tj@58.906C SOC1@58.906C CV2@55.906C
08-21-2026 19:59:56 RAM 4306/15389MB (lfb 1153x4MB) SWAP 0/7694MB (cached 0MB) CPU [0%@883,0%@883,0%@1984,50%@1984,0%@1267,50%@1267,0%@1267,0%@1267] EMC_FREQ 0% GR3D_FREQ 22% GR3D2_FREQ 22%@0 CV0@55.625C CPU@58.625C SOC2@56.781C SOC0@57.562C CV1@55.625C GPU@56.156C tj@59C SOC1@59C CV2@55.906C
08-21-2026 19:59:56 RAM 4306/15389MB (lfb 1153x4MB) SWAP 0/7694MB (cached 0MB) CPU [50%@729,0%@729,50%@729,0%@729,0%@1344,0%@1344,0%@1344,50%@1344] EMC_FREQ 0% GR3D_FREQ 0% GR3D2_FREQ 0%@0 CV0@55.75C CPU@58.656C SOC2@56.781C SOC0@57.5C CV1@55.718C GPU@56.218C tj@59.312C SOC1@59.312C CV2@55.968C
08-21-2026 19:59:56 RAM 4306/15389MB (lfb 1153x4MB) SWAP 0/7694MB (cached 0MB) CPU [0%@1984,0%@1984,0%@1984,50%@1984,0%@1267,0%@1267,0%@1267,0%@1267] EMC_FREQ 0% GR3D_FREQ 23% GR3D2_FREQ 23%@0 CV0@55.593C CPU@58.687C SOC2@56.812C SOC0@57.625C CV1@55.656C GPU@56.375C tj@59.218C SOC1@59.218C CV2@55.875C
08-21-2026 19:59:56 RAM 4306/15389MB (lfb 1153x4MB) SWAP 0/7694MB (cached 0MB) CPU [0%@883,0%@883,0%@883,0%@1984,0%@1267,0%@1267,100%@1267,0%@1267] EMC_FREQ 0% GR3D_FREQ 23% GR3D2_FREQ 23%@0 CV0@55.75C CPU@58.531C SOC2@56.718C SOC0@57.625C CV1@55.531C GPU@56.281C tj@59.187C SOC1@59.187C CV2@55.968C
08-21-2026 19:59:56 RAM 4306/15389MB (lfb 1153x4MB) SWAP 0/7694MB (cached 0MB) CPU [0%@1984,0%@1984,0%@1984,50%@1984,0%@1344,0%@1344,50%@1344,0%@1344] EMC_FREQ 0% GR3D_FREQ 5% GR3D2_FREQ 5%@0 CV0@55.656C CPU@58.312C SOC2@56.75C SOC0@57.687C CV1@55.562C GPU@56.218C tj@59C SOC1@59C CV2@56.031C
08-21-2026 19:59:56 RAM 4306/15389MB (lfb 1153x4MB) SWAP 0/7694MB (cached 0MB) CPU [0%@883,0%@883,0%@883,0%@883,0%@1344,0%@1344,0%@1344,0%@1344] EMC_FREQ 0% GR3D_FREQ 14% GR3D2_FREQ 14%@0 CV0@55.625C CPU@58.406C SOC2@56.781C SOC0@57.562C CV1@55.625C GPU@56.125C tj@59.062C SOC1@59.062C CV2@56.031C
08-21-2026 19:59:56 RAM 4306/15389MB (lfb 1153x4MB) SWAP 0/7694MB (cached 0MB) CPU [0%@960,0%@960,0%@960,0%@960,0%@1420,0%@1420,50%@1420,0%@1420] EMC_FREQ 0% GR3D_FREQ 22% GR3D2_FREQ 22%@0 CV0@55.656C CPU@58.5C SOC2@56.843C SOC0@57.75C CV1@55.656C GPU@56.218C tj@59.062C SOC1@59.062C CV2@55.968C
08-21-2026 19:59:56 RAM 4306/15389MB (lfb 1153x4MB) SWAP 0/7694MB (cached 0MB) CPU [0%@1984,0%@1984,0%@1984,0%@1984,0%@1420,50%@1420,0%@1420,0%@1420] EMC_FREQ 0% GR3D_FREQ 22% GR3D2_FREQ 22%@0 CV0@55.593C CPU@58.781C SOC2@56.906C SOC0@57.531C CV1@55.562C GPU@56.437C tj@58.937C SOC1@58.937C CV2@56C
08-21-2026 19:59:56 RAM 4306/15389MB (lfb 1153x4MB) SWAP 0/7694MB (cached 0MB) CPU [0%@883,0%@883,50%@883,0%@883,0%@1497,0%@1497,50%@1497,33%@1497] EMC_FREQ 0% GR3D_FREQ 0% GR3D2_FREQ 0%@0 CV0@55.5C CPU@58.75C SOC2@56.875C SOC0@57.593C CV1@55.75C GPU@56.437C tj@58.968C SOC1@58.968C CV2@55.906C
08-21-2026 19:59:56 RAM 4306/15389MB (lfb 1153x4MB) SWAP 0/7694MB (cached 0MB) CPU [0%@1984,0%@1984,0%@1984,100%@1984,0%@1344,0%@1344,50%@1344,0%@1344] EMC_FREQ 0% GR3D_FREQ 22% GR3D2_FREQ 22%@0 CV0@55.781C CPU@58.718C SOC2@56.906C SOC0@57.656C CV1@55.843C GPU@56.125C tj@59C SOC1@59C CV2@55.843C
08-21-2026 19:59:56 RAM 4306/15389MB (lfb 1153x4MB) SWAP 0/7694MB (cached 0MB) CPU [0%@1984,0%@1984,0%@1984,66%@1984,0%@1497,0%@1497,0%@1497,0%@1497] EMC_FREQ 0% GR3D_FREQ 19% GR3D2_FREQ 19%@0 CV0@55.718C CPU@58.656C SOC2@56.75C SOC0@57.468C CV1@55.625C GPU@56.406C tj@58.937C SOC1@58.937C CV2@55.812C
08-21-2026 19:59:56 RAM 4306/15389MB (lfb 1153x4MB) SWAP 0/7694MB (cached 0MB) CPU [0%@806,0%@806,0%@806,0%@806,0%@1267,0%@1267,0%@1267,0%@1267] EMC_FREQ 0% GR3D_FREQ 19% GR3D2_FREQ 19%@0 CV0@55.687C CPU@58.687C SOC2@56.875C SOC0@57.625C CV1@55.656C GPU@56.187C tj@59.25C SOC1@58.937C CV2@55.875C
08-21-2026 19:59:56 RAM 4306/15389MB (lfb 1153x4MB) SWAP 0/7694MB (cached 0MB) CPU [50%@1984,0%@1984,0%@1984,0%@1984,0%@1420,0%@1420,66%@1420,0%@1420] EMC_FREQ 0% GR3D_FREQ 0% GR3D2_FREQ 0%@0 CV0@55.75C CPU@58.562C SOC2@56.687C SOC0@57.593C CV1@55.625C GPU@56.093C tj@58.937C SOC1@58.937C CV2@55.843C
08-21-2026 19:59:56 RAM 4306/15389MB (lfb 1153x4MB) SWAP 0/7694MB (cached 0MB) CPU [0%@1984,0%@1984,0%@1984,0%@1984,0%@1420,0%@1420,0%@1420,0%@1420] EMC_FREQ 0% GR3D_FREQ 22% GR3D2_FREQ 22%@0 CV0@55.718C CPU@58.562C SOC2@56.812C SOC0@57.687C CV1@55.625C GPU@56.156C tj@59.125C SOC1@59.125C CV2@55.843C
08-21-2026 19:59:56 RAM 4306/15389MB (lfb 1153x4MB) SWAP 0/7694MB (cached 0MB) CPU [0%@883,0%@883,0%@883,0%@883,0%@1420,0%@1420,100%@1420,0%@1420] EMC_FREQ 0% GR3D_FREQ 7% GR3D2_FREQ 7%@0 CV0@55.656C CPU@58.5C SOC2@56.687C SOC0@57.687C CV1@55.531C GPU@56.187C tj@59.156C SOC1@59.156C CV2@56C
08-21-2026 19:59:56 RAM 4306/15389MB (lfb 1153x4MB) SWAP 0/7694MB (cached 0MB) CPU [0%@729,0%@729,0%@729,50%@729,0%@1420,0%@1420,0%@1420,0%@1420] EMC_FREQ 0% GR3D_FREQ 7% GR3D2_FREQ 7%@0 CV0@55.718C CPU@58.281C SOC2@56.656C SOC0@57.625C CV1@55.531C GPU@56.343C tj@59.187C SOC1@59.187C CV2@55.812C
08-21-2026 19:59:56 RAM 4306/15389MB (lfb 1153x4MB) SWAP 0/7694MB (cached 0MB) CPU [0%@806,0%@806,0%@806,0%@806,0%@1344,0%@1344,100%@1344,0%@1344] EMC_FREQ 0% GR3D_FREQ 12% GR3D2_FREQ 12%@0 CV0@55.593C CPU@58.375C SOC2@56.781C SOC0@57.656C CV1@55.656C GPU@56.093C tj@59.062C SOC1@59.062C CV2@55.906C
08-21-2026 19:59:56 RAM 4306/15389MB (lfb 1153x4MB) SWAP 0/7694MB (cached 0MB) CPU [0%@1984,0%@1984,0%@1984,50%@1984,0%@1267,50%@1267,50%@1267,0%@1267] EMC_FREQ 0% GR3D_FREQ 22% GR3D2_FREQ 22%@0 CV0@55.593C CPU@58.781C SOC2@56.718C SOC0@57.593C CV1@55.562C GPU@56.062C tj@59.218C SOC1@59.218C CV2@55.937C
08-21-2026 19:59:56 RAM 4306/15389MB (lfb 1153x4MB) SWAP 0/7694MB (cached 0MB) CPU [50%@806,0%@806,0%@806,0%@806,0%@1267,0%@1267,50%@1267,0%@1344] EMC_FREQ 0% GR3D_FREQ 0% GR3D2_FREQ 0%@0 CV0@55.625C CPU@58.718C SOC2@56.875C SOC0@57.656C CV1@55.593C GPU@56.312C tj@59.062C SOC1@59.062C CV2@55.937C
08-21-2026 19:59:56 RAM 4306/15389MB (lfb 1153x4MB) SWAP 0/7694MB (cached 0MB) CPU [0%@806,50%@806,0%@806,50%@806,0%@1420,0%@1420,0%@1420,50%@1420] EMC_FREQ 0% GR3D_FREQ 0% GR3D2_FREQ 0%@0 CV0@55.625C CPU@58.718C SOC2@56.906C SOC0@57.625C CV1@55.687C GPU@56.218C tj@58.968C SOC1@58.968C CV2@56C
08-21-2026 19:59:56 RAM 4306/15389MB (lfb 1153x4MB) SWAP 0/7694MB (cached 0MB) CPU [0%@806,0%@806,0%@806,0%@806,0%@1420,0%@1420,100%@1420,0%@1420] EMC_FREQ 0% GR3D_FREQ 22% GR3D2_FREQ 22%@0 CV0@55.718C CPU@58.562C SOC2@56.906C SOC0@57.625C CV1@55.812C GPU@56.375C tj@59.125C SOC1@59.125C CV2@56C
08-21-2026 19:59:56 RAM 4306/15389MB (lfb 1153x4MB) SWAP 0/7694MB (cached 0MB) CPU [0%@1984,0%@1984,0%@1984,0%@1984,0%@1344,0%@1344,50%@1344,0%@1344] EMC_FREQ 0% GR3D_FREQ 22% GR3D2_FREQ 22%@0 CV0@55.562C CPU@58.468C SOC2@56.812C SOC0@57.562C CV1@55.718C GPU@56.125C tj@59.062C SOC1@59.062C CV2@56C
08-21-2026 19:59:56 RAM 4306/15389MB (lfb 1153x4MB) SWAP 0/7694MB (cached 0MB) CPU [0%@883,0%@883,0%@883,0%@883,0%@1267,0%@1267,0%@1420,0%@1420] EMC_FREQ 0% GR3D_FREQ 0% GR3D2_FREQ 0%@0 CV0@55.656C CPU@58.593C SOC2@56.718C SOC0@57.5C CV1@55.656C GPU@56.062C tj@58.937C SOC1@58.937C CV2@55.906C
08-21-2026 19:59:56 RAM 4306/15389MB (lfb 1153x4MB) SWAP 0/7694MB (cached 0MB) CPU [50%@1036,50%@1036,0%@1036,0%@1036,0%@1497,0%@1497,0%@1497,0%@1497] EMC_FREQ 0% GR3D_FREQ 0% GR3D2_FREQ 0%@0 CV0@55.875C CPU@58.468C SOC2@56.812C SOC0@57.625C CV1@55.656C GPU@56.218C tj@59.125C SOC1@59.125C CV2@55.968C
08-21-2026 19:59:56 RAM 4306/15389MB (lfb 1153x4MB) SWAP 0/7694MB (cached 0MB) CPU [100%@1984,0%@1984,0%@1984,50%@1984,0%@1267,0%@1267,0%@1267,50%@1267] EMC_FREQ 0% GR3D_FREQ 22% GR3D2_FREQ 22%@0 CV0@55.718C CPU@58.468C SOC2@56.843C SOC0@57.75C CV1@55.656C GPU@56.187C tj@59.218C SOC1@59.218C CV2@55.875C
08-21-2026 19:59:56 RAM 4306/15389MB (lfb 1153x4MB) SWAP 0/7694MB (cached 0MB) CPU [50%@1036,0%@1036,0%@1036,0%@1036,0%@1420,0%@1420,50%@1420,0%@1420] EMC_FREQ 0% GR3D_FREQ 1% GR3D2_FREQ 1%@0 CV0@55.718C CPU@58.5C SOC2@56.781C SOC0@57.593C CV1@55.562C GPU@56.25C tj@59.156C SOC1@59.156C CV2@55.968C
08-21-2026 19:59:56 RAM 4306/15389MB (lfb 1153x4MB) SWAP 0/7694MB (cached 0MB) CPU [50%@1984,50%@1984,0%@1984,0%@1984,0%@1420,0%@1420,50%@1420,0%@1420] EMC_FREQ 0% GR3D_FREQ 21% GR3D2_FREQ 21%@0 CV0@55.593C CPU@58.406C SOC2@56.781C SOC0@57.593C CV1@55.687C GPU@56.187C tj@59.093C SOC1@59.093C CV2@56.062C
08-21-2026 19:59:56 RAM 4306/15389MB (lfb 1153x4MB) SWAP 0/7694MB (cached 0MB) CPU [0%@883,0%@883,0%@883,0%@883,0%@1420,0%@1420,0%@1420,0%@1420] EMC_FREQ 0% GR3D_FREQ 21% GR3D2_FREQ 21%@0 CV0@55.625C CPU@58.781C SOC2@56.843C SOC0@57.562C CV1@55.593C GPU@56.406C tj@59.062C SOC1@59.062C CV2@56.031C
08-21-2026 19:59:56 RAM 4306/15389MB (lfb 1153x4MB) SWAP 0/7694MB (cached 0MB) CPU [50%@1984,0%@1984,0%@1984,0%@1984,0%@1420,0%@1420,50%@1420,0%@1420] EMC_FREQ 0% GR3D_FREQ 23% GR3D2_FREQ 23%@0 CV0@55.593C CPU@58.75C SOC2@56.875C SOC0@57.625C CV1@55.75C GPU@56.156C tj@59.062C SOC1@59.062C CV2@56.031C
08-21-2026 19:59:56 RAM 4306/15389MB (lfb 1153x4MB) SWAP 0/7694MB (cached 0MB) CPU [0%@806,0%@806,0%@806,0%@806,0%@1344,0%@1344,0%@1344,50%@1344] EMC_FREQ 0% GR3D_FREQ 0% GR3D2_FREQ 0%@0 CV0@55.625C CPU@58.718C SOC2@56.781C SOC0@57.531C CV1@55.718C GPU@56.25C tj@59C SOC1@59C CV2@55.937C
08-21-2026 19:59:56 RAM 4306/15389MB (lfb 1153x4MB) SWAP 0/7694MB (cached 0MB) CPU [0%@806,0%@806,0%@806,50%@806,50%@1344,0%@1344,50%@1344,0%@1344] EMC_FREQ 0% GR3D_FREQ 0% GR3D2_FREQ 19%@0 CV0@55.781C CPU@58.718C SOC2@56.906C SOC0@57.656C CV1@55.75C GPU@56.25C tj@58.937C SOC1@58.937C CV2@56C
08-21-2026 19:59:56 RAM 4306/15389MB (lfb 1153x4MB) SWAP 0/7694MB (cached 0MB) CPU [50%@883,0%@883,0%@883,50%@883,0%@1344,0%@1344,50%@1344,0%@1344] EMC_FREQ 0% GR3D_FREQ 19% GR3D2_FREQ 19%@0 CV0@55.656C CPU@58.625C SOC2@56.75C SOC0@57.625C CV1@55.687C GPU@56.468C tj@59.031C SOC1@59.031C CV2@56C
08-21-2026 19:59:56 RAM 4306/15389MB (lfb 1153x4MB) SWAP 0/7694MB (cached 0MB) CPU [0%@729,0%@729,0%@729,0%@729,0%@1344,0%@1344,0%@1344,0%@1344] EMC_FREQ 0% GR3D_FREQ 18% GR3D2_FREQ 18%@0 CV0@55.656C CPU@58.593C SOC2@56.875C SOC0@57.562C CV1@55.625C GPU@56.375C tj@58.968C SOC1@58.968C CV2@55.937C
08-21-2026 19:59:56 RAM 4306/15389MB (lfb 1153x4MB) SWAP 0/7694MB (cached 0MB) CPU [0%@1984,0%@1984,0%@1984,50%@1984,0%@1420,0%@1420,100%@1420,0%@1420] EMC_FREQ 0% GR3D_FREQ 1% GR3D2_FREQ 1%@0 CV0@55.781C CPU@58.593C SOC2@56.843C SOC0@57.718C CV1@55.656C GPU@56.062C tj@58.906C SOC1@58.906C CV2@55.968C
08-21-2026 19:59:56 RAM 4306/15389MB (lfb 1153x4MB) SWAP 0/7694MB (cached 0MB) CPU [0%@1984,0%@1984,0%@1984,50%@1984,0%@1420,0%@1420,0%@1420,0%@1420] EMC_FREQ 0% GR3D_FREQ 22% GR3D2_FREQ 22%@0 CV0@55.781C CPU@58.562C SOC2@56.656C SOC0@57.656C CV1@55.625C GPU@56.25C tj@59.156C SOC1@59.156C CV2@55.968C
08-21-2026 19:59:56 RAM 4306/15389MB (lfb 1153x4MB) SWAP 0/7694MB (cached 0MB) CPU [0%@1984,0%@1984,50%@1984,0%@1984,0%@1267,0%@1267,0%@1267,0%@1267] EMC_FREQ 0% GR3D_FREQ 22% GR3D2_FREQ 22%@0 CV0@55.687C CPU@58.437C SOC2@56.781C SOC0@57.625C CV1@55.593C GPU@56.187C tj@59.218C SOC1@59.218C CV2@55.968C
08-21-2026 19:59:56 RAM 4306/15389MB (lfb 1153x4MB) SWAP 0/7694MB (cached 0MB) CPU [0%@729,0%@729,0%@729,50%@729,0%@1420,0%@1420,0%@1420,100%@1420] EMC_FREQ 0% GR3D_FREQ 0% GR3D2_FREQ 0%@0 CV0@55.593C CPU@58.437C SOC2@56.781C SOC0@57.656C CV1@55.593C GPU@56.468C tj@59.093C SOC1@59.093C CV2@55.937C
08-21-2026 19:59:56 RAM 4306/15389MB (lfb 1153x4MB) SWAP 0/7694MB (cached 0MB) CPU [50%@806,50%@806,0%@806,50%@806,0%@1344,0%@1344,0%@1344,50%@1344] EMC_FREQ 0% GR3D_FREQ 25% GR3D2_FREQ 25%@0 CV0@55.656C CPU@58.375C SOC2@56.687C SOC0@57.562C CV1@55.625C GPU@56.125C tj@59C SOC1@59C CV2@55.937C
08-21-2026 19:59:56 RAM 4306/15389MB (lfb 1153x4MB) SWAP 0/7694MB (cached 0MB) CPU [50%@806,0%@806,0%@806,0%@806,0%@1344,0%@1344,0%@1344,50%@1344] EMC_FREQ 0% GR3D_FREQ 14% GR3D2_FREQ 14%@0 CV0@55.562C CPU@58.718C SOC2@56.875C SOC0@57.593C CV1@55.625C GPU@56.093C tj@58.937C SOC1@58.937C CV2@55.968C
08-21-2026 19:59:56 RAM 4306/15389MB (lfb 1153x4MB) SWAP 0/7694MB (cached 0MB) CPU [0%@729,0%@729,0%@729,0%@729,0%@1344,0%@1344,0%@1344,50%@1344] EMC_FREQ 0% GR3D_FREQ 14% GR3D2_FREQ 14%@0 CV0@55.718C CPU@58.718C SOC2@56.75C SOC0@57.531C CV1@55.687C GPU@56.343C tj@58.968C SOC1@58.968C CV2@55.875C
08-21-2026 19:59:56 RAM 4306/15389MB (lfb 1153x4MB) SWAP 0/7694MB (cached 0MB) CPU [0%@806,0%@806,0%@806,66%@806,0%@1267,0%@1267,0%@1267,100%@1267] EMC_FREQ 0% GR3D_FREQ 8% GR3D2_FREQ 8%@0 CV0@55.593C CPU@58.593C SOC2@56.687C SOC0@57.562C CV1@55.687C GPU@56.062C tj@58.968C SOC1@58.968C CV2@55.812C
08-21-2026 19:59:56 RAM 4306/15389MB (lfb 1153x4MB) SWAP 0/7694MB (cached 0MB) CPU [0%@883,0%@883,0%@883,50%@883,0%@1344,0%@1344,0%@1344,0%@1344] EMC_FREQ 0% GR3D_FREQ 22% GR3D2_FREQ 22%@0 CV0@55.625C CPU@58.562C SOC2@56.781C SOC0@57.593C CV1@55.75C GPU@56.125C tj@58.875C SOC1@58.875C CV2@56C
08-21-2026 19:59:56 RAM 4306/15389MB (lfb 1153x4MB) SWAP 0/7694MB (cached 0MB) CPU [0%@1984,0%@1984,0%@1984,0%@1984,0%@1113,0%@1113,0%@1113,0%@1113] EMC_FREQ 0% GR3D_FREQ 22% GR3D2_FREQ 0%@0 CV0@55.687C CPU@58.687C SOC2@56.718C SOC0@57.437C CV1@55.625C GPU@56.25C tj@59C SOC1@59C CV2@55.906C
08-21-2026 19:59:56 RAM 4306/15389MB (lfb 1153x4MB) SWAP 0/7694MB (cached 0MB) CPU [50%@806,50%@806,0%@806,0%@806,50%@1267,0%@1267,0%@1267,100%@1267] EMC_FREQ 0% GR3D_FREQ 0% GR3D2_FREQ 0%@0 CV0@55.656C CPU@58.656C SOC2@56.75C SOC0@57.75C CV1@55.593C GPU@56.375C tj@59.093C SOC1@59.031C CV2@55.781C
08-21-2026 19:59:56 RAM 4306/15389MB (lfb 1153x4MB) SWAP 0/7694MB (cached 0MB) CPU [0%@729,0%@729,0%@729,100%@729,0%@1190,0%@1190,0%@1190,0%@1190] EMC_FREQ 0% GR3D_FREQ 22% GR3D2_FREQ 22%@0 CV0@55.656C CPU@58.468C SOC2@56.843C SOC0@57.718C CV1@55.718C GPU@56.375C tj@59.187C SOC1@59.187C CV2@55.968C
08-21-2026 19:59:56 RAM 4306/15389MB (lfb 1153x4MB) SWAP 0/7694MB (cached 0MB) CPU [50%@1984,0%@1984,0%@1984,50%@1984,50%@1113,0%@1113,0%@1113,50%@1113] EMC_FREQ 0% GR3D_FREQ 0% GR3D2_FREQ 0%@0 CV0@55.718C CPU@58.562C SOC2@56.781C SOC0@57.656C CV1@55.656C GPU@56.062C tj@59.156C SOC1@59.156C CV2@55.875C
08-21-2026 19:59:57 RAM 4306/15389MB (lfb 1153x4MB) SWAP 0/7694MB (cached 0MB) CPU [0%@729,0%@729,0%@729,0%@729,0%@1344,0%@1344,0%@1344,0%@1344] EMC_FREQ 0% GR3D_FREQ 0% GR3D2_FREQ 22%@0 CV0@55.656C CPU@58.5C SOC2@56.75C SOC0@57.75C CV1@55.593C GPU@56.25C tj@59.093C SOC1@59.093C CV2@55.718C
08-21-2026 19:59:57 RAM 4306/15389MB (lfb 1153x4MB) SWAP 0/7694MB (cached 0MB) CPU [50%@1984,0%@1984,0%@1984,0%@1984,33%@1267,0%@1267,0%@1267,50%@1267] EMC_FREQ 0% GR3D_FREQ 22% GR3D2_FREQ 22%@0 CV0@55.687C CPU@58.343C SOC2@56.718C SOC0@57.625C CV1@55.625C GPU@56.218C tj@59C SOC1@59C CV2@55.968C
08-21-2026 19:59:57 RAM 4306/15389MB (lfb 1153x4MB) SWAP 0/7694MB (cached 0MB) CPU [100%@1984,0%@1984,50%@1984,0%@1984,0%@1344,0%@1344,0%@1344,0%@1344] EMC_FREQ 0% GR3D_FREQ 4% GR3D2_FREQ 4%@0 CV0@55.625C CPU@58.781C SOC2@56.937C SOC0@57.593C CV1@55.75C GPU@56.468C tj@59.031C SOC1@59.031C CV2@56C
08-21-2026 19:59:57 RAM 4306/15389MB (lfb 1153x4MB) SWAP 0/7694MB (cached 0MB) CPU [50%@1036,50%@1036,0%@1036,0%@1036,0%@1190,50%@1190,0%@1190,33%@1190] EMC_FREQ 0% GR3D_FREQ 18% GR3D2_FREQ 18%@0 CV0@55.625C CPU@58.718C SOC2@56.906C SOC0@57.562C CV1@55.812C GPU@56.125C tj@59.062C SOC1@59.062C CV2@55.968C
08-21-2026 19:59:57 RAM 4306/15389MB (lfb 1153x4MB) SWAP 0/7694MB (cached 0MB) CPU [0%@1036,0%@1036,0%@1036,0%@1036,50%@1344,0%@1344,0%@1344,100%@1344] EMC_FREQ 0% GR3D_FREQ 18% GR3D2_FREQ 18%@0 CV0@55.687C CPU@58.625C SOC2@56.812C SOC0@57.593C CV1@55.718C GPU@56.343C tj@58.968C SOC1@58.968C CV2@55.906C
08-21-2026 19:59:57 RAM 4306/15389MB (lfb 1153x4MB) SWAP 0/7694MB (cached 0MB) CPU [0%@1984,0%@1984,0%@1984,0%@1984,0%@1190,0%@1190,0%@1190,0%@1190] EMC_FREQ 0% GR3D_FREQ 22% GR3D2_FREQ 22%@0 CV0@55.781C CPU@58.718C SOC2@56.656C SOC0@57.562C CV1@55.593C GPU@56.281C tj@59C SOC1@59C CV2@55.843C
08-21-2026 19:59:57 RAM 4306/15389MB (lfb 1153x4MB) SWAP 0/7694MB (cached 0MB) CPU [0%@1984,0%@1984,50%@1984,50%@1984,0%@1267,33%@1267,0%@1267,0%@1267] EMC_FREQ 0% GR3D_FREQ 0% GR3D2_FREQ 0%@0 CV0@55.906C CPU@58.562C SOC2@56.718C SOC0@57.5C CV1@55.625C GPU@56.062C tj@59C SOC1@59C CV2@55.937C
08-21-2026 19:59:57 RAM 4306/15389MB (lfb 1153x4MB) SWAP 0/7694MB (cached 0MB) CPU [100%@1984,0%@1984,0%@1984,0%@1984,0%@1344,0%@1344,0%@1344,50%@1344] EMC_FREQ 0% GR3D_FREQ 22% GR3D2_FREQ 22%@0 CV0@55.781C CPU@58.656C SOC2@56.875C SOC0@57.687C CV1@55.593C GPU@56.281C tj@59.25C SOC1@59.25C CV2@55.937C
08-21-2026 19:59:57 RAM 4306/15389MB (lfb 1153x4MB) SWAP 0/7694MB (cached 0MB) CPU [0%@883,50%@883,0%@883,0%@883,0%@1267,0%@1267,0%@1267,50%@1267] EMC_FREQ 0% GR3D_FREQ 22% GR3D2_FREQ 22%@0 CV0@55.656C CPU@58.531C SOC2@56.718C SOC0@57.656C CV1@55.625C GPU@56.468C tj@59.156C SOC1@59.156C CV2@55.812C
08-21-2026 19:59:57 RAM 4306/15389MB (lfb 1153x4MB) SWAP 0/7694MB (cached 0MB) CPU [0%@1984,0%@1984,0%@1984,50%@1984,0%@1344,0%@1344,0%@1344,100%@1344] EMC_FREQ 0% GR3D_FREQ 0% GR3D2_FREQ 0%@0 CV0@55.687C CPU@58.312C SOC2@56.781C SOC0@57.625C CV1@55.531C GPU@56.375C tj@59.093C SOC1@59.093C CV2@55.875C
08-21-2026 19:59:57 RAM 4306/15389MB (lfb 1153x4MB) SWAP 0/7694MB (cached 0MB) CPU [0%@1984,0%@1984,0%@1984,0%@1984,0%@1267,0%@1267,0%@1267,0%@1267] EMC_FREQ 0% GR3D_FREQ 23% GR3D2_FREQ 23%@0 CV0@55.562C CPU@58.406C SOC2@56.812C SOC0@57.656C CV1@55.593C GPU@56.218C tj@58.937C SOC1@58.937C CV2@55.968C
08-21-2026 19:59:57 RAM 4306/15389MB (lfb 1153x4MB) SWAP 0/7694MB (cached 0MB) CPU [0%@729,0%@729,0%@729,0%@729,0%@1267,0%@1267,0%@1267,50%@1267] EMC_FREQ 0% GR3D_FREQ 23% GR3D2_FREQ 23%@0 CV0@55.593C CPU@58.437C SOC2@56.843C SOC0@57.656C CV1@55.656C GPU@56.312C tj@59.125C SOC1@59.125C CV2@56C
08-21-2026 19:59:57 RAM 4306/15389MB (lfb 1153x4MB) SWAP 0/7694MB (cached 0MB) CPU [50%@883,0%@883,50%@883,50%@883,0%@1267,0%@1267,0%@1267,100%@1267] EMC_FREQ 0% GR3D_FREQ 3% GR3D2_FREQ 3%@0 CV0@55.656C CPU@58.75C SOC2@56.875C SOC0@57.562C CV1@55.718C GPU@56.093C tj@59C SOC1@59C CV2@56C
08-21-2026 19:59:57 RAM 4307/15389MB (lfb 1153x4MB) SWAP 0/7694MB (cached 0MB) CPU [0%@806,50%@806,0%@806,0%@806,0%@1190,0%@1190,0%@1190,50%@1190] EMC_FREQ 0% GR3D_FREQ 16% GR3D2_FREQ 16%@0 CV0@55.687C CPU@58.718C SOC2@56.75C SOC0@57.625C CV1@55.625C GPU@56.031C tj@59C SOC1@59C CV2@55.906C
08-21-2026 19:59:57 RAM 4307/15389MB (lfb 1153x4MB) SWAP 0/7694MB (cached 0MB) CPU [0%@1984,0%@1984,0%@1984,50%@1984,0%@1267,0%@1267,0%@1267,0%@1267] EMC_FREQ 0% GR3D_FREQ 22% GR3D2_FREQ 22%@0 CV0@55.718C CPU@58.75C SOC2@56.781C SOC0@57.562C CV1@55.593C GPU@56.25C tj@58.937C SOC1@58.937C CV2@55.968C
08-21-2026 19:59:57 RAM 4307/15389MB (lfb 1153x4MB) SWAP 0/7694MB (cached 0MB) CPU [0%@1984,0%@1984,0%@1984,0%@1984,50%@1267,0%@1267,0%@1267,100%@1267] EMC_FREQ 0% GR3D_FREQ 22% GR3D2_FREQ 22%@0 CV0@55.812C CPU@58.437C SOC2@56.781C SOC0@57.718C CV1@55.656C GPU@56.406C tj@58.968C SOC1@58.968C CV2@55.906C
08-21-2026 19:59:57 RAM 4307/15389MB (lfb 1153x4MB) SWAP 0/7694MB (cached 0MB) CPU [50%@1984,0%@1984,0%@1984,50%@1984,0%@1344,0%@1344,0%@1344,50%@1344] EMC_FREQ 0% GR3D_FREQ 0% GR3D2_FREQ 0%@0 CV0@55.75C CPU@58.531C SOC2@56.75C SOC0@57.718C CV1@55.687C GPU@56.156C tj@59.093C SOC1@59.093C CV2@55.875C
08-21-2026 19:59:57 RAM 4307/15389MB (lfb 1153x4MB) SWAP 0/7694MB (cached 0MB) CPU [50%@883,0%@883,0%@883,50%@883,0%@1267,0%@1267,0%@1267,0%@1267] EMC_FREQ 0% GR3D_FREQ 22% GR3D2_FREQ 22%@0 CV0@55.625C CPU@58.406C SOC2@56.875C SOC0@57.656C CV1@55.562C GPU@56.031C tj@59.187C SOC1@59.187C CV2@55.906C
08-21-2026 19:59:57 RAM 4307/15389MB (lfb 1153x4MB) SWAP 0/7694MB (cached 0MB) CPU [0%@729,0%@729,0%@729,0%@729,0%@1344,0%@1344,0%@1344,100%@1344] EMC_FREQ 0% GR3D_FREQ 4% GR3D2_FREQ 4%@0 CV0@55.656C CPU@58.375C SOC2@56.625C SOC0@57.531C CV1@55.531C GPU@56.218C tj@59.031C SOC1@59.031C CV2@56C
08-21-2026 19:59:57 RAM 4307/15389MB (lfb 1153x4MB) SWAP 0/7694MB (cached 0MB) CPU [50%@1984,50%@1984,0%@1984,0%@1984,0%@1190,0%@1190,0%@1190,0%@1190] EMC_FREQ 0% GR3D_FREQ 4% GR3D2_FREQ 4%@0 CV0@55.562C CPU@58.437C SOC2@56.781C SOC0@57.562C CV1@55.531C GPU@56.031C tj@58.968C SOC1@58.968C CV2@56C
08-21-2026 19:59:57 RAM 4307/15389MB (lfb 1153x4MB) SWAP 0/7694MB (cached 0MB) CPU [0%@1984,0%@1984,0%@1984,0%@1984,0%@1267,0%@1267,0%@1267,50%@1267] EMC_FREQ 0% GR3D_FREQ 18% GR3D2_FREQ 18%@0 CV0@55.562C CPU@58.468C SOC2@56.687C SOC0@57.593C CV1@55.75C GPU@56.312C tj@59.031C SOC1@59C CV2@55.875C
08-21-2026 19:59:57 RAM 4307/15389MB (lfb 1153x4MB) SWAP 0/7694MB (cached 0MB) CPU [0%@1984,0%@1984,0%@1984,100%@1984,0%@1267,0%@1267,0%@1267,0%@1267] EMC_FREQ 0% GR3D_FREQ 22% GR3D2_FREQ 22%@0 CV0@55.75C CPU@58.406C SOC2@56.781C SOC0@57.531C CV1@55.625C GPU@56.156C tj@58.937C SOC1@58.937C CV2@55.968C
08-21-2026 19:59:57 RAM 4307/15389MB (lfb 1153x4MB) SWAP 0/7694MB (cached 0MB) CPU [0%@806,0%@806,0%@806,0%@806,50%@1190,0%@1190,0%@1190,0%@1190] EMC_FREQ 0% GR3D_FREQ 0% GR3D2_FREQ 0%@0 CV0@55.781C CPU@58.531C SOC2@56.718C SOC0@57.5C CV1@55.687C GPU@56.343C tj@59.031C SOC1@59.031C CV2@55.906C
08-21-2026 19:59:57 RAM 4307/15389MB (lfb 1153x4MB) SWAP 0/7694MB (cached 0MB) CPU [0%@1984,0%@1984,0%@1984,50%@1984,0%@1420,0%@1420,33%@1420,50%@1420] EMC_FREQ 0% GR3D_FREQ 0% GR3D2_FREQ 0%@0 CV0@55.687C CPU@58.562C SOC2@56.781C SOC0@57.562C CV1@55.687C GPU@56.125C tj@58.937C SOC1@58.937C CV2@55.937C
08-21-2026 19:59:57 RAM 4307/15389MB (lfb 1153x4MB) SWAP 0/7694MB (cached 0MB) CPU [0%@1984,0%@1984,0%@1984,0%@1984,0%@1344,0%@1344,0%@1344,0%@1344] EMC_FREQ 0% GR3D_FREQ 22% GR3D2_FREQ 22%@0 CV0@55.656C CPU@58.406C SOC2@56.812C SOC0@57.593C CV1@55.75C GPU@56.093C tj@59.093C SOC1@59.093C CV2@55.906C
08-21-2026 19:59:57 RAM 4307/15389MB (lfb 1153x4MB) SWAP 0/7694MB (cached 0MB) CPU [0%@1984,0%@1984,0%@1984,50%@1984,0%@1420,0%@1420,0%@1420,50%@1420] EMC_FREQ 0% GR3D_FREQ 22% GR3D2_FREQ 22%@0 CV0@55.593C CPU@58.468C SOC2@56.75C SOC0@57.656C CV1@55.656C GPU@56.218C tj@59.187C SOC1@59.062C CV2@55.843C
08-21-2026 19:59:57 RAM 4307/15389MB (lfb 1153x4MB) SWAP 0/7694MB (cached 0MB) CPU [0%@1984,0%@1984,0%@1984,0%@1984,0%@1190,0%@1190,0%@1190,50%@1190] EMC_FREQ 0% GR3D_FREQ 22% GR3D2_FREQ 0%@0 CV0@55.656C CPU@58.531C SOC2@56.75C SOC0@57.656C CV1@55.531C GPU@56.468C tj@59.031C SOC1@59.031C CV2@55.906C
08-21-2026 19:59:57 RAM 4307/15389MB (lfb 1153x4MB) SWAP 0/7694MB (cached 0MB) CPU [50%@960,50%@960,0%@960,0%@960,0%@1420,0%@1420,0%@1420,100%@1420] EMC_FREQ 0% GR3D_FREQ 0% GR3D2_FREQ 0%@0 CV0@55.687C CPU@58.406C SOC2@56.75C SOC0@57.656C CV1@55.687C GPU@56.375C tj@59.093C SOC1@59.093C CV2@55.968C
08-21-2026 19:59:57 RAM 4307/15389MB (lfb 1153x4MB) SWAP 0/7694MB (cached 0MB) CPU [0%@729,0%@729,0%@729,0%@729,0%@1190,0%@1190,0%@1190,0%@1190] EMC_FREQ 0% GR3D_FREQ 23% GR3D2_FREQ 23%@0 CV0@55.625C CPU@58.531C SOC2@56.937C SOC0@57.562C CV1@55.625C GPU@56.218C tj@59.125C SOC1@59.125C CV2@56C
08-21-2026 19:59:57 RAM 4306/15389MB (lfb 1153x4MB) SWAP 0/7694MB (cached 0MB) CPU [0%@1984,0%@1984,0%@1984,50%@1984,0%@1420,0%@1420,0%@1420,0%@1420] EMC_FREQ 0% GR3D_FREQ 7% GR3D2_FREQ 7%@0 CV0@55.687C CPU@58.406C SOC2@56.812C SOC0@57.531C CV1@55.687C GPU@56.406C tj@59.062C SOC1@59.062C CV2@56C
08-21-2026 19:59:57 RAM 4306/15389MB (lfb 1153x4MB) SWAP 0/7694MB (cached 0MB) CPU [0%@1984,0%@1984,50%@1984,0%@1984,0%@1420,0%@1420,0%@1420,33%@1420] EMC_FREQ 0% GR3D_FREQ 7% GR3D2_FREQ 7%@0 CV0@55.531C CPU@58.625C SOC2@56.875C SOC0@57.687C CV1@55.687C GPU@56.125C tj@59.125C SOC1@59.125C CV2@56.062C
08-21-2026 19:59:57 RAM 4306/15389MB (lfb 1153x4MB) SWAP 0/7694MB (cached 0MB) CPU [50%@1984,0%@1984,0%@1984,50%@1984,0%@1344,0%@1344,0%@1344,100%@1344] EMC_FREQ 0% GR3D_FREQ 15% GR3D2_FREQ 15%@0 CV0@55.687C CPU@58.625C SOC2@56.75C SOC0@57.531C CV1@55.687C GPU@56C tj@58.937C SOC1@58.937C CV2@56C
08-21-2026 19:59:57 RAM 4306/15389MB (lfb 1153x4MB) SWAP 0/7694MB (cached 0MB) CPU [0%@806,0%@806,0%@806,50%@1984,0%@1344,0%@1344,33%@1344,0%@1344] EMC_FREQ 0% GR3D_FREQ 22% GR3D2_FREQ 22%@0 CV0@55.718C CPU@58.593C SOC2@56.75C SOC0@57.468C CV1@55.75C GPU@56.25C tj@59C SOC1@59C CV2@56.031C
08-21-2026 19:59:57 RAM 4306/15389MB (lfb 1153x4MB) SWAP 0/7694MB (cached 0MB) CPU [0%@1984,0%@1984,0%@1984,0%@1984,0%@1344,0%@1344,0%@1344,0%@1344] EMC_FREQ 0% GR3D_FREQ 0% GR3D2_FREQ 0%@0 CV0@55.625C CPU@58.593C SOC2@56.843C SOC0@57.718C CV1@55.718C GPU@56.406C tj@59.031C SOC1@59.031C CV2@55.937C
08-21-2026 19:59:57 RAM 4306/15389MB (lfb 1153x4MB) SWAP 0/7694MB (cached 0MB) CPU [0%@1984,0%@1984,0%@1984,0%@1984,0%@1497,0%@1497,0%@1497,0%@1497] EMC_FREQ 0% GR3D_FREQ 0% GR3D2_FREQ 0%@0 CV0@55.656C CPU@58.531C SOC2@56.781C SOC0@57.75C CV1@55.812C GPU@56.187C tj@59.125C SOC1@59.125C CV2@55.812C
08-21-2026 19:59:57 RAM 4306/15389MB (lfb 1153x4MB) SWAP 0/7694MB (cached 0MB) CPU [0%@1984,0%@1984,0%@1984,100%@1984,0%@1344,0%@1344,0%@1344,50%@1344] EMC_FREQ 0% GR3D_FREQ 19% GR3D2_FREQ 19%@0 CV0@55.656C CPU@58.468C SOC2@56.718C SOC0@57.656C CV1@55.656C GPU@56.125C tj@59.062C SOC1@59.062C CV2@56.031C
08-21-2026 19:59:57 RAM 4306/15389MB (lfb 1153x4MB) SWAP 0/7694MB (cached 0MB) CPU [50%@1984,0%@1984,0%@1984,0%@1984,0%@1420,50%@1420,0%@1420,100%@1420] EMC_FREQ 0% GR3D_FREQ 12% GR3D2_FREQ 12%@0 CV0@55.625C CPU@58.437C SOC2@56.75C SOC0@57.625C CV1@55.625C GPU@56.312C tj@59.187C SOC1@59.187C CV2@56C
08-21-2026 19:59:57 RAM 4306/15389MB (lfb 1153x4MB) SWAP 0/7694MB (cached 0MB) CPU [0%@1984,0%@1984,0%@1984,0%@1984,0%@1420,0%@1420,0%@1420,50%@1420] EMC_FREQ 0% GR3D_FREQ 10% GR3D2_FREQ 10%@0 CV0@55.593C CPU@58.656C SOC2@56.812C SOC0@57.656C CV1@55.812C GPU@56.093C tj@58.968C SOC1@58.968C CV2@55.906C
08-21-2026 19:59:57 RAM 4307/15389MB (lfb 1153x4MB) SWAP 0/7694MB (cached 0MB) CPU [0%@1984,0%@1984,0%@1984,100%@1984,0%@1420,0%@1420,0%@1420,0%@1420] EMC_FREQ 0% GR3D_FREQ 10% GR3D2_FREQ 10%@0 CV0@55.656C CPU@58.718C SOC2@56.75C SOC0@57.562C CV1@55.718C GPU@56.187C tj@58.937C SOC1@58.937C CV2@55.906C
08-21-2026 19:59:57 RAM 4307/15389MB (lfb 1153x4MB) SWAP 0/7694MB (cached 0MB) CPU [50%@729,0%@729,0%@729,50%@729,33%@1267,0%@1267,0%@1267,0%@1267] EMC_FREQ 0% GR3D_FREQ 22% GR3D2_FREQ 22%@0 CV0@55.718C CPU@58.593C SOC2@56.718C SOC0@57.562C CV1@55.687C GPU@56.468C tj@58.906C SOC1@58.906C CV2@55.781C
08-21-2026 19:59:57 RAM 4307/15389MB (lfb 1153x4MB) SWAP 0/7694MB (cached 0MB) CPU [0%@729,50%@729,0%@729,0%@729,0%@1344,0%@1344,0%@1344,0%@1344] EMC_FREQ 0% GR3D_FREQ 0% GR3D2_FREQ 0%@0 CV0@55.781C CPU@58.562C SOC2@56.812C SOC0@57.5C CV1@55.625C GPU@56.437C tj@58.937C SOC1@58.937C CV2@55.937C
08-21-2026 19:59:57 RAM 4307/15389MB (lfb 1153x4MB) SWAP 0/7694MB (cached 0MB) CPU [0%@1984,0%@1984,0%@1984,0%@1984,0%@1344,0%@1344,0%@1344,50%@1344] EMC_FREQ 0% GR3D_FREQ 0% GR3D2_FREQ 0%@0 CV0@55.718C CPU@58.593C SOC2@56.656C SOC0@57.687C CV1@55.718C GPU@56.093C tj@58.906C SOC1@58.906C CV2@55.781C
08-21-2026 19:59:57 RAM 4307/15389MB (lfb 1153x4MB) SWAP 0/7694MB (cached 0MB) CPU [0%@1984,0%@1984,0%@1984,100%@1984,0%@1267,0%@1267,0%@1267,100%@1267] EMC_FREQ 0% GR3D_FREQ 23% GR3D2_FREQ 23%@0 CV0@55.593C CPU@58.562C SOC2@56.718C SOC0@57.625C CV1@55.593C GPU@56.281C tj@59.062C SOC1@59.062C CV2@55.875C
08-21-2026 19:59:57 RAM 4307/15389MB (lfb 1153x4MB) SWAP 0/7694MB (cached 0MB) CPU [0%@883,0%@883,66%@883,0%@883,0%@1420,0%@1420,0%@1420,0%@1420] EMC_FREQ 0% GR3D_FREQ 20% GR3D2_FREQ 20%@0 CV0@55.593C CPU@58.406C SOC2@56.718C SOC0@57.656C CV1@55.687C GPU@56.125C tj@59.156C SOC1@59.156C CV2@55.968C
08-21-2026 19:59:57 RAM 4307/15389MB (lfb 1153x4MB) SWAP 0/7694MB (cached 0MB) CPU [0%@1984,0%@1984,0%@1984,0%@1984,0%@1267,0%@1267,0%@1267,50%@1267] EMC_FREQ 0% GR3D_FREQ 2% GR3D2_FREQ 2%@0 CV0@55.625C CPU@58.781C SOC2@56.781C SOC0@57.625C CV1@55.531C GPU@56.5C tj@59.156C SOC1@59.156C CV2@55.968C
08-21-2026 19:59:57 RAM 4307/15389MB (lfb 1153x4MB) SWAP 0/7694MB (cached 0MB) CPU [0%@1984,0%@1984,0%@1984,0%@1984,0%@1420,0%@1420,0%@1420,100%@1420] EMC_FREQ 0% GR3D_FREQ 2% GR3D2_FREQ 2%@0 CV0@55.625C CPU@58.781C SOC2@56.781C SOC0@57.593C CV1@55.75C GPU@56.218C tj@59.062C SOC1@59.062C CV2@55.937C
08-21-2026 19:59:57 RAM 4307/15389MB (lfb 1153x4MB) SWAP 0/7694MB (cached 0MB) CPU [0%@1984,0%@1984,0%@1984,0%@1984,0%@1420,0%@1420,0%@1420,0%@1420] EMC_FREQ 0% GR3D_FREQ 22% GR3D2_FREQ 22%@0 CV0@55.625C CPU@58.656C SOC2@56.75C SOC0@57.562C CV1@55.75C GPU@56.375C tj@59.031C SOC1@59.031C CV2@55.875C
08-21-2026 19:59:57 RAM 4307/15389MB (lfb 1153x4MB) SWAP 0/7694MB (cached 0MB) CPU [0%@806,0%@806,0%@806,100%@806,0%@1420,0%@1420,0%@1420,50%@1420] EMC_FREQ 0% GR3D_FREQ 12% GR3D2_FREQ 12%@0 CV0@55.687C CPU@58.718C SOC2@56.718C SOC0@57.406C CV1@55.687C GPU@56.187C tj@58.968C SOC1@58.968C CV2@55.843C
08-21-2026 19:59:57 RAM 4306/15389MB (lfb 1153x4MB) SWAP 0/7694MB (cached 0MB) CPU [0%@960,0%@960,0%@960,0%@960,0%@1420,0%@1420,0%@1420,0%@1420] EMC_FREQ 0% GR3D_FREQ 12% GR3D2_FREQ 10%@0 CV0@55.687C CPU@58.656C SOC2@56.843C SOC0@57.562C CV1@55.687C GPU@56.125C tj@58.937C SOC1@58.937C CV2@55.906C
08-21-2026 19:59:57 RAM 4307/15389MB (lfb 1153x4MB) SWAP 0/7694MB (cached 0MB) CPU [0%@883,50%@883,0%@883,0%@883,0%@1420,0%@1420,0%@1420,100%@1420] EMC_FREQ 0% GR3D_FREQ 10% GR3D2_FREQ 10%@0 CV0@55.687C CPU@58.687C SOC2@56.718C SOC0@57.562C CV1@55.656C GPU@56.312C tj@58.968C SOC1@58.968C CV2@55.906C
08-21-2026 19:59:57 RAM 4307/15389MB (lfb 1153x4MB) SWAP 0/7694MB (cached 0MB) CPU [0%@960,0%@960,0%@960,0%@960,0%@1267,0%@1267,0%@1267,50%@1267] EMC_FREQ 0% GR3D_FREQ 20% GR3D2_FREQ 20%@0 CV0@55.687C CPU@58.656C SOC2@56.781C SOC0@57.75C CV1@55.562C GPU@56.125C tj@59.156C SOC1@59.156C CV2@55.843C
08-21-2026 19:59:57 RAM 4307/15389MB (lfb 1153x4MB) SWAP 0/7694MB (cached 0MB) CPU [0%@960,0%@960,0%@960,50%@960,50%@1344,0%@1344,0%@1344,50%@1344] EMC_FREQ 0% GR3D_FREQ 0% GR3D2_FREQ 0%@0 CV0@55.656C CPU@58.625C SOC2@56.718C SOC0@57.625C CV1@55.593C GPU@56.406C tj@59.062C SOC1@59.062C CV2@55.937C
08-21-2026 19:59:57 RAM 4307/15389MB (lfb 1153x4MB) SWAP 0/7694MB (cached 0MB) CPU [0%@1984,0%@1984,0%@1984,0%@1984,0%@1344,0%@1344,50%@1344,0%@1344] EMC_FREQ 0% GR3D_FREQ 19% GR3D2_FREQ 19%@0 CV0@55.625C CPU@58.593C SOC2@56.75C SOC0@57.687C CV1@55.593C GPU@56.125C tj@59.062C SOC1@59.062C CV2@56C
08-21-2026 19:59:57 RAM 4306/15389MB (lfb 1153x4MB) SWAP 0/7694MB (cached 0MB) CPU [50%@1984,0%@1984,0%@1984,100%@1984,50%@1267,0%@1267,0%@1267,50%@1267] EMC_FREQ 0% GR3D_FREQ 19% GR3D2_FREQ 19%@0 CV0@55.656C CPU@58.5C SOC2@56.781C SOC0@57.687C CV1@55.625C GPU@56.312C tj@59.031C SOC1@59.031C CV2@55.937C
08-21-2026 19:59:57 RAM 4306/15389MB (lfb 1153x4MB) SWAP 0/7694MB (cached 0MB) CPU [0%@1984,50%@1984,0%@1984,0%@1984,0%@1420,0%@1420,0%@1420,0%@1420] EMC_FREQ 0% GR3D_FREQ 4% GR3D2_FREQ 4%@0 CV0@55.625C CPU@58.437C SOC2@56.843C SOC0@57.562C CV1@55.562C GPU@56.187C tj@59.093C SOC1@59.093C CV2@56C
08-21-2026 19:59:57 RAM 4306/15389MB (lfb 1153x4MB) SWAP 0/7694MB (cached 0MB) CPU [0%@1036,0%@1036,0%@1036,0%@1036,50%@1344,0%@1344,0%@1344,0%@1344] EMC_FREQ 0% GR3D_FREQ 18% GR3D2_FREQ 18%@0 CV0@55.593C CPU@58.781C SOC2@56.781C SOC0@57.593C CV1@55.75C GPU@56.093C tj@59C SOC1@59.062C CV2@55.906C
08-21-2026 19:59:57 RAM 4306/15389MB (lfb 1153x4MB) SWAP 0/7694MB (cached 0MB) CPU [0%@960,0%@960,0%@960,0%@960,50%@1344,0%@1344,0%@1344,0%@1344] EMC_FREQ 0% GR3D_FREQ 18% GR3D2_FREQ 18%@0 CV0@55.625C CPU@58.75C SOC2@56.812C SOC0@57.562C CV1@55.687C GPU@56.187C tj@59.031C SOC1@59.031C CV2@56C
08-21-2026 19:59:57 RAM 4306/15389MB (lfb 1153x4MB) SWAP 0/7694MB (cached 0MB) CPU [0%@806,0%@806,0%@806,50%@806,0%@1344,0%@1344,0%@1344,0%@1344] EMC_FREQ 0% GR3D_FREQ 22% GR3D2_FREQ 22%@0 CV0@55.687C CPU@58.718C SOC2@56.781C SOC0@57.625C CV1@55.718C GPU@56.218C tj@58.937C SOC1@58.937C CV2@55.875C
08-21-2026 19:59:57 RAM 4306/15389MB (lfb 1153x4MB) SWAP 0/7694MB (cached 0MB) CPU [0%@729,0%@729,0%@729,0%@729,100%@1344,0%@1344,0%@1344,0%@1344] EMC_FREQ 0% GR3D_FREQ 0% GR3D2_FREQ 0%@0 CV0@55.781C CPU@58.625C SOC2@56.906C SOC0@57.531C CV1@55.687C GPU@56.468C tj@59.125C SOC1@59.125C CV2@55.968C
08-21-2026 19:59:57 RAM 4306/15389MB (lfb 1153x4MB) SWAP 0/7694MB (cached 0MB) CPU [0%@729,0%@729,0%@729,50%@729,50%@1267,0%@1267,0%@1267,0%@1267] EMC_FREQ 0% GR3D_FREQ 23% GR3D2_FREQ 23%@0 CV0@55.718C CPU@58.656C SOC2@56.781C SOC0@57.687C CV1@55.687C GPU@56.093C tj@58.968C SOC1@58.968C CV2@55.906C
08-21-2026 19:59:57 RAM 4306/15389MB (lfb 1153x4MB) SWAP 0/7694MB (cached 0MB) CPU [50%@1984,0%@1984,50%@1984,0%@1984,50%@1344,0%@1344,0%@1344,0%@1344] EMC_FREQ 0% GR3D_FREQ 23% GR3D2_FREQ 5%@0 CV0@55.718C CPU@58.562C SOC2@56.718C SOC0@57.718C CV1@55.656C GPU@56.125C tj@59.093C SOC1@59.031C CV2@55.937C
08-21-2026 19:59:57 RAM 4307/15389MB (lfb 1153x4MB) SWAP 0/7694MB (cached 0MB) CPU [0%@1984,0%@1984,0%@1984,0%@1984,0%@1267,0%@1267,0%@1267,0%@1267] EMC_FREQ 0% GR3D_FREQ 5% GR3D2_FREQ 5%@0 CV0@55.656C CPU@58.5C SOC2@56.781C SOC0@57.75C CV1@55.687C GPU@56.218C tj@59.187C SOC1@59.187C CV2@55.812C
08-21-2026 19:59:57 RAM 4306/15389MB (lfb 1153x4MB) SWAP 0/7694MB (cached 0MB) CPU [0%@1984,0%@1984,0%@1984,100%@1984,100%@1267,0%@1267,0%@1267,0%@1267] EMC_FREQ 0% GR3D_FREQ 18% GR3D2_FREQ 18%@0 CV0@55.656C CPU@58.437C SOC2@56.812C SOC0@57.656C CV1@55.562C GPU@56.5C tj@59.156C SOC1@59.156C CV2@55.875C
08-21-2026 19:59:57 RAM 4306/15389MB (lfb 1153x4MB) SWAP 0/7694MB (cached 0MB) CPU [0%@806,0%@806,0%@806,0%@806,50%@1344,0%@1344,0%@1344,0%@1344] EMC_FREQ 0% GR3D_FREQ 22% GR3D2_FREQ 22%@0 CV0@55.687C CPU@58.312C SOC2@56.687C SOC0@57.625C CV1@55.562C GPU@56.25C tj@59.031C SOC1@59.031C CV2@56.031C
08-21-2026 19:59:57 RAM 4306/15389MB (lfb 1153x4MB) SWAP 0/7694MB (cached 0MB) CPU [0%@960,50%@960,0%@960,50%@960,0%@1190,0%@1190,0%@1190,0%@1190] EMC_FREQ 0% GR3D_FREQ 22% GR3D2_FREQ 22%@0 CV0@55.718C CPU@58.437C SOC2@56.875C SOC0@57.5C CV1@55.531C GPU@56.156C tj@59.062C SOC1@59.062C CV2@55.968C
08-21-2026 19:59:57 RAM 4306/15389MB (lfb 1153x4MB) SWAP 0/7694MB (cached 0MB) CPU [0%@883,0%@883,0%@883,0%@883,100%@1344,0%@1344,0%@1344,0%@1344] EMC_FREQ 0% GR3D_FREQ 2% GR3D2_FREQ 2%@0 CV0@55.562C CPU@58.687C SOC2@56.875C SOC0@57.593C CV1@55.875C GPU@56.375C tj@59.062C SOC1@58.937C CV2@55.875C
08-21-2026 19:59:57 RAM 4306/15389MB (lfb 1153x4MB) SWAP 0/7694MB (cached 0MB) CPU [0%@1984,0%@1984,0%@1984,0%@1984,50%@1190,0%@1190,50%@1190,0%@1190] EMC_FREQ 0% GR3D_FREQ 23% GR3D2_FREQ 23%@0 CV0@55.562C CPU@58.75C SOC2@56.781C SOC0@57.562C CV1@55.75C GPU@56.093C tj@58.968C SOC1@58.968C CV2@55.968C
08-21-2026 19:59:57 RAM 4306/15389MB (lfb 1153x4MB) SWAP 0/7694MB (cached 0MB) CPU [50%@960,0%@960,0%@960,50%@960,100%@1267,0%@1267,0%@1267,0%@1267] EMC_FREQ 0% GR3D_FREQ 0% GR3D2_FREQ 0%@0 CV0@55.812C CPU@58.718C SOC2@56.812C SOC0@57.5C CV1@55.718C GPU@56.031C tj@59C SOC1@59C CV2@55.906C
08-21-2026 19:59:57 RAM 4306/15389MB (lfb 1153x4MB) SWAP 0/7694MB (cached 0MB) CPU [0%@883,0%@883,0%@883,100%@883,0%@1344,0%@1344,0%@1344,50%@1344] EMC_FREQ 0% GR3D_FREQ 0% GR3D2_FREQ 0%@0 CV0@55.781C CPU@58.656C SOC2@56.718C SOC0@57.625C CV1@55.812C GPU@56.218C tj@59.031C SOC1@59.062C CV2@55.937C
08-21-2026 19:59:57 RAM 4306/15389MB (lfb 1153x4MB) SWAP 0/7694MB (cached 0MB) CPU [0%@883,0%@883,33%@883,0%@883,50%@1267,0%@1267,0%@1267,0%@1267] EMC_FREQ 0% GR3D_FREQ 22% GR3D2_FREQ 22%@0 CV0@55.718C CPU@58.5C SOC2@56.812C SOC0@57.5C CV1@55.687C GPU@56.437C tj@59.031C SOC1@59.031C CV2@56C
08-21-2026 19:59:57 RAM 4306/15389MB (lfb 1153x4MB) SWAP 0/7694MB (cached 0MB) CPU [50%@883,0%@883,0%@883,50%@883,100%@1420,0%@1420,0%@1420,33%@1420] EMC_FREQ 0% GR3D_FREQ 19% GR3D2_FREQ 19%@0 CV0@55.625C CPU@58.531C SOC2@56.718C SOC0@57.5C CV1@55.562C GPU@56.312C tj@59.125C SOC1@59.125C CV2@55.937C
08-21-2026 19:59:57 RAM 4306/15389MB (lfb 1153x4MB) SWAP 0/7694MB (cached 0MB) CPU [0%@883,0%@883,0%@883,0%@883,0%@1190,0%@1190,0%@1190,0%@1190] EMC_FREQ 0% GR3D_FREQ 3% GR3D2_FREQ 3%@0 CV0@55.687C CPU@58.343C SOC2@56.781C SOC0@57.625C CV1@55.718C GPU@56.062C tj@59.125C SOC1@59.125C CV2@55.937C
08-21-2026 19:59:57 RAM 4306/15389MB (lfb 1153x4MB) SWAP 0/7694MB (cached 0MB) CPU [0%@806,50%@806,0%@806,50%@806,50%@1420,0%@1420,0%@1420,0%@1420] EMC_FREQ 0% GR3D_FREQ 3% GR3D2_FREQ 3%@0 CV0@55.656C CPU@58.343C SOC2@56.718C SOC0@57.718C CV1@55.625C GPU@56.218C tj@59.093C SOC1@59.093C CV2@55.781C
08-21-2026 19:59:57 RAM 4306/15389MB (lfb 1153x4MB) SWAP 0/7694MB (cached 0MB) CPU [0%@960,0%@960,0%@960,100%@960,0%@1190,50%@1190,0%@1190,0%@1190] EMC_FREQ 0% GR3D_FREQ 22% GR3D2_FREQ 22%@0 CV0@55.593C CPU@58.437C SOC2@56.718C SOC0@57.593C CV1@55.687C GPU@56.125C tj@59.156C SOC1@59.156C CV2@56.062C
08-21-2026 19:59:57 RAM 4307/15389MB (lfb 1153x4MB) SWAP 0/7694MB (cached 0MB) CPU [50%@883,0%@883,33%@883,0%@883,0%@1344,0%@1344,0%@1344,0%@1344] EMC_FREQ 0% GR3D_FREQ 0% GR3D2_FREQ 0%@0 CV0@55.656C CPU@58.312C SOC2@56.843C SOC0@57.562C CV1@55.531C GPU@56.468C tj@59.031C SOC1@59.031C CV2@56.093C
08-21-2026 19:59:57 RAM 4307/15389MB (lfb 1153x4MB) SWAP 0/7694MB (cached 0MB) CPU [0%@883,0%@883,0%@883,100%@883,50%@1190,0%@1190,0%@1190,0%@1190] EMC_FREQ 0% GR3D_FREQ 23% GR3D2_FREQ 23%@0 CV0@55.625C CPU@58.781C SOC2@56.843C SOC0@57.593C CV1@55.593C GPU@56.093C tj@59C SOC1@59C CV2@56C
08-21-2026 19:59:57 RAM 4306/15389MB (lfb 1153x4MB) SWAP 0/7694MB (cached 0MB) CPU [0%@1984,0%@1984,0%@1984,0%@1984,0%@1420,0%@1420,0%@1420,0%@1420] EMC_FREQ 0% GR3D_FREQ 23% GR3D2_FREQ 23%@0 CV0@55.625C CPU@58.75C SOC2@56.843C SOC0@57.468C CV1@55.718C GPU@56.156C tj@58.937C SOC1@58.937C CV2@55.937C
08-21-2026 19:59:58 RAM 4307/15389MB (lfb 1153x4MB) SWAP 0/7694MB (cached 0MB) CPU [0%@1984,0%@1984,0%@1984,100%@1984,0%@1267,0%@1267,0%@1267,0%@1267] EMC_FREQ 0% GR3D_FREQ 22% GR3D2_FREQ 22%@0 CV0@55.718C CPU@58.718C SOC2@56.75C SOC0@57.593C CV1@55.625C GPU@56.343C tj@59.125C SOC1@59.125C CV2@56C
08-21-2026 19:59:58 RAM 4307/15389MB (lfb 1153x4MB) SWAP 0/7694MB (cached 0MB) CPU [0%@729,0%@729,0%@729,0%@729,50%@1267,0%@1267,0%@1267,0%@1267] EMC_FREQ 0% GR3D_FREQ 0% GR3D2_FREQ 0%@0 CV0@55.781C CPU@58.593C SOC2@56.843C SOC0@57.593C CV1@55.781C GPU@56.031C tj@59.093C SOC1@59.093C CV2@55.937C
08-21-2026 19:59:58 RAM 4307/15389MB (lfb 1153x4MB) SWAP 0/7694MB (cached 0MB) CPU [50%@1984,50%@1984,0%@1984,0%@1984,50%@1344,0%@1344,0%@1344,0%@1344] EMC_FREQ 0% GR3D_FREQ 22% GR3D2_FREQ 22%@0 CV0@55.718C CPU@58.5C SOC2@56.781C SOC0@57.562C CV1@55.687C GPU@56.281C tj@59C SOC1@59C CV2@55.875C
08-21-2026 19:59:58 RAM 4307/15389MB (lfb 1153x4MB) SWAP 0/7694MB (cached 0MB) CPU [0%@806,0%@806,0%@806,0%@806,0%@1190,0%@1190,50%@1190,0%@1190] EMC_FREQ 0% GR3D_FREQ 22% GR3D2_FREQ 22%@0 CV0@55.718C CPU@58.343C SOC2@56.781C SOC0@57.75C CV1@55.687C GPU@56.187C tj@59.125C SOC1@59.125C CV2@55.937C
08-21-2026 19:59:58 RAM 4307/15389MB (lfb 1153x4MB) SWAP 0/7694MB (cached 0MB) CPU [0%@883,50%@883,0%@883,0%@883,50%@1420,0%@1420,0%@1420,0%@1420] EMC_FREQ 0% GR3D_FREQ 1% GR3D2_FREQ 1%@0 CV0@55.625C CPU@58.375C SOC2@56.875C SOC0@57.656C CV1@55.687C GPU@56.437C tj@59.156C SOC1@59.156C CV2@55.718C
08-21-2026 19:59:58 RAM 4307/15389MB (lfb 1153x4MB) SWAP 0/7694MB (cached 0MB) CPU [0%@1984,0%@1984,0%@1984,0%@1984,0%@1267,0%@1267,0%@1267,50%@1267] EMC_FREQ 0% GR3D_FREQ 19% GR3D2_FREQ 19%@0 CV0@55.781C CPU@58.375C SOC2@56.687C SOC0@57.593C CV1@55.562C GPU@56.093C tj@59.187C SOC1@59.187C CV2@56C
08-21-2026 19:59:58 RAM 4307/15389MB (lfb 1153x4MB) SWAP 0/7694MB (cached 0MB) CPU [33%@1036,0%@1036,0%@1036,0%@1036,100%@1984,0%@1984,0%@1984,0%@1984] EMC_FREQ 0% GR3D_FREQ 22% GR3D2_FREQ 22%@0 CV0@55.718C CPU@58.406C SOC2@56.906C SOC0@57.656C CV1@55.625C GPU@56.25C tj@59.031C SOC1@59.156C CV2@55.968C
08-21-2026 19:59:58 RAM 4307/15389MB (lfb 1153x4MB) SWAP 0/7694MB (cached 0MB) CPU [0%@883,50%@883,0%@883,0%@883,0%@1267,0%@1267,0%@1267,0%@1267] EMC_FREQ 0% GR3D_FREQ 22% GR3D2_FREQ 22%@0 CV0@55.687C CPU@58.312C SOC2@56.937C SOC0@57.687C CV1@55.718C GPU@56.312C tj@59C SOC1@59C CV2@56.031C
08-21-2026 19:59:58 RAM 4307/15389MB (lfb 1153x4MB) SWAP 0/7694MB (cached 0MB) CPU [0%@806,0%@806,50%@806,0%@806,50%@1344,0%@1344,0%@1344,0%@1344] EMC_FREQ 0% GR3D_FREQ 0% GR3D2_FREQ 0%@0 CV0@55.781C CPU@58.375C SOC2@56.968C SOC0@57.593C CV1@55.718C GPU@56.062C tj@59.156C SOC1@59.156C CV2@55.968C
08-21-2026 19:59:58 RAM 4307/15389MB (lfb 1153x4MB) SWAP 0/7694MB (cached 0MB) CPU [0%@1984,50%@1984,0%@1984,0%@1984,0%@1267,0%@1267,0%@1267,50%@1267] EMC_FREQ 0% GR3D_FREQ 22% GR3D2_FREQ 22%@0 CV0@55.781C CPU@58.75C SOC2@56.843C SOC0@57.593C CV1@55.875C GPU@56.156C tj@58.937C SOC1@58.937C CV2@55.875C
08-21-2026 19:59:58 RAM 4307/15389MB (lfb 1153x4MB) SWAP 0/7694MB (cached 0MB) CPU [0%@729,0%@729,0%@729,0%@729,50%@1267,0%@1267,0%@1267,0%@1267] EMC_FREQ 0% GR3D_FREQ 22% GR3D2_FREQ 22%@0 CV0@55.781C CPU@58.656C SOC2@56.812C SOC0@57.656C CV1@55.687C GPU@56.187C tj@58.937C SOC1@58.937C CV2@55.937C
08-21-2026 19:59:58 RAM 4307/15389MB (lfb 1153x4MB) SWAP 0/7694MB (cached 0MB) CPU [0%@1984,0%@1984,0%@1984,0%@1984,0%@1420,0%@1420,0%@1420,0%@1420] EMC_FREQ 0% GR3D_FREQ 1% GR3D2_FREQ 1%@0 CV0@55.781C CPU@58.406C SOC2@56.718C SOC0@57.75C CV1@55.625C GPU@56.406C tj@59.031C SOC1@59.031C CV2@55.843C
08-21-2026 19:59:58 RAM 4307/15389MB (lfb 1153x4MB) SWAP 0/7694MB (cached 0MB) CPU [0%@806,100%@806,0%@806,50%@806,0%@1267,50%@1267,0%@1267,0%@1267] EMC_FREQ 0% GR3D_FREQ 21% GR3D2_FREQ 21%@0 CV0@55.687C CPU@58.406C SOC2@56.875C SOC0@57.718C CV1@55.781C GPU@56.187C tj@59.187C SOC1@59.187C CV2@55.843C
08-21-2026 19:59:58 RAM 4307/15389MB (lfb 1153x4MB) SWAP 0/7694MB (cached 0MB) CPU [0%@1984,0%@1984,0%@1984,0%@1984,0%@1420,0%@1420,0%@1420,0%@1420] EMC_FREQ 0% GR3D_FREQ 23% GR3D2_FREQ 23%@0 CV0@55.75C CPU@58.343C SOC2@56.781C SOC0@57.531C CV1@55.781C GPU@56.093C tj@59.187C SOC1@59.187C CV2@55.937C
08-21-2026 19:59:58 RAM 4307/15389MB (lfb 1153x4MB) SWAP 0/7694MB (cached 0MB) CPU [0%@729,50%@729,0%@729,0%@729,0%@1344,0%@1344,0%@1344,0%@1344] EMC_FREQ 0% GR3D_FREQ 23% GR3D2_FREQ 23%@0 CV0@55.656C CPU@58.281C SOC2@56.843C SOC0@57.593C CV1@55.687C GPU@56.218C tj@59.031C SOC1@59.187C CV2@56.093C
08-21-2026 19:59:58 RAM 4307/15389MB (lfb 1153x4MB) SWAP 0/7694MB (cached 0MB) CPU [50%@1984,0%@1984,0%@1984,0%@1984,0%@1420,100%@1420,33%@1420,0%@1420] EMC_FREQ 0% GR3D_FREQ 0% GR3D2_FREQ 0%@0 CV0@55.718C CPU@58.437C SOC2@56.718C SOC0@57.75C CV1@55.718C GPU@56.5C tj@59.125C SOC1@59.125C CV2@56C
08-21-2026 19:59:58 RAM 4307/15389MB (lfb 1153x4MB) SWAP 0/7694MB (cached 0MB) CPU [0%@1984,66%@1984,0%@1984,0%@1984,0%@1344,0%@1344,0%@1344,50%@1344] EMC_FREQ 0% GR3D_FREQ 22% GR3D2_FREQ 22%@0 CV0@55.531C CPU@58.437C SOC2@56.812C SOC0@57.593C CV1@55.843C GPU@56.25C tj@59.031C SOC1@59.031C CV2@55.968C
08-21-2026 19:59:58 RAM 4307/15389MB (lfb 1153x4MB) SWAP 0/7694MB (cached 0MB) CPU [50%@1984,0%@1984,33%@1984,0%@1984,0%@1420,100%@1420,0%@1420,0%@1420] EMC_FREQ 0% GR3D_FREQ 12% GR3D2_FREQ 12%@0 CV0@55.593C CPU@58.281C SOC2@56.75C SOC0@57.625C CV1@55.812C GPU@56.156C tj@59.062C SOC1@59.062C CV2@56C
08-21-2026 19:59:58 RAM 4307/15389MB (lfb 1153x4MB) SWAP 0/7694MB (cached 0MB) CPU [0%@1984,0%@1984,0%@1984,0%@1984,0%@1420,0%@1420,0%@1420,0%@1420] EMC_FREQ 0% GR3D_FREQ 12% GR3D2_FREQ 12%@0 CV0@55.75C CPU@58.343C SOC2@56.843C SOC0@57.593C CV1@55.812C GPU@56.406C tj@59.031C SOC1@59.031C CV2@56C
08-21-2026 19:59:58 RAM 4307/15389MB (lfb 1153x4MB) SWAP 0/7694MB (cached 0MB) CPU [0%@729,0%@729,0%@729,50%@729,0%@1420,66%@1420,0%@1420,0%@1420] EMC_FREQ 0% GR3D_FREQ 10% GR3D2_FREQ 10%@0 CV0@55.812C CPU@58.718C SOC2@56.812C SOC0@57.656C CV1@55.718C GPU@56.156C tj@59.062C SOC1@59.062C CV2@55.937C
08-21-2026 19:59:58 RAM 4306/15389MB (lfb 1153x4MB) SWAP 0/7694MB (cached 0MB) CPU [0%@1984,50%@1984,0%@1984,0%@1984,0%@1420,0%@1420,0%@1420,0%@1420] EMC_FREQ 0% GR3D_FREQ 23% GR3D2_FREQ 23%@0 CV0@55.718C CPU@58.406C SOC2@56.781C SOC0@57.562C CV1@55.875C GPU@56.031C tj@58.968C SOC1@58.875C CV2@55.906C
08-21-2026 19:59:58 RAM 4306/15389MB (lfb 1153x4MB) SWAP 0/7694MB (cached 0MB) CPU [0%@1190,100%@1190,0%@1190,0%@1190,0%@1344,0%@1344,0%@1344,0%@1344] EMC_FREQ 0% GR3D_FREQ 0% GR3D2_FREQ 0%@0 CV0@55.812C CPU@58.375C SOC2@56.781C SOC0@57.593C CV1@55.656C GPU@56.125C tj@59.281C SOC1@59.281C CV2@56C
08-21-2026 19:59:58 RAM 4306/15389MB (lfb 1153x4MB) SWAP 0/7694MB (cached 0MB) CPU [0%@883,0%@883,0%@883,0%@883,0%@1497,0%@1497,0%@1497,0%@1497] EMC_FREQ 0% GR3D_FREQ 0% GR3D2_FREQ 0%@0 CV0@55.781C CPU@58.531C SOC2@56.781C SOC0@57.562C CV1@55.687C GPU@56.375C tj@59.218C SOC1@59.218C CV2@55.906C
08-21-2026 19:59:58 RAM 4306/15389MB (lfb 1153x4MB) SWAP 0/7694MB (cached 0MB) CPU [0%@1984,0%@1984,0%@1984,0%@1984,0%@1267,0%@1267,0%@1267,50%@1267] EMC_FREQ 0% GR3D_FREQ 23% GR3D2_FREQ 23%@0 CV0@55.625C CPU@58.406C SOC2@56.687C SOC0@57.687C CV1@55.625C GPU@56.187C tj@59.187C SOC1@59.187C CV2@56.031C
08-21-2026 19:59:58 RAM 4306/15389MB (lfb 1153x4MB) SWAP 0/7694MB (cached 0MB) CPU [0%@960,50%@1984,0%@1984,0%@1984,100%@1420,0%@1420,50%@1420,0%@1420] EMC_FREQ 0% GR3D_FREQ 12% GR3D2_FREQ 12%@0 CV0@55.687C CPU@58.406C SOC2@56.718C SOC0@57.625C CV1@55.656C GPU@56.312C tj@59.062C SOC1@59.062C CV2@56C
08-21-2026 19:59:58 RAM 4307/15389MB (lfb 1153x4MB) SWAP 0/7694MB (cached 0MB) CPU [0%@1984,0%@1984,0%@1984,0%@1984,0%@1420,0%@1420,0%@1420,0%@1420] EMC_FREQ 0% GR3D_FREQ 12% GR3D2_FREQ 12%@0 CV0@55.531C CPU@58.406C SOC2@56.968C SOC0@57.656C CV1@55.781C GPU@56.281C tj@59.093C SOC1@59.093C CV2@56C
08-21-2026 19:59:58 RAM 4307/15389MB (lfb 1153x4MB) SWAP 0/7694MB (cached 0MB) CPU [0%@1984,0%@1984,50%@1984,0%@1984,50%@1344,0%@1344,0%@1344,0%@1344] EMC_FREQ 0% GR3D_FREQ 10% GR3D2_FREQ 10%@0 CV0@55.593C CPU@58.375C SOC2@56.781C SOC0@57.593C CV1@55.718C GPU@56.125C tj@59C SOC1@59C CV2@55.843C
08-21-2026 19:59:58 RAM 4307/15389MB (lfb 1153x4MB) SWAP 0/7694MB (cached 0MB) CPU [0%@960,0%@960,0%@960,0%@960,50%@1344,0%@1344,0%@1344,0%@1344] EMC_FREQ 0% GR3D_FREQ 22% GR3D2_FREQ 22%@0 CV0@55.718C CPU@58.5C SOC2@56.781C SOC0@57.562C CV1@55.687C GPU@56.281C tj@58.968C SOC1@58.968C CV2@56C
08-21-2026 19:59:58 RAM 4307/15389MB (lfb 1153x4MB) SWAP 0/7694MB (cached 0MB) CPU [0%@1984,0%@1984,0%@1984,0%@1984,0%@1267,0%@1267,0%@1267,0%@1267] EMC_FREQ 0% GR3D_FREQ 0% GR3D2_FREQ 0%@0 CV0@55.625C CPU@58.5C SOC2@56.75C SOC0@57.593C CV1@55.625C GPU@56.468C tj@59.218C SOC1@59.218C CV2@55.906C
08-21-2026 19:59:58 RAM 4307/15389MB (lfb 1153x4MB) SWAP 0/7694MB (cached 0MB) CPU [66%@883,0%@883,0%@883,0%@883,50%@1344,0%@1344,0%@1344,0%@1344] EMC_FREQ 0% GR3D_FREQ 0% GR3D2_FREQ 0%@0 CV0@55.625C CPU@58.531C SOC2@56.843C SOC0@57.593C CV1@55.531C GPU@56.312C tj@59.218C SOC1@59.218C CV2@55.937C
08-21-2026 19:59:58 RAM 4307/15389MB (lfb 1153x4MB) SWAP 0/7694MB (cached 0MB) CPU [0%@1984,0%@1984,50%@1984,0%@1984,0%@1267,0%@1267,0%@1267,0%@1267] EMC_FREQ 0% GR3D_FREQ 19% GR3D2_FREQ 19%@0 CV0@55.75C CPU@58.468C SOC2@56.781C SOC0@57.687C CV1@55.687C GPU@56.125C tj@59.062C SOC1@59.125C CV2@55.937C
08-21-2026 19:59:58 RAM 4307/15389MB (lfb 1153x4MB) SWAP 0/7694MB (cached 0MB) CPU [50%@1984,0%@1984,0%@1984,0%@1984,100%@1420,0%@1420,0%@1420,0%@1420] EMC_FREQ 0% GR3D_FREQ 19% GR3D2_FREQ 19%@0 CV0@55.687C CPU@58.5C SOC2@56.75C SOC0@57.562C CV1@55.625C GPU@56.312C tj@59.031C SOC1@59.031C CV2@55.968C
08-21-2026 19:59:58 RAM 4307/15389MB (lfb 1153x4MB) SWAP 0/7694MB (cached 0MB) CPU [0%@1984,0%@1984,0%@1984,0%@1984,0%@1344,0%@1344,50%@1344,0%@1344] EMC_FREQ 0% GR3D_FREQ 19% GR3D2_FREQ 0%@0 CV0@55.656C CPU@58.75C SOC2@56.906C SOC0@57.625C CV1@55.656C GPU@56.125C tj@59.156C SOC1@59.156C CV2@56C
08-21-2026 19:59:58 RAM 4307/15389MB (lfb 1153x4MB) SWAP 0/7694MB (cached 0MB) CPU [0%@806,0%@806,50%@806,0%@806,100%@1497,33%@1497,0%@1497,0%@1497] EMC_FREQ 0% GR3D_FREQ 0% GR3D2_FREQ 0%@0 CV0@55.593C CPU@58.593C SOC2@56.937C SOC0@57.593C CV1@55.75C GPU@56.468C tj@59.093C SOC1@59.093C CV2@55.906C
08-21-2026 19:59:58 RAM 4307/15389MB (lfb 1153x4MB) SWAP 0/7694MB (cached 0MB) CPU [0%@1984,0%@1984,0%@1984,0%@1984,0%@1344,0%@1344,0%@1344,0%@1344] EMC_FREQ 0% GR3D_FREQ 22% GR3D2_FREQ 22%@0 CV0@55.656C CPU@58.687C SOC2@56.718C SOC0@57.562C CV1@55.75C GPU@56.187C tj@59.125C SOC1@59.125C CV2@55.968C
08-21-2026 19:59:58 RAM 4307/15389MB (lfb 1153x4MB) SWAP 0/7694MB (cached 0MB) CPU [0%@960,0%@960,100%@960,50%@1984,50%@1344,0%@1344,0%@1344,0%@1344] EMC_FREQ 0% GR3D_FREQ 0% GR3D2_FREQ 0%@0 CV0@55.687C CPU@58.531C SOC2@56.875C SOC0@57.625C CV1@55.75C GPU@56.406C tj@59.031C SOC1@59.031C CV2@56C
08-21-2026 19:59:58 RAM 4307/15389MB (lfb 1153x4MB) SWAP 0/7694MB (cached 0MB) CPU [0%@1984,0%@1984,0%@1984,0%@1984,0%@1420,0%@1420,0%@1420,0%@1420] EMC_FREQ 0% GR3D_FREQ 0% GR3D2_FREQ 0%@0 CV0@55.781C CPU@58.562C SOC2@56.781C SOC0@57.656C CV1@55.718C GPU@56.25C tj@58.937C SOC1@58.937C CV2@55.906C
08-21-2026 19:59:58 RAM 4307/15389MB (lfb 1153x4MB) SWAP 0/7694MB (cached 0MB) CPU [0%@1984,50%@1984,0%@1984,0%@1984,100%@1344,0%@1344,0%@1344,0%@1344] EMC_FREQ 0% GR3D_FREQ 22% GR3D2_FREQ 22%@0 CV0@55.718C CPU@58.437C SOC2@56.875C SOC0@57.718C CV1@55.687C GPU@56.375C tj@59.156C SOC1@59.156C CV2@55.875C
08-21-2026 19:59:58 RAM 4307/15389MB (lfb 1153x4MB) SWAP 0/7694MB (cached 0MB) CPU [0%@1984,0%@1984,0%@1984,0%@1984,50%@1420,0%@1420,0%@1420,0%@1420] EMC_FREQ 0% GR3D_FREQ 22% GR3D2_FREQ 22%@0 CV0@55.656C CPU@58.437C SOC2@56.75C SOC0@57.687C CV1@55.687C GPU@56.281C tj@59.125C SOC1@59.125C CV2@55.875C
08-21-2026 19:59:58 RAM 4307/15389MB (lfb 1153x4MB) SWAP 0/7694MB (cached 0MB) CPU [0%@1984,0%@1984,100%@1984,50%@1984,0%@1190,0%@1190,0%@1190,50%@1190] EMC_FREQ 0% GR3D_FREQ 0% GR3D2_FREQ 0%@0 CV0@55.656C CPU@58.312C SOC2@56.75C SOC0@57.531C CV1@55.593C GPU@56.125C tj@59.093C SOC1@59.093C CV2@55.968C
08-21-2026 19:59:58 RAM 4307/15389MB (lfb 1153x4MB) SWAP 0/7694MB (cached 0MB) CPU [0%@806,0%@806,0%@806,0%@806,100%@1420,0%@1420,0%@1420,0%@1420] EMC_FREQ 0% GR3D_FREQ 0% GR3D2_FREQ 0%@0 CV0@55.625C CPU@58.25C SOC2@56.843C SOC0@57.593C CV1@55.562C GPU@56.156C tj@58.968C SOC1@58.968C CV2@56.062C
08-21-2026 19:59:58 RAM 4307/15389MB (lfb 1153x4MB) SWAP 0/7694MB (cached 0MB) CPU [0%@1984,0%@1984,50%@1984,0%@1984,50%@1190,0%@1190,0%@1190,0%@1190] EMC_FREQ 0% GR3D_FREQ 23% GR3D2_FREQ 23%@0 CV0@55.687C CPU@58.625C SOC2@56.906C SOC0@57.593C CV1@55.812C GPU@56.468C tj@59.031C SOC1@59.031C CV2@56C
08-21-2026 19:59:58 RAM 4307/15389MB (lfb 1153x4MB) SWAP 0/7694MB (cached 0MB) CPU [0%@1984,0%@1984,50%@1984,0%@1984,100%@1344,0%@1344,0%@1344,0%@1344] EMC_FREQ 0% GR3D_FREQ 1% GR3D2_FREQ 1%@0 CV0@55.75C CPU@58.718C SOC2@56.937C SOC0@57.687C CV1@55.843C GPU@56.312C tj@58.937C SOC1@58.937C CV2@56C
08-21-2026 19:59:58 RAM 4307/15389MB (lfb 1153x4MB) SWAP 0/7694MB (cached 0MB) CPU [0%@1984,0%@1984,0%@1984,0%@1984,0%@1267,0%@1267,0%@1267,50%@1267] EMC_FREQ 0% GR3D_FREQ 21% GR3D2_FREQ 21%@0 CV0@55.781C CPU@58.687C SOC2@56.843C SOC0@57.5C CV1@55.687C GPU@56.125C tj@58.906C SOC1@58.906C CV2@55.968C
08-21-2026 19:59:58 RAM 4307/15389MB (lfb 1153x4MB) SWAP 0/7694MB (cached 0MB) CPU [0%@1984,0%@1984,0%@1984,0%@1984,50%@1344,0%@1344,0%@1344,0%@1344] EMC_FREQ 0% GR3D_FREQ 21% GR3D2_FREQ 21%@0 CV0@55.781C CPU@58.562C SOC2@56.812C SOC0@57.562C CV1@55.656C GPU@56.312C tj@58.937C SOC1@59.062C CV2@55.968C
08-21-2026 19:59:58 RAM 4307/15389MB (lfb 1153x4MB) SWAP 0/7694MB (cached 0MB) CPU [50%@1984,0%@1984,0%@1984,0%@1984,50%@1344,0%@1344,0%@1344,0%@1344] EMC_FREQ 0% GR3D_FREQ 23% GR3D2_FREQ 23%@0 CV0@55.781C CPU@58.593C SOC2@56.75C SOC0@57.5C CV1@55.625C GPU@56.187C tj@59.156C SOC1@59.156C CV2@55.906C
08-21-2026 19:59:58 RAM 4307/15389MB (lfb 1153x4MB) SWAP 0/7694MB (cached 0MB) CPU [0%@1984,0%@1984,50%@1984,0%@1984,100%@1344,0%@1344,0%@1344,0%@1344] EMC_FREQ 0% GR3D_FREQ 0% GR3D2_FREQ 0%@0 CV0@55.781C CPU@58.5C SOC2@56.687C SOC0@57.687C CV1@55.687C GPU@56.5C tj@59.25C SOC1@59.25C CV2@55.875C
08-21-2026 19:59:58 RAM 4307/15389MB (lfb 1153x4MB) SWAP 0/7694MB (cached 0MB) CPU [0%@806,0%@806,50%@806,0%@806,0%@1344,0%@1344,0%@1344,0%@1344] EMC_FREQ 0% GR3D_FREQ 0% GR3D2_FREQ 20%@0 CV0@55.781C CPU@58.375C SOC2@56.75C SOC0@57.656C CV1@55.718C GPU@56.125C tj@59.281C SOC1@59.281C CV2@55.875C
08-21-2026 19:59:58 RAM 4307/15389MB (lfb 1153x4MB) SWAP 0/7694MB (cached 0MB) CPU [0%@1984,0%@1984,0%@1984,50%@1984,50%@1344,0%@1344,0%@1344,0%@1344] EMC_FREQ 0% GR3D_FREQ 20% GR3D2_FREQ 20%@0 CV0@55.625C CPU@58.437C SOC2@56.75C SOC0@57.718C CV1@55.656C GPU@56.218C tj@59.187C SOC1@59.187C CV2@55.812C
08-21-2026 19:59:58 RAM 4307/15389MB (lfb 1153x4MB) SWAP 0/7694MB (cached 0MB) CPU [50%@1984,0%@1984,50%@1984,0%@1984,0%@1344,0%@1344,0%@1344,0%@1344] EMC_FREQ 0% GR3D_FREQ 17% GR3D2_FREQ 17%@0 CV0@55.656C CPU@58.468C SOC2@56.656C SOC0@57.687C CV1@55.656C GPU@56.343C tj@59.125C SOC1@59.125C CV2@56.062C
08-21-2026 19:59:58 RAM 4307/15389MB (lfb 1153x4MB) SWAP 0/7694MB (cached 0MB) CPU [0%@1984,0%@1984,0%@1984,0%@1984,50%@1344,0%@1344,0%@1344,0%@1344] EMC_FREQ 0% GR3D_FREQ 2% GR3D2_FREQ 2%@0 CV0@55.687C CPU@58.375C SOC2@56.75C SOC0@57.625C CV1@55.593C GPU@56.187C tj@59C SOC1@59C CV2@56.093C
08-21-2026 19:59:58 RAM 4307/15389MB (lfb 1153x4MB) SWAP 0/7694MB (cached 0MB) CPU [0%@1984,0%@1984,100%@1984,0%@1984,0%@1344,50%@1344,33%@1344,0%@1344] EMC_FREQ 0% GR3D_FREQ 2% GR3D2_FREQ 2%@0 CV0@55.625C CPU@58.718C SOC2@56.937C SOC0@57.593C CV1@55.906C GPU@56.562C tj@59.093C SOC1@59.093C CV2@56C
08-21-2026 19:59:58 RAM 4307/15389MB (lfb 1153x4MB) SWAP 0/7694MB (cached 0MB) CPU [50%@1984,0%@1984,0%@1984,0%@1984,0%@1344,50%@1344,0%@1344,0%@1344] EMC_FREQ 0% GR3D_FREQ 25% GR3D2_FREQ 25%@0 CV0@55.593C CPU@58.718C SOC2@56.812C SOC0@57.562C CV1@55.718C GPU@56.156C tj@58.937C SOC1@58.937C CV2@55.843C
08-21-2026 19:59:58 RAM 4307/15389MB (lfb 1153x4MB) SWAP 0/7694MB (cached 0MB) CPU [0%@883,0%@883,50%@1984,0%@1984,0%@1497,100%@1497,0%@1497,0%@1497] EMC_FREQ 0% GR3D_FREQ 2% GR3D2_FREQ 2%@0 CV0@55.843C CPU@58.562C SOC2@56.906C SOC0@57.562C CV1@55.687C GPU@56.375C tj@58.968C SOC1@58.968C CV2@56C
08-21-2026 19:59:58 RAM 4307/15389MB (lfb 1153x4MB) SWAP 0/7694MB (cached 0MB) CPU [0%@1984,0%@1984,0%@1984,0%@1984,0%@1420,0%@1420,0%@1420,0%@1420] EMC_FREQ 0% GR3D_FREQ 20% GR3D2_FREQ 20%@0 CV0@55.781C CPU@58.687C SOC2@56.781C SOC0@57.468C CV1@55.687C GPU@56.156C tj@58.875C SOC1@58.875C CV2@55.968C
08-21-2026 19:59:58 RAM 4307/15389MB (lfb 1153x4MB) SWAP 0/7694MB (cached 0MB) CPU [50%@1984,0%@1984,50%@1984,0%@1984,50%@1420,100%@1420,0%@1420,0%@1420] EMC_FREQ 0% GR3D_FREQ 20% GR3D2_FREQ 20%@0 CV0@55.718C CPU@58.468C SOC2@56.875C SOC0@57.656C CV1@55.781C GPU@56.125C tj@59.062C SOC1@59.062C CV2@55.812C
08-21-2026 19:59:58 RAM 4307/15389MB (lfb 1153x4MB) SWAP 0/7694MB (cached 0MB) CPU [0%@806,0%@806,50%@806,50%@806,0%@1420,0%@1420,0%@1420,0%@1420] EMC_FREQ 0% GR3D_FREQ 19% GR3D2_FREQ 19%@0 CV0@55.75C CPU@58.343C SOC2@56.718C SOC0@57.687C CV1@55.625C GPU@56.25C tj@59.156C SOC1@59.156C CV2@55.906C
08-21-2026 19:59:58 RAM 4307/15389MB (lfb 1153x4MB) SWAP 0/7694MB (cached 0MB) CPU [0%@806,0%@806,0%@806,0%@806,0%@1344,0%@1344,0%@1344,0%@1344] EMC_FREQ 0% GR3D_FREQ 0% GR3D2_FREQ 0%@0 CV0@55.656C CPU@58.25C SOC2@56.718C SOC0@57.625C CV1@55.593C GPU@56.125C tj@59.062C SOC1@59.062C CV2@55.937C
08-21-2026 19:59:58 RAM 4307/15389MB (lfb 1153x4MB) SWAP 0/7694MB (cached 0MB) CPU [50%@883,0%@883,0%@883,0%@1984,0%@1344,50%@1344,0%@1344,0%@1344] EMC_FREQ 0% GR3D_FREQ 23% GR3D2_FREQ 23%@0 CV0@55.656C CPU@58.281C SOC2@56.812C SOC0@57.687C CV1@55.625C GPU@56.375C tj@59.031C SOC1@59.031C CV2@55.968C
08-21-2026 19:59:58 RAM 4307/15389MB (lfb 1153x4MB) SWAP 0/7694MB (cached 0MB) CPU [0%@1984,0%@1984,50%@1984,0%@1984,0%@1344,100%@1344,0%@1344,0%@1344] EMC_FREQ 0% GR3D_FREQ 23% GR3D2_FREQ 23%@0 CV0@55.562C CPU@58.343C SOC2@56.687C SOC0@57.687C CV1@55.593C GPU@56.187C tj@59.125C SOC1@59.125C CV2@56C
08-21-2026 19:59:58 RAM 4307/15389MB (lfb 1153x4MB) SWAP 0/7694MB (cached 0MB) CPU [0%@883,0%@883,0%@883,0%@883,0%@1420,0%@1420,0%@1420,0%@1420] EMC_FREQ 0% GR3D_FREQ 12% GR3D2_FREQ 12%@0 CV0@55.593C CPU@58.343C SOC2@56.906C SOC0@57.562C CV1@55.718C GPU@56.312C tj@58.937C SOC1@58.937C CV2@56C
08-21-2026 19:59:58 RAM 4307/15389MB (lfb 1153x4MB) SWAP 0/7694MB (cached 0MB) CPU [50%@1984,0%@1984,0%@1984,0%@1984,0%@1344,0%@1344,100%@1344,0%@1344] EMC_FREQ 0% GR3D_FREQ 7% GR3D2_FREQ 7%@0 CV0@55.625C CPU@58.75C SOC2@56.843C SOC0@57.562C CV1@55.843C GPU@56.156C tj@59C SOC1@59C CV2@55.968C
08-21-2026 19:59:58 RAM 4307/15389MB (lfb 1153x4MB) SWAP 0/7694MB (cached 0MB) CPU [0%@1984,0%@1984,0%@1984,0%@1984,0%@1420,0%@1420,0%@1420,0%@1420] EMC_FREQ 0% GR3D_FREQ 23% GR3D2_FREQ 23%@0 CV0@55.687C CPU@58.781C SOC2@56.843C SOC0@57.625C CV1@55.75C GPU@56.187C tj@59.031C SOC1@59.031C CV2@55.937C
08-21-2026 19:59:58 RAM 4307/15389MB (lfb 1153x4MB) SWAP 0/7694MB (cached 0MB) CPU [0%@1984,33%@1984,50%@1984,0%@1984,0%@1344,0%@1344,50%@1344,0%@1344] EMC_FREQ 0% GR3D_FREQ 23% GR3D2_FREQ 23%@0 CV0@55.718C CPU@58.687C SOC2@56.718C SOC0@57.531C CV1@55.687C GPU@56.218C tj@58.906C SOC1@58.906C CV2@55.937C
08-21-2026 19:59:58 RAM 4307/15389MB (lfb 1153x4MB) SWAP 0/7694MB (cached 0MB) CPU [0%@883,0%@883,100%@883,0%@883,0%@1420,0%@1420,0%@1420,0%@1420] EMC_FREQ 0% GR3D_FREQ 1% GR3D2_FREQ 1%@0 CV0@55.656C CPU@58.5C SOC2@56.906C SOC0@57.75C CV1@55.593C GPU@56.5C tj@59.156C SOC1@59.156C CV2@55.875C
08-21-2026 19:59:58 RAM 4307/15389MB (lfb 1153x4MB) SWAP 0/7694MB (cached 0MB) CPU [0%@806,0%@806,50%@806,0%@806,0%@1344,0%@1344,0%@1344,0%@1344] EMC_FREQ 0% GR3D_FREQ 21% GR3D2_FREQ 21%@0 CV0@55.593C CPU@58.531C SOC2@56.656C SOC0@57.687C CV1@55.593C GPU@56.187C tj@59C SOC1@59C CV2@55.906C
08-21-2026 19:59:58 RAM 4307/15389MB (lfb 1153x4MB) SWAP 0/7694MB (cached 0MB) CPU [50%@883,0%@883,0%@883,0%@883,0%@1497,50%@1497,50%@1497,0%@1497] EMC_FREQ 0% GR3D_FREQ 21% GR3D2_FREQ 21%@0 CV0@55.656C CPU@58.343C SOC2@56.812C SOC0@57.75C CV1@55.625C GPU@56.125C tj@59.218C SOC1@59.218C CV2@55.812C
08-21-2026 19:59:58 RAM 4307/15389MB (lfb 1153x4MB) SWAP 0/7694MB (cached 0MB) CPU [50%@1984,0%@1984,0%@1984,0%@1984,0%@1267,0%@1267,0%@1267,0%@1267] EMC_FREQ 0% GR3D_FREQ 22% GR3D2_FREQ 22%@0 CV0@55.625C CPU@58.437C SOC2@56.843C SOC0@57.718C CV1@55.625C GPU@56.312C tj@59.156C SOC1@59.156C CV2@56.031C
08-21-2026 19:59:58 RAM 4307/15389MB (lfb 1153x4MB) SWAP 0/7694MB (cached 0MB) CPU [0%@1984,0%@1984,50%@1984,0%@1984,0%@1420,0%@1420,100%@1420,0%@1420] EMC_FREQ 0% GR3D_FREQ 0% GR3D2_FREQ 0%@0 CV0@55.625C CPU@58.406C SOC2@56.812C SOC0@57.625C CV1@55.593C GPU@56.062C tj@59.093C SOC1@59.093C CV2@56C
08-21-2026 19:59:58 RAM 4307/15389MB (lfb 1153x4MB) SWAP 0/7694MB (cached 0MB) CPU [0%@806,0%@806,0%@806,0%@806,0%@1267,0%@1267,0%@1267,0%@1267] EMC_FREQ 0% GR3D_FREQ 23% GR3D2_FREQ 23%@0 CV0@55.656C CPU@58.343C SOC2@56.781C SOC0@57.718C CV1@55.843C GPU@56.5C tj@59.031C SOC1@59.031C CV2@55.968C
08-21-2026 19:59:58 RAM 4307/15389MB (lfb 1153x4MB) SWAP 0/7694MB (cached 0MB) CPU [0%@1984,0%@1984,0%@1984,0%@1984,0%@1344,0%@1344,100%@1344,0%@1344] EMC_FREQ 0% GR3D_FREQ 23% GR3D2_FREQ 23%@0 CV0@55.656C CPU@58.343C SOC2@56.812C SOC0@57.593C CV1@55.843C GPU@56.187C tj@59.062C SOC1@58.968C CV2@56C
08-21-2026 19:59:58 RAM 4307/15389MB (lfb 1153x4MB) SWAP 0/7694MB (cached 0MB) CPU [0%@1984,0%@1984,50%@1984,0%@1984,0%@1267,0%@1267,50%@1267,0%@1267] EMC_FREQ 0% GR3D_FREQ 12% GR3D2_FREQ 12%@0 CV0@55.875C CPU@58.343C SOC2@56.75C SOC0@57.625C CV1@55.75C GPU@56.343C tj@59.062C SOC1@59.062C CV2@55.906C
08-21-2026 19:59:58 RAM 4307/15389MB (lfb 1153x4MB) SWAP 0/7694MB (cached 0MB) CPU [0%@883,0%@883,0%@883,0%@883,0%@1267,0%@1267,50%@1267,0%@1267] EMC_FREQ 0% GR3D_FREQ 7% GR3D2_FREQ 7%@0 CV0@55.718C CPU@58.531C SOC2@56.718C SOC0@57.531C CV1@55.625C GPU@56.343C tj@58.968C SOC1@58.968C CV2@55.968C
08-21-2026 19:59:58 RAM 4307/15389MB (lfb 1153x4MB) SWAP 0/7694MB (cached 0MB) CPU [0%@1036,0%@1036,50%@1036,0%@1036,0%@1344,0%@1344,0%@1344,0%@1344] EMC_FREQ 0% GR3D_FREQ 19% GR3D2_FREQ 19%@0 CV0@55.75C CPU@58.437C SOC2@56.687C SOC0@57.562C CV1@55.593C GPU@56.156C tj@59.25C SOC1@59.25C CV2@56C
08-21-2026 19:59:58 RAM 4307/15389MB (lfb 1153x4MB) SWAP 0/7694MB (cached 0MB) CPU [50%@1984,0%@1984,0%@1984,0%@1984,0%@1267,50%@1267,0%@1267,50%@1267] EMC_FREQ 0% GR3D_FREQ 19% GR3D2_FREQ 19%@0 CV0@55.562C CPU@58.468C SOC2@56.75C SOC0@57.75C CV1@55.625C GPU@56.281C tj@59.156C SOC1@59.156C CV2@55.875C
08-21-2026 19:59:58 RAM 4307/15389MB (lfb 1153x4MB) SWAP 0/7694MB (cached 0MB) CPU [50%@1984,0%@1984,50%@1984,0%@1984,0%@1420,0%@1420,50%@1420,0%@1420] EMC_FREQ 0% GR3D_FREQ 0% GR3D2_FREQ 0%@0 CV0@55.656C CPU@58.5C SOC2@56.781C SOC0@57.656C CV1@55.593C GPU@56.125C tj@59.125C SOC1@59.125C CV2@55.937C
08-21-2026 19:59:58 RAM 4307/15389MB (lfb 1153x4MB) SWAP 0/7694MB (cached 0MB) CPU [0%@960,0%@960,0%@960,0%@960,0%@1344,0%@1344,50%@1344,0%@1344] EMC_FREQ 0% GR3D_FREQ 23% GR3D2_FREQ 23%@0 CV0@55.687C CPU@58.375C SOC2@56.718C SOC0@57.656C CV1@55.593C GPU@56.437C tj@58.937C SOC1@58.937C CV2@55.968C
08-21-2026 19:59:58 RAM 4307/15389MB (lfb 1153x4MB) SWAP 0/7694MB (cached 0MB) CPU [0%@1984,0%@1984,0%@1984,50%@1984,0%@1344,0%@1344,100%@1344,0%@1344] EMC_FREQ 0% GR3D_FREQ 22% GR3D2_FREQ 22%@0 CV0@55.593C CPU@58.468C SOC2@56.875C SOC0@57.718C CV1@55.531C GPU@56.25C tj@59.093C SOC1@59.093C CV2@55.968C
08-21-2026 19:59:59 RAM 4307/15389MB (lfb 1153x4MB) SWAP 0/7694MB (cached 0MB) CPU [0%@1984,0%@1984,50%@1984,0%@1984,0%@1267,0%@1267,0%@1267,0%@1267] EMC_FREQ 0% GR3D_FREQ 22% GR3D2_FREQ 22%@0 CV0@55.656C CPU@58.437C SOC2@56.875C SOC0@57.656C CV1@55.718C GPU@56.375C tj@59C SOC1@59C CV2@56C
08-21-2026 19:59:59 RAM 4307/15389MB (lfb 1153x4MB) SWAP 0/7694MB (cached 0MB) CPU [0%@960,50%@960,0%@960,0%@960,0%@1344,0%@1344,50%@1344,0%@1344] EMC_FREQ 0% GR3D_FREQ 0% GR3D2_FREQ 0%@0 CV0@55.687C CPU@58.437C SOC2@56.812C SOC0@57.593C CV1@55.718C GPU@56.187C tj@59C SOC1@59C CV2@56C
08-21-2026 19:59:59 RAM 4307/15389MB (lfb 1153x4MB) SWAP 0/7694MB (cached 0MB) CPU [0%@883,0%@883,100%@883,0%@883,0%@1420,0%@1420,0%@1420,0%@1420] EMC_FREQ 0% GR3D_FREQ 22% GR3D2_FREQ 22%@0 CV0@55.625C CPU@58.5C SOC2@56.937C SOC0@57.531C CV1@55.687C GPU@56.031C tj@59.093C SOC1@59.093C CV2@56C
08-21-2026 19:59:59 RAM 4307/15389MB (lfb 1153x4MB) SWAP 0/7694MB (cached 0MB) CPU [50%@1984,0%@1984,0%@1984,0%@1984,0%@1267,0%@1267,0%@1267,0%@1267] EMC_FREQ 0% GR3D_FREQ 22% GR3D2_FREQ 9%@0 CV0@55.718C CPU@58.468C SOC2@56.812C SOC0@57.625C CV1@55.656C GPU@56.156C tj@58.968C SOC1@58.968C CV2@55.843C
08-21-2026 19:59:59 RAM 4307/15389MB (lfb 1153x4MB) SWAP 0/7694MB (cached 0MB) CPU [0%@1984,50%@1984,0%@1984,50%@1984,0%@1267,0%@1267,50%@1267,0%@1267] EMC_FREQ 0% GR3D_FREQ 9% GR3D2_FREQ 9%@0 CV0@55.718C CPU@58.5C SOC2@56.843C SOC0@57.75C CV1@55.531C GPU@56.437C tj@59.125C SOC1@59.125C CV2@55.968C
08-21-2026 19:59:59 RAM 4307/15389MB (lfb 1153x4MB) SWAP 0/7694MB (cached 0MB) CPU [0%@1984,0%@1984,50%@1984,0%@1984,0%@1344,0%@1344,100%@1344,0%@1344] EMC_FREQ 0% GR3D_FREQ 13% GR3D2_FREQ 13%@0 CV0@55.718C CPU@58.531C SOC2@56.75C SOC0@57.625C CV1@55.625C GPU@56.125C tj@59.156C SOC1@59.156C CV2@55.906C
08-21-2026 19:59:59 RAM 4307/15389MB (lfb 1153x4MB) SWAP 0/7694MB (cached 0MB) CPU [0%@883,0%@883,50%@883,0%@883,0%@1420,0%@1420,0%@1420,0%@1420] EMC_FREQ 0% GR3D_FREQ 22% GR3D2_FREQ 22%@0 CV0@55.625C CPU@58.5C SOC2@56.75C SOC0@57.718C CV1@55.562C GPU@56.156C tj@59.093C SOC1@59.093C CV2@55.843C
08-21-2026 19:59:59 RAM 4307/15389MB (lfb 1153x4MB) SWAP 0/7694MB (cached 0MB) CPU [0%@1984,0%@1984,0%@1984,0%@1984,0%@1344,0%@1344,0%@1344,0%@1344] EMC_FREQ 0% GR3D_FREQ 22% GR3D2_FREQ 22%@0 CV0@55.593C CPU@58.468C SOC2@56.781C SOC0@57.625C CV1@55.625C GPU@56.25C tj@59.156C SOC1@59.156C CV2@56C
08-21-2026 19:59:59 RAM 4307/15389MB (lfb 1153x4MB) SWAP 0/7694MB (cached 0MB) CPU [0%@1984,0%@1984,0%@1984,0%@1984,0%@1420,0%@1420,100%@1420,0%@1420] EMC_FREQ 0% GR3D_FREQ 0% GR3D2_FREQ 0%@0 CV0@55.593C CPU@58.468C SOC2@56.906C SOC0@57.625C CV1@55.625C GPU@56.125C tj@59.187C SOC1@59.187C CV2@56.031C
08-21-2026 19:59:59 RAM 4307/15389MB (lfb 1153x4MB) SWAP 0/7694MB (cached 0MB) CPU [0%@1984,0%@1984,100%@1984,0%@1984,0%@1267,0%@1267,0%@1267,50%@1267] EMC_FREQ 0% GR3D_FREQ 23% GR3D2_FREQ 23%@0 CV0@55.562C CPU@58.656C SOC2@56.875C SOC0@57.656C CV1@55.75C GPU@56.218C tj@59C SOC1@59C CV2@56.031C
08-21-2026 19:59:59 RAM 4307/15389MB (lfb 1153x4MB) SWAP 0/7694MB (cached 0MB) CPU [0%@729,0%@729,50%@729,0%@729,0%@1344,50%@1344,66%@1344,50%@1344] EMC_FREQ 0% GR3D_FREQ 16% GR3D2_FREQ 16%@0 CV0@55.843C CPU@58.625C SOC2@56.781C SOC0@57.593C CV1@55.75C GPU@56.25C tj@58.968C SOC1@58.968C CV2@55.937C
08-21-2026 19:59:59 RAM 4307/15389MB (lfb 1153x4MB) SWAP 0/7694MB (cached 0MB) CPU [0%@1984,0%@1984,0%@1984,0%@1984,0%@1344,0%@1344,0%@1344,0%@1344] EMC_FREQ 0% GR3D_FREQ 16% GR3D2_FREQ 16%@0 CV0@55.687C CPU@58.593C SOC2@56.812C SOC0@57.593C CV1@55.718C GPU@56.437C tj@59C SOC1@59C CV2@56C
08-21-2026 19:59:59 RAM 4307/15389MB (lfb 1153x4MB) SWAP 0/7694MB (cached 0MB) CPU [0%@960,0%@960,50%@960,0%@960,0%@1267,0%@1267,100%@1267,0%@1267] EMC_FREQ 0% GR3D_FREQ 6% GR3D2_FREQ 6%@0 CV0@55.625C CPU@58.562C SOC2@56.843C SOC0@57.625C CV1@55.656C GPU@56.187C tj@59.062C SOC1@59.062C CV2@55.812C
08-21-2026 19:59:59 RAM 4307/15389MB (lfb 1153x4MB) SWAP 0/7694MB (cached 0MB) CPU [0%@1984,0%@1984,0%@1984,0%@1984,0%@1344,0%@1344,0%@1344,0%@1344] EMC_FREQ 0% GR3D_FREQ 22% GR3D2_FREQ 22%@0 CV0@55.656C CPU@58.562C SOC2@56.781C SOC0@57.718C CV1@55.656C GPU@56.062C tj@59.156C SOC1@59.156C CV2@55.843C
08-21-2026 19:59:59 RAM 4307/15389MB (lfb 1153x4MB) SWAP 0/7694MB (cached 0MB) CPU [0%@806,0%@806,0%@1984,0%@1984,0%@1267,0%@1267,0%@1267,0%@1267] EMC_FREQ 0% GR3D_FREQ 22% GR3D2_FREQ 0%@0 CV0@55.687C CPU@58.5C SOC2@56.781C SOC0@57.687C CV1@55.687C GPU@56.375C tj@59.125C SOC1@59.125C CV2@55.968C
08-21-2026 19:59:59 RAM 4307/15389MB (lfb 1153x4MB) SWAP 0/7694MB (cached 0MB) CPU [0%@1984,0%@1984,0%@1984,50%@1984,0%@1344,0%@1344,100%@1344,0%@1344] EMC_FREQ 0% GR3D_FREQ 0% GR3D2_FREQ 0%@0 CV0@55.625C CPU@58.437C SOC2@56.687C SOC0@57.593C CV1@55.562C GPU@56.062C tj@59.062C SOC1@59.062C CV2@55.968C
08-21-2026 19:59:59 RAM 4307/15389MB (lfb 1153x4MB) SWAP 0/7694MB (cached 0MB) CPU [0%@1984,0%@1984,100%@1984,0%@1984,0%@1190,50%@1190,0%@1190,0%@1190] EMC_FREQ 0% GR3D_FREQ 23% GR3D2_FREQ 23%@0 CV0@55.593C CPU@58.75C SOC2@56.812C SOC0@57.593C CV1@55.687C GPU@56.218C tj@59.125C SOC1@59.125C CV2@56C
08-21-2026 19:59:59 RAM 4307/15389MB (lfb 1153x4MB) SWAP 0/7694MB (cached 0MB) CPU [50%@1984,0%@1984,50%@1984,0%@1984,0%@1344,0%@1344,100%@1344,50%@1344] EMC_FREQ 0% GR3D_FREQ 12% GR3D2_FREQ 12%@0 CV0@55.625C CPU@58.625C SOC2@56.875C SOC0@57.593C CV1@55.781C GPU@56.375C tj@59.093C SOC1@59.093C CV2@56C
08-21-2026 19:59:59 RAM 4307/15389MB (lfb 1153x4MB) SWAP 0/7694MB (cached 0MB) CPU [0%@960,0%@960,0%@960,0%@960,0%@1267,0%@1267,0%@1267,0%@1267] EMC_FREQ 0% GR3D_FREQ 12% GR3D2_FREQ 12%@0 CV0@55.625C CPU@58.562C SOC2@56.75C SOC0@57.656C CV1@55.718C GPU@56.406C tj@58.968C SOC1@58.968C CV2@55.875C
08-21-2026 19:59:59 RAM 4307/15389MB (lfb 1153x4MB) SWAP 0/7694MB (cached 0MB) CPU [0%@1984,0%@1984,100%@1984,0%@1984,0%@1267,50%@1267,50%@1267,0%@1267] EMC_FREQ 0% GR3D_FREQ 10% GR3D2_FREQ 10%@0 CV0@55.75C CPU@58.562C SOC2@56.843C SOC0@57.625C CV1@55.75C GPU@56.093C tj@58.906C SOC1@58.906C CV2@55.968C
08-21-2026 19:59:59 RAM 4307/15389MB (lfb 1153x4MB) SWAP 0/7694MB (cached 0MB) CPU [0%@1984,0%@1984,0%@1984,0%@1984,0%@1267,0%@1267,0%@1267,0%@1267] EMC_FREQ 0% GR3D_FREQ 22% GR3D2_FREQ 22%@0 CV0@55.718C CPU@58.687C SOC2@56.875C SOC0@57.531C CV1@55.562C GPU@56.343C tj@59.25C SOC1@59.25C CV2@55.937C
08-21-2026 19:59:59 RAM 4307/15389MB (lfb 1153x4MB) SWAP 0/7694MB (cached 0MB) CPU [0%@883,0%@883,100%@883,0%@883,0%@1267,0%@1267,0%@1267,0%@1267] EMC_FREQ 0% GR3D_FREQ 22% GR3D2_FREQ 0%@0 CV0@55.656C CPU@58.375C SOC2@56.656C SOC0@57.687C CV1@55.562C GPU@56.156C tj@59.25C SOC1@59.25C CV2@55.968C
08-21-2026 19:59:59 RAM 4307/15389MB (lfb 1153x4MB) SWAP 0/7694MB (cached 0MB) CPU [50%@1984,50%@1984,0%@1984,0%@1984,0%@1344,0%@1344,50%@1344,50%@1344] EMC_FREQ 0% GR3D_FREQ 0% GR3D2_FREQ 0%@0 CV0@55.625C CPU@58.281C SOC2@56.687C SOC0@57.625C CV1@55.531C GPU@56.156C tj@59.125C SOC1@59.125C CV2@55.875C
08-21-2026 19:59:59 RAM 4307/15389MB (lfb 1153x4MB) SWAP 0/7694MB (cached 0MB) CPU [0%@960,0%@960,50%@960,0%@960,0%@1190,0%@1190,50%@1190,50%@1190] EMC_FREQ 0% GR3D_FREQ 22% GR3D2_FREQ 22%@0 CV0@55.562C CPU@58.343C SOC2@56.781C SOC0@57.625C CV1@55.656C GPU@56.343C tj@59.093C SOC1@59.093C CV2@56.031C
08-21-2026 19:59:59 RAM 4307/15389MB (lfb 1153x4MB) SWAP 0/7694MB (cached 0MB) CPU [0%@960,0%@960,0%@960,0%@960,0%@1344,0%@1344,100%@1344,0%@1344] EMC_FREQ 0% GR3D_FREQ 9% GR3D2_FREQ 9%@0 CV0@55.562C CPU@58.375C SOC2@56.906C SOC0@57.687C CV1@55.562C GPU@56.312C tj@59C SOC1@59C CV2@55.968C
08-21-2026 19:59:59 RAM 4307/15389MB (lfb 1153x4MB) SWAP 0/7694MB (cached 0MB) CPU [0%@960,50%@960,50%@960,0%@960,0%@1344,0%@1344,0%@1344,0%@1344] EMC_FREQ 0% GR3D_FREQ 9% GR3D2_FREQ 9%@0 CV0@55.75C CPU@58.375C SOC2@56.906C SOC0@57.562C CV1@55.75C GPU@56.187C tj@59.156C SOC1@59.156C CV2@56C
08-21-2026 19:59:59 RAM 4304/15389MB (lfb 1153x4MB) SWAP 0/7694MB (cached 0MB) CPU [0%@883,50%@883,0%@883,50%@883,0%@1267,0%@1267,100%@1267,0%@1267] EMC_FREQ 0% GR3D_FREQ 13% GR3D2_FREQ 13%@0 CV0@55.656C CPU@58.687C SOC2@56.781C SOC0@57.625C CV1@55.781C GPU@56.093C tj@58.968C SOC1@58.968C CV2@55.937C
08-21-2026 19:59:59 RAM 4304/15389MB (lfb 1153x4MB) SWAP 0/7694MB (cached 0MB) CPU [0%@1984,0%@1984,50%@1984,0%@1984,0%@1267,0%@1267,0%@1267,0%@1267] EMC_FREQ 0% GR3D_FREQ 22% GR3D2_FREQ 22%@0 CV0@55.625C CPU@58.75C SOC2@56.875C SOC0@57.593C CV1@55.718C GPU@56.25C tj@59.062C SOC1@59.062C CV2@55.968C
08-21-2026 19:59:59 RAM 4304/15389MB (lfb 1153x4MB) SWAP 0/7694MB (cached 0MB) CPU [0%@1984,50%@1984,50%@1984,0%@1984,0%@1267,0%@1267,50%@1267,0%@1267] EMC_FREQ 0% GR3D_FREQ 0% GR3D2_FREQ 0%@0 CV0@55.843C CPU@58.562C SOC2@56.843C SOC0@57.5C CV1@55.75C GPU@56.375C tj@59.031C SOC1@59.031C CV2@56C
08-21-2026 19:59:59 RAM 4304/15389MB (lfb 1153x4MB) SWAP 0/7694MB (cached 0MB) CPU [50%@729,0%@729,0%@729,0%@729,0%@1344,0%@1344,50%@1344,0%@1344] EMC_FREQ 0% GR3D_FREQ 0% GR3D2_FREQ 0%@0 CV0@55.687C CPU@58.593C SOC2@56.781C SOC0@57.625C CV1@55.656C GPU@56.218C tj@58.875C SOC1@58.875C CV2@55.843C
08-21-2026 19:59:59 RAM 4304/15389MB (lfb 1153x4MB) SWAP 0/7694MB (cached 0MB) CPU [50%@1984,0%@1984,100%@1984,0%@1984,0%@1267,0%@1267,0%@1267,0%@1267] EMC_FREQ 0% GR3D_FREQ 20% GR3D2_FREQ 20%@0 CV0@55.687C CPU@58.406C SOC2@56.75C SOC0@57.718C CV1@55.562C GPU@56.125C tj@59.281C SOC1@59.281C CV2@55.843C
08-21-2026 19:59:59 RAM 4304/15389MB (lfb 1153x4MB) SWAP 0/7694MB (cached 0MB) CPU [0%@883,0%@883,0%@883,0%@1984,0%@1420,0%@1420,50%@1420,50%@1420] EMC_FREQ 0% GR3D_FREQ 13% GR3D2_FREQ 13%@0 CV0@55.625C CPU@58.343C SOC2@56.718C SOC0@57.75C CV1@55.656C GPU@56.312C tj@59.187C SOC1@59.187C CV2@55.875C
08-21-2026 19:59:59 RAM 4304/15389MB (lfb 1153x4MB) SWAP 0/7694MB (cached 0MB) CPU [0%@729,0%@729,50%@729,0%@729,0%@1344,0%@1344,50%@1344,0%@1344] EMC_FREQ 0% GR3D_FREQ 9% GR3D2_FREQ 9%@0 CV0@55.687C CPU@58.343C SOC2@56.843C SOC0@57.593C CV1@55.593C GPU@56.125C tj@59.156C SOC1@59.156C CV2@55.937C
08-21-2026 19:59:59 RAM 4304/15389MB (lfb 1153x4MB) SWAP 0/7694MB (cached 0MB) CPU [0%@1984,0%@1984,0%@1984,0%@1984,50%@1420,0%@1420,0%@1420,0%@1420] EMC_FREQ 0% GR3D_FREQ 9% GR3D2_FREQ 9%@0 CV0@55.625C CPU@58.437C SOC2@56.781C SOC0@57.625C CV1@55.593C GPU@56.062C tj@58.937C SOC1@58.937C CV2@55.968C
08-21-2026 19:59:59 RAM 4304/15389MB (lfb 1153x4MB) SWAP 0/7694MB (cached 0MB) CPU [50%@1984,0%@1984,50%@1984,50%@1984,0%@1420,0%@1420,0%@1420,0%@1420] EMC_FREQ 0% GR3D_FREQ 22% GR3D2_FREQ 22%@0 CV0@55.656C CPU@58.312C SOC2@56.875C SOC0@57.625C CV1@55.656C GPU@56.25C tj@58.968C SOC1@58.968C CV2@56C
08-21-2026 19:59:59 RAM 4304/15389MB (lfb 1153x4MB) SWAP 0/7694MB (cached 0MB) CPU [0%@1984,0%@1984,0%@1984,50%@1984,0%@1420,0%@1420,100%@1420,0%@1420] EMC_FREQ 0% GR3D_FREQ 0% GR3D2_FREQ 0%@0 CV0@55.625C CPU@58.312C SOC2@56.843C SOC0@57.593C CV1@55.75C GPU@56.375C tj@59.187C SOC1@59.187C CV2@56.031C
08-21-2026 19:59:59 RAM 4304/15389MB (lfb 1153x4MB) SWAP 0/7694MB (cached 0MB) CPU [0%@1984,0%@1984,50%@1984,0%@1984,0%@1420,0%@1420,0%@1420,0%@1420] EMC_FREQ 0% GR3D_FREQ 22% GR3D2_FREQ 22%@0 CV0@55.593C CPU@58.718C SOC2@56.812C SOC0@57.656C CV1@55.656C GPU@56.125C tj@59.093C SOC1@58.968C CV2@55.968C
08-21-2026 19:59:59 RAM 4304/15389MB (lfb 1153x4MB) SWAP 0/7694MB (cached 0MB) CPU [0%@1984,0%@1984,0%@1984,66%@1984,50%@1344,0%@1344,0%@1344,0%@1344] EMC_FREQ 0% GR3D_FREQ 22% GR3D2_FREQ 22%@0 CV0@55.687C CPU@58.656C SOC2@56.812C SOC0@57.468C CV1@55.687C GPU@56.187C tj@58.968C SOC1@58.968C CV2@55.937C
08-21-2026 19:59:59 RAM 4304/15389MB (lfb 1153x4MB) SWAP 0/7694MB (cached 0MB) CPU [0%@1984,50%@1984,0%@1984,0%@1984,0%@1344,0%@1344,0%@1344,50%@1344] EMC_FREQ 0% GR3D_FREQ 23% GR3D2_FREQ 23%@0 CV0@55.718C CPU@58.656C SOC2@56.843C SOC0@57.562C CV1@55.593C GPU@56.281C tj@59.062C SOC1@59.062C CV2@55.937C
08-21-2026 19:59:59 RAM 4304/15389MB (lfb 1153x4MB) SWAP 0/7694MB (cached 0MB) CPU [50%@806,50%@806,0%@806,0%@806,0%@1344,0%@1344,100%@1344,0%@1344] EMC_FREQ 0% GR3D_FREQ 0% GR3D2_FREQ 0%@0 CV0@55.75C CPU@58.718C SOC2@56.75C SOC0@57.593C CV1@55.656C GPU@56.093C tj@58.937C SOC1@58.937C CV2@55.812C
08-21-2026 19:59:59 RAM 4304/15389MB (lfb 1153x4MB) SWAP 0/7694MB (cached 0MB) CPU [50%@1984,50%@1984,0%@1984,0%@1984,0%@1344,0%@1344,50%@1344,0%@1344] EMC_FREQ 0% GR3D_FREQ 22% GR3D2_FREQ 22%@0 CV0@55.687C CPU@58.437C SOC2@56.812C SOC0@57.625C CV1@55.593C GPU@56.437C tj@59.218C SOC1@58.968C CV2@56C
08-21-2026 19:59:59 RAM 4304/15389MB (lfb 1153x4MB) SWAP 0/7694MB (cached 0MB) CPU [50%@806,0%@806,0%@806,0%@806,0%@1344,0%@1344,0%@1344,0%@1344] EMC_FREQ 0% GR3D_FREQ 22% GR3D2_FREQ 22%@0 CV0@55.625C CPU@58.531C SOC2@56.812C SOC0@57.718C CV1@55.656C GPU@56.312C tj@59.25C SOC1@59.25C CV2@55.906C
08-21-2026 19:59:59 RAM 4304/15389MB (lfb 1153x4MB) SWAP 0/7694MB (cached 0MB) CPU [50%@806,100%@806,0%@806,0%@806,0%@1344,0%@1344,0%@1344,0%@1344] EMC_FREQ 0% GR3D_FREQ 8% GR3D2_FREQ 8%@0 CV0@55.718C CPU@58.593C SOC2@56.656C SOC0@57.687C CV1@55.687C GPU@56.187C tj@59.125C SOC1@59.125C CV2@55.843C
08-21-2026 19:59:59 RAM 4304/15389MB (lfb 1153x4MB) SWAP 0/7694MB (cached 0MB) CPU [0%@1984,0%@1984,0%@1984,0%@1984,0%@1344,0%@1344,100%@1344,0%@1344] EMC_FREQ 0% GR3D_FREQ 14% GR3D2_FREQ 14%@0 CV0@55.531C CPU@58.593C SOC2@56.843C SOC0@57.75C CV1@55.656C GPU@56.125C tj@59.156C SOC1@59.156C CV2@55.906C
08-21-2026 19:59:59 RAM 4304/15389MB (lfb 1153x4MB) SWAP 0/7694MB (cached 0MB) CPU [0%@883,0%@883,0%@883,0%@883,0%@1344,0%@1344,50%@1344,0%@1344] EMC_FREQ 0% GR3D_FREQ 19% GR3D2_FREQ 19%@0 CV0@55.593C CPU@58.5C SOC2@56.843C SOC0@57.687C CV1@55.625C GPU@56.312C tj@59.187C SOC1@59.187C CV2@55.906C
08-21-2026 19:59:59 RAM 4304/15389MB (lfb 1153x4MB) SWAP 0/7694MB (cached 0MB) CPU [0%@1984,0%@1984,0%@1984,0%@1984,0%@1344,0%@1344,50%@1344,0%@1344] EMC_FREQ 0% GR3D_FREQ 0% GR3D2_FREQ 0%@0 CV0@55.625C CPU@58.375C SOC2@56.843C SOC0@57.593C CV1@55.625C GPU@56.5C tj@59.093C SOC1@59.093C CV2@56.031C
08-21-2026 19:59:59 RAM 4304/15389MB (lfb 1153x4MB) SWAP 0/7694MB (cached 0MB) CPU [50%@806,0%@806,50%@806,0%@806,0%@1344,0%@1344,0%@1344,33%@1344] EMC_FREQ 0% GR3D_FREQ 0% GR3D2_FREQ 0%@0 CV0@55.625C CPU@58.312C SOC2@56.656C SOC0@57.562C CV1@55.531C GPU@56.437C tj@58.968C SOC1@58.968C CV2@56.062C
08-21-2026 19:59:59 RAM 4304/15389MB (lfb 1153x4MB) SWAP 0/7694MB (cached 0MB) CPU [0%@1984,0%@1984,0%@1984,0%@1984,0%@1344,0%@1344,0%@1344,0%@1344] EMC_FREQ 0% GR3D_FREQ 22% GR3D2_FREQ 22%@0 CV0@55.562C CPU@58.687C SOC2@56.937C SOC0@57.687C CV1@55.625C GPU@56.156C tj@59.125C SOC1@59.125C CV2@56.031C
08-21-2026 19:59:59 RAM 4304/15389MB (lfb 1153x4MB) SWAP 0/7694MB (cached 0MB) CPU [0%@1984,0%@1984,50%@1984,0%@1984,0%@1420,0%@1420,50%@1420,50%@1420] EMC_FREQ 0% GR3D_FREQ 17% GR3D2_FREQ 17%@0 CV0@55.531C CPU@58.718C SOC2@56.75C SOC0@57.625C CV1@55.687C GPU@56.375C tj@59.031C SOC1@59.031C CV2@56.031C
08-21-2026 19:59:59 RAM 4304/15389MB (lfb 1153x4MB) SWAP 0/7694MB (cached 0MB) CPU [0%@883,50%@883,0%@883,0%@883,0%@1344,0%@1344,0%@1344,0%@1344] EMC_FREQ 0% GR3D_FREQ 2% GR3D2_FREQ 2%@0 CV0@55.562C CPU@58.687C SOC2@56.906C SOC0@57.593C CV1@55.781C GPU@56.281C tj@59.031C SOC1@59.031C CV2@55.906C
08-21-2026 19:59:59 RAM 4304/15389MB (lfb 1153x4MB) SWAP 0/7694MB (cached 0MB) CPU [0%@1984,0%@1984,100%@1984,0%@1984,0%@1420,0%@1420,100%@1420,0%@1420] EMC_FREQ 0% GR3D_FREQ 2% GR3D2_FREQ 2%@0 CV0@55.687C CPU@58.593C SOC2@56.812C SOC0@57.531C CV1@55.625C GPU@56.093C tj@58.937C SOC1@58.937C CV2@55.968C
08-21-2026 19:59:59 RAM 4304/15389MB (lfb 1153x4MB) SWAP 0/7694MB (cached 0MB) CPU [0%@1984,0%@1984,0%@1984,0%@1984,0%@1420,0%@1420,0%@1420,0%@1420] EMC_FREQ 0% GR3D_FREQ 20% GR3D2_FREQ 20%@0 CV0@55.687C CPU@58.562C SOC2@56.843C SOC0@57.625C CV1@55.687C GPU@56.187C tj@59C SOC1@59C CV2@55.906C
08-21-2026 19:59:59 RAM 4304/15389MB (lfb 1153x4MB) SWAP 0/7694MB (cached 0MB) CPU [66%@806,0%@806,0%@806,0%@806,0%@1344,0%@1344,100%@1344,0%@1344] EMC_FREQ 0% GR3D_FREQ 0% GR3D2_FREQ 0%@0 CV0@55.812C CPU@58.531C SOC2@56.812C SOC0@57.75C CV1@55.75C GPU@56.156C tj@59.218C SOC1@59.218C CV2@55.968C
08-21-2026 19:59:59 RAM 4304/15389MB (lfb 1153x4MB) SWAP 0/7694MB (cached 0MB) CPU [0%@729,0%@729,0%@729,0%@729,0%@1267,0%@1267,50%@1267,0%@1267] EMC_FREQ 0% GR3D_FREQ 0% GR3D2_FREQ 0%@0 CV0@55.687C CPU@58.593C SOC2@56.812C SOC0@57.687C CV1@55.593C GPU@56.406C tj@59.156C SOC1@59.156C CV2@55.906C
08-21-2026 19:59:59 RAM 4304/15389MB (lfb 1153x4MB) SWAP 0/7694MB (cached 0MB) CPU [0%@1984,0%@1984,50%@1984,0%@1984,0%@1344,0%@1344,0%@1344,50%@1344] EMC_FREQ 0% GR3D_FREQ 22% GR3D2_FREQ 22%@0 CV0@55.656C CPU@58.343C SOC2@56.781C SOC0@57.718C CV1@55.656C GPU@56.125C tj@59.218C SOC1@59.093C CV2@56C
08-21-2026 19:59:59 RAM 4304/15389MB (lfb 1153x4MB) SWAP 0/7694MB (cached 0MB) CPU [0%@806,0%@806,0%@806,0%@806,0%@1344,0%@1344,66%@1344,0%@1344] EMC_FREQ 0% GR3D_FREQ 23% GR3D2_FREQ 23%@0 CV0@55.656C CPU@58.5C SOC2@56.687C SOC0@57.718C CV1@55.562C GPU@56.25C tj@59.093C SOC1@59.093C CV2@55.875C
08-21-2026 19:59:59 RAM 4304/15389MB (lfb 1153x4MB) SWAP 0/7694MB (cached 0MB) CPU [50%@1984,0%@1984,100%@1984,0%@1984,0%@1267,0%@1267,100%@1267,0%@1267] EMC_FREQ 0% GR3D_FREQ 0% GR3D2_FREQ 0%@0 CV0@55.531C CPU@58.312C SOC2@56.812C SOC0@57.625C CV1@55.562C GPU@56.25C tj@59.031C SOC1@59.031C CV2@56C
08-21-2026 19:59:59 RAM 4304/15389MB (lfb 1153x4MB) SWAP 0/7694MB (cached 0MB) CPU [0%@1984,50%@1984,50%@1984,0%@1984,0%@1420,0%@1420,0%@1420,0%@1420] EMC_FREQ 0% GR3D_FREQ 0% GR3D2_FREQ 0%@0 CV0@55.5C CPU@58.718C SOC2@56.843C SOC0@57.656C CV1@55.75C GPU@56.5C tj@59.031C SOC1@59.031C CV2@55.843C
08-21-2026 19:59:59 RAM 4304/15389MB (lfb 1153x4MB) SWAP 0/7694MB (cached 0MB) CPU [0%@1984,0%@1984,0%@1984,0%@1984,0%@1344,0%@1344,0%@1344,0%@1344] EMC_FREQ 0% GR3D_FREQ 19% GR3D2_FREQ 19%@0 CV0@55.593C CPU@58.656C SOC2@56.812C SOC0@57.531C CV1@55.593C GPU@56.218C tj@59.031C SOC1@59.031C CV2@56C
08-21-2026 19:59:59 RAM 4304/15389MB (lfb 1153x4MB) SWAP 0/7694MB (cached 0MB) CPU [0%@1984,0%@1984,0%@1984,0%@1984,0%@1344,0%@1344,100%@1344,0%@1344] EMC_FREQ 0% GR3D_FREQ 7% GR3D2_FREQ 7%@0 CV0@55.812C CPU@58.656C SOC2@56.906C SOC0@57.593C CV1@55.625C GPU@56.375C tj@59.031C SOC1@59.031C CV2@56C
08-21-2026 19:59:59 RAM 4304/15389MB (lfb 1153x4MB) SWAP 0/7694MB (cached 0MB) CPU [0%@1984,0%@1984,50%@1984,0%@1984,0%@1190,0%@1190,0%@1190,0%@1190] EMC_FREQ 0% GR3D_FREQ 15% GR3D2_FREQ 15%@0 CV0@55.593C CPU@58.718C SOC2@56.812C SOC0@57.718C CV1@55.625C GPU@56.312C tj@58.937C SOC1@58.937C CV2@55.906C
08-21-2026 19:59:59 RAM 4304/15389MB (lfb 1153x4MB) SWAP 0/7694MB (cached 0MB) CPU [0%@806,0%@806,0%@806,50%@806,33%@1420,0%@1420,100%@1420,0%@1420] EMC_FREQ 0% GR3D_FREQ 15% GR3D2_FREQ 15%@0 CV0@55.718C CPU@58.406C SOC2@56.687C SOC0@57.656C CV1@55.562C GPU@56.187C tj@59.312C SOC1@59.312C CV2@55.875C
08-21-2026 19:59:59 RAM 4304/15389MB (lfb 1153x4MB) SWAP 0/7694MB (cached 0MB) CPU [0%@1984,0%@1984,50%@1984,0%@1984,0%@1267,0%@1267,0%@1267,0%@1267] EMC_FREQ 0% GR3D_FREQ 22% GR3D2_FREQ 22%@0 CV0@55.656C CPU@58.468C SOC2@56.75C SOC0@57.718C CV1@55.562C GPU@56.25C tj@59.031C SOC1@59.031C CV2@55.75C
08-21-2026 19:59:59 RAM 4304/15389MB (lfb 1153x4MB) SWAP 0/7694MB (cached 0MB) CPU [50%@729,0%@729,0%@729,0%@729,0%@1420,0%@1420,0%@1420,50%@1420] EMC_FREQ 0% GR3D_FREQ 0% GR3D2_FREQ 0%@0 CV0@55.593C CPU@58.343C SOC2@56.781C SOC0@57.656C CV1@55.562C GPU@56.187C tj@59.093C SOC1@59.093C CV2@55.812C
08-21-2026 19:59:59 RAM 4304/15389MB (lfb 1153x4MB) SWAP 0/7694MB (cached 0MB) CPU [50%@883,0%@883,0%@883,0%@883,0%@1420,0%@1420,0%@1420,50%@1420] EMC_FREQ 0% GR3D_FREQ 23% GR3D2_FREQ 23%@0 CV0@55.687C CPU@58.531C SOC2@56.75C SOC0@57.562C CV1@55.531C GPU@56.468C tj@59.156C SOC1@59.156C CV2@55.968C
08-21-2026 19:59:59 RAM 4304/15389MB (lfb 1153x4MB) SWAP 0/7694MB (cached 0MB) CPU [0%@806,0%@806,66%@806,0%@806,0%@1344,0%@1344,0%@1344,100%@1344] EMC_FREQ 0% GR3D_FREQ 23% GR3D2_FREQ 23%@0 CV0@55.562C CPU@58.406C SOC2@56.781C SOC0@57.656C CV1@55.656C GPU@56.093C tj@59.031C SOC1@59.031C CV2@55.968C
08-21-2026 19:59:59 RAM 4305/15389MB (lfb 1153x4MB) SWAP 0/7694MB (cached 0MB) CPU [0%@1984,50%@1984,0%@1984,0%@1984,0%@1267,0%@1267,0%@1267,0%@1267] EMC_FREQ 0% GR3D_FREQ 20% GR3D2_FREQ 20%@0 CV0@55.625C CPU@58.406C SOC2@56.875C SOC0@57.718C CV1@55.656C GPU@56.156C tj@59.093C SOC1@59.093C CV2@55.875C
08-21-2026 19:59:59 RAM 4304/15389MB (lfb 1153x4MB) SWAP 0/7694MB (cached 0MB) CPU [0%@1984,0%@1984,50%@1984,0%@1984,0%@1267,0%@1267,0%@1267,66%@1267] EMC_FREQ 0% GR3D_FREQ 5% GR3D2_FREQ 5%@0 CV0@55.625C CPU@58.812C SOC2@56.75C SOC0@57.687C CV1@55.875C GPU@56.25C tj@59C SOC1@59C CV2@55.906C
08-21-2026 19:59:59 RAM 4304/15389MB (lfb 1153x4MB) SWAP 0/7694MB (cached 0MB) CPU [0%@1984,0%@1984,50%@1984,0%@1984,50%@1344,0%@1344,0%@1344,0%@1344] EMC_FREQ 0% GR3D_FREQ 19% GR3D2_FREQ 19%@0 CV0@55.656C CPU@58.75C SOC2@56.718C SOC0@57.593C CV1@55.656C GPU@56.156C tj@59C SOC1@59C CV2@55.937C
08-21-2026 19:59:59 RAM 4304/15389MB (lfb 1153x4MB) SWAP 0/7694MB (cached 0MB) CPU [50%@1984,0%@1984,0%@1984,0%@1984,0%@1344,0%@1344,50%@1344,0%@1344] EMC_FREQ 0% GR3D_FREQ 19% GR3D2_FREQ 19%@0 CV0@55.656C CPU@58.718C SOC2@56.906C SOC0@57.625C CV1@55.718C GPU@56.5C tj@59.031C SOC1@59.031C CV2@55.843C
08-21-2026 19:59:59 RAM 4304/15389MB (lfb 1153x4MB) SWAP 0/7694MB (cached 0MB) CPU [0%@960,0%@960,50%@960,0%@1984,50%@1497,0%@1497,50%@1497,0%@1497] EMC_FREQ 0% GR3D_FREQ 0% GR3D2_FREQ 0%@0 CV0@55.718C CPU@58.343C SOC2@56.812C SOC0@57.75C CV1@55.687C GPU@56.25C tj@59C SOC1@59C CV2@55.937C
08-21-2026 19:59:59 RAM 4304/15389MB (lfb 1153x4MB) SWAP 0/7694MB (cached 0MB) CPU [0%@1113,0%@1113,0%@1113,0%@1113,0%@1420,0%@1420,0%@1420,0%@1420] EMC_FREQ 0% GR3D_FREQ 23% GR3D2_FREQ 23%@0 CV0@55.625C CPU@58.5C SOC2@56.875C SOC0@57.75C CV1@55.656C GPU@56.406C tj@59.187C SOC1@59.187C CV2@55.812C
08-21-2026 19:59:59 RAM 4304/15389MB (lfb 1153x4MB) SWAP 0/7694MB (cached 0MB) CPU [0%@1984,0%@1984,50%@1984,0%@1984,100%@1420,0%@1420,0%@1420,0%@1420] EMC_FREQ 0% GR3D_FREQ 23% GR3D2_FREQ 23%@0 CV0@55.687C CPU@58.437C SOC2@56.718C SOC0@57.687C CV1@55.625C GPU@56.156C tj@59.125C SOC1@59.125C CV2@56C
08-21-2026 19:59:59 RAM 4304/15389MB (lfb 1153x4MB) SWAP 0/7694MB (cached 0MB) CPU [0%@729,0%@729,0%@729,50%@729,50%@1267,0%@1267,0%@1267,0%@1267] EMC_FREQ 0% GR3D_FREQ 23% GR3D2_FREQ 23%@0 CV0@55.687C CPU@58.375C SOC2@56.843C SOC0@57.687C CV1@55.656C GPU@56.375C tj@59.062C SOC1@59.062C CV2@56.031C
08-21-2026 19:59:59 RAM 4304/15389MB (lfb 1153x4MB) SWAP 0/7694MB (cached 0MB) CPU [0%@1984,0%@1984,0%@1984,0%@1984,50%@1344,0%@1344,0%@1344,0%@1344] EMC_FREQ 0% GR3D_FREQ 0% GR3D2_FREQ 0%@0 CV0@55.625C CPU@58.375C SOC2@56.843C SOC0@57.656C CV1@55.656C GPU@56.218C tj@59.031C SOC1@59.031C CV2@55.968C
08-21-2026 19:59:59 RAM 4304/15389MB (lfb 1153x4MB) SWAP 0/7694MB (cached 0MB) CPU [0%@883,0%@883,33%@883,0%@883,0%@1344,0%@1344,0%@1344,0%@1344] EMC_FREQ 0% GR3D_FREQ 22% GR3D2_FREQ 22%@0 CV0@55.531C CPU@58.343C SOC2@56.781C SOC0@57.656C CV1@55.562C GPU@56.5C tj@58.937C SOC1@58.937C CV2@56C
08-21-2026 20:00:00 RAM 4304/15389MB (lfb 1153x4MB) SWAP 0/7694MB (cached 0MB) CPU [0%@1113,0%@1113,0%@1113,100%@1113,0%@1267,0%@1267,0%@1267,0%@1267] EMC_FREQ 0% GR3D_FREQ 22% GR3D2_FREQ 22%@0 CV0@55.593C CPU@58.375C SOC2@56.843C SOC0@57.531C CV1@55.718C GPU@56.5C tj@59.062C SOC1@59.062C CV2@56.031C
08-21-2026 20:00:00 RAM 4304/15389MB (lfb 1153x4MB) SWAP 0/7694MB (cached 0MB) CPU [0%@1190,0%@1190,0%@1984,50%@1984,50%@1420,0%@1420,0%@1420,0%@1420] EMC_FREQ 0% GR3D_FREQ 0% GR3D2_FREQ 0%@0 CV0@55.718C CPU@58.312C SOC2@56.843C SOC0@57.5C CV1@55.687C GPU@56.156C tj@58.968C SOC1@58.968C CV2@55.937C
08-21-2026 20:00:00 RAM 4304/15389MB (lfb 1153x4MB) SWAP 0/7694MB (cached 0MB) CPU [66%@1984,0%@1984,0%@1984,0%@1984,0%@1267,0%@1267,0%@1267,0%@1267] EMC_FREQ 0% GR3D_FREQ 22% GR3D2_FREQ 22%@0 CV0@55.718C CPU@58.656C SOC2@56.937C SOC0@57.593C CV1@55.781C GPU@56.343C tj@58.937C SOC1@58.937C CV2@55.937C
08-21-2026 20:00:00 RAM 4304/15389MB (lfb 1153x4MB) SWAP 0/7694MB (cached 0MB) CPU [0%@1984,0%@1984,0%@1984,50%@1984,0%@1420,50%@1420,0%@1420,0%@1420] EMC_FREQ 0% GR3D_FREQ 22% GR3D2_FREQ 22%@0 CV0@55.812C CPU@58.406C SOC2@56.781C SOC0@57.468C CV1@55.625C GPU@56.25C tj@59.062C SOC1@59.062C CV2@55.906C
08-21-2026 20:00:00 RAM 4304/15389MB (lfb 1153x4MB) SWAP 0/7694MB (cached 0MB) CPU [0%@1984,0%@1984,0%@1984,50%@1984,0%@1113,0%@1113,0%@1113,0%@1113] EMC_FREQ 0% GR3D_FREQ 22% GR3D2_FREQ 22%@0 CV0@55.75C CPU@58.312C SOC2@56.75C SOC0@57.687C CV1@55.656C GPU@56.093C tj@59.187C SOC1@59.187C CV2@55.968C
08-21-2026 20:00:00 RAM 4304/15389MB (lfb 1153x4MB) SWAP 0/7694MB (cached 0MB) CPU [0%@960,0%@960,50%@960,0%@960,100%@1344,0%@1344,0%@1344,0%@1344] EMC_FREQ 0% GR3D_FREQ 0% GR3D2_FREQ 0%@0 CV0@55.75C CPU@58.312C SOC2@56.656C SOC0@57.718C CV1@55.718C GPU@56.218C tj@59.218C SOC1@59.218C CV2@55.812C
08-21-2026 20:00:00 RAM 4304/15389MB (lfb 1153x4MB) SWAP 0/7694MB (cached 0MB) CPU [0%@1984,50%@1984,0%@1984,0%@1984,0%@1267,0%@1267,0%@1267,0%@1267] EMC_FREQ 0% GR3D_FREQ 22% GR3D2_FREQ 22%@0 CV0@55.656C CPU@58.5C SOC2@56.843C SOC0@57.718C CV1@55.593C GPU@56.437C tj@59.187C SOC1@59.187C CV2@56C
08-21-2026 20:00:00 RAM 4304/15389MB (lfb 1153x4MB) SWAP 0/7694MB (cached 0MB) CPU [0%@883,50%@883,0%@883,0%@883,0%@1267,0%@1267,0%@1267,0%@1267] EMC_FREQ 0% GR3D_FREQ 0% GR3D2_FREQ 0%@0 CV0@55.656C CPU@58.343C SOC2@56.812C SOC0@57.656C CV1@55.718C GPU@56.375C tj@59.156C SOC1@59.156C CV2@56.031C
08-21-2026 20:00:00 RAM 4304/15389MB (lfb 1153x4MB) SWAP 0/7694MB (cached 0MB) CPU [0%@806,0%@806,0%@806,0%@806,50%@1267,0%@1267,0%@1267,0%@1267] EMC_FREQ 0% GR3D_FREQ 0% GR3D2_FREQ 0%@0 CV0@55.656C CPU@58.468C SOC2@56.875C SOC0@57.593C CV1@55.625C GPU@56.187C tj@59.031C SOC1@59.031C CV2@56C
08-21-2026 20:00:00 RAM 4304/15389MB (lfb 1153x4MB) SWAP 0/7694MB (cached 0MB) CPU [50%@1984,0%@1984,0%@1984,50%@1984,100%@1190,0%@1190,0%@1190,0%@1190] EMC_FREQ 0% GR3D_FREQ 22% GR3D2_FREQ 22%@0 CV0@55.562C CPU@58.343C SOC2@56.906C SOC0@57.625C CV1@55.937C GPU@56.25C tj@59.125C SOC1@59.125C CV2@55.968C
08-21-2026 20:00:00 RAM 4304/15389MB (lfb 1153x4MB) SWAP 0/7694MB (cached 0MB) CPU [50%@1036,50%@1036,0%@1036,50%@1036,0%@1420,0%@1420,0%@1420,0%@1420] EMC_FREQ 0% GR3D_FREQ 8% GR3D2_FREQ 8%@0 CV0@55.593C CPU@58.406C SOC2@56.781C SOC0@57.531C CV1@55.718C GPU@56.25C tj@59.031C SOC1@59.031C CV2@55.968C
08-21-2026 20:00:00 RAM 4304/15389MB (lfb 1153x4MB) SWAP 0/7694MB (cached 0MB) CPU [0%@1984,0%@1984,0%@1984,0%@1984,0%@1190,0%@1190,0%@1190,0%@1190] EMC_FREQ 0% GR3D_FREQ 14% GR3D2_FREQ 14%@0 CV0@55.781C CPU@58.5C SOC2@56.781C SOC0@57.562C CV1@55.687C GPU@56.406C tj@59.031C SOC1@59.031C CV2@56C
08-21-2026 20:00:00 RAM 4304/15389MB (lfb 1153x4MB) SWAP 0/7694MB (cached 0MB) CPU [0%@1036,0%@1036,50%@1036,0%@1036,100%@1344,0%@1344,0%@1344,0%@1344] EMC_FREQ 0% GR3D_FREQ 14% GR3D2_FREQ 14%@0 CV0@55.718C CPU@58.5C SOC2@56.781C SOC0@57.5C CV1@55.718C GPU@56.093C tj@58.937C SOC1@58.937C CV2@56C
08-21-2026 20:00:00 RAM 4304/15389MB (lfb 1153x4MB) SWAP 0/7694MB (cached 0MB) CPU [50%@1984,0%@1984,0%@1984,0%@1984,0%@1267,0%@1267,0%@1267,0%@1267] EMC_FREQ 0% GR3D_FREQ 22% GR3D2_FREQ 22%@0 CV0@55.687C CPU@58.468C SOC2@56.812C SOC0@57.656C CV1@55.656C GPU@56.312C tj@59.187C SOC1@59.187C CV2@56C
08-21-2026 20:00:00 RAM 4304/15389MB (lfb 1153x4MB) SWAP 0/7694MB (cached 0MB) CPU [0%@1113,0%@1984,0%@1984,0%@1984,100%@1267,0%@1267,0%@1267,0%@1267] EMC_FREQ 0% GR3D_FREQ 0% GR3D2_FREQ 0%@0 CV0@55.718C CPU@58.531C SOC2@56.781C SOC0@57.718C CV1@55.562C GPU@56.156C tj@59.156C SOC1@59.156C CV2@55.843C
08-21-2026 20:00:00 RAM 4304/15389MB (lfb 1153x4MB) SWAP 0/7694MB (cached 0MB) CPU [50%@960,0%@960,0%@960,0%@960,0%@1344,0%@1344,0%@1344,0%@1344] EMC_FREQ 0% GR3D_FREQ 0% GR3D2_FREQ 0%@0 CV0@55.656C CPU@58.343C SOC2@56.812C SOC0@57.687C CV1@55.656C GPU@56.093C tj@59.031C SOC1@59.031C CV2@55.937C
08-21-2026 20:00:00 RAM 4304/15389MB (lfb 1153x4MB) SWAP 0/7694MB (cached 0MB) CPU [0%@1984,0%@1984,0%@1984,0%@1984,50%@1344,0%@1344,0%@1344,0%@1344] EMC_FREQ 0% GR3D_FREQ 19% GR3D2_FREQ 19%@0 CV0@55.625C CPU@58.312C SOC2@56.906C SOC0@57.656C CV1@55.625C GPU@56.218C tj@59.125C SOC1@59.125C CV2@56.093C
08-21-2026 20:00:00 RAM 4304/15389MB (lfb 1153x4MB) SWAP 0/7694MB (cached 0MB) CPU [0%@1984,0%@1984,0%@1984,0%@1984,100%@1420,0%@1420,0%@1420,0%@1420] EMC_FREQ 0% GR3D_FREQ 15% GR3D2_FREQ 15%@0 CV0@55.625C CPU@58.593C SOC2@56.781C SOC0@57.625C CV1@55.781C GPU@56.437C tj@59.187C SOC1@59.187C CV2@55.968C
08-21-2026 20:00:00 RAM 4304/15389MB (lfb 1153x4MB) SWAP 0/7694MB (cached 0MB) CPU [0%@806,50%@806,0%@806,100%@806,0%@1267,0%@1267,0%@1267,0%@1267] EMC_FREQ 0% GR3D_FREQ 4% GR3D2_FREQ 4%@0 CV0@55.531C CPU@58.562C SOC2@56.812C SOC0@57.593C CV1@55.718C GPU@56.125C tj@59C SOC1@58.937C CV2@55.968C
08-21-2026 20:00:00 RAM 4304/15389MB (lfb 1153x4MB) SWAP 0/7694MB (cached 0MB) CPU [100%@960,0%@960,50%@960,50%@960,0%@1420,0%@1420,50%@1420,0%@1420] EMC_FREQ 0% GR3D_FREQ 4% GR3D2_FREQ 4%@0 CV0@55.75C CPU@58.5C SOC2@56.906C SOC0@57.625C CV1@55.812C GPU@56.156C tj@59.031C SOC1@59.031C CV2@56C
08-21-2026 20:00:00 RAM 4304/15389MB (lfb 1153x4MB) SWAP 0/7694MB (cached 0MB) CPU [0%@729,0%@729,0%@729,0%@729,0%@1267,50%@1267,0%@1267,0%@1267] EMC_FREQ 0% GR3D_FREQ 22% GR3D2_FREQ 22%@0 CV0@55.718C CPU@58.468C SOC2@56.937C SOC0@57.531C CV1@55.75C GPU@56.281C tj@59.093C SOC1@59.093C CV2@55.875C
08-21-2026 20:00:00 RAM 4304/15389MB (lfb 1153x4MB) SWAP 0/7694MB (cached 0MB) CPU [0%@806,50%@806,0%@806,50%@806,50%@1267,0%@1267,0%@1267,0%@1267] EMC_FREQ 0% GR3D_FREQ 0% GR3D2_FREQ 0%@0 CV0@55.781C CPU@58.5C SOC2@56.75C SOC0@57.625C CV1@55.687C GPU@56.093C tj@59.093C SOC1@59.093C CV2@56C
08-21-2026 20:00:00 RAM 4304/15389MB (lfb 1153x4MB) SWAP 0/7694MB (cached 0MB) CPU [0%@1190,0%@1984,50%@1984,0%@1984,0%@1344,50%@1344,0%@1344,0%@1344] EMC_FREQ 0% GR3D_FREQ 22% GR3D2_FREQ 22%@0 CV0@55.625C CPU@58.468C SOC2@56.781C SOC0@57.75C CV1@55.593C GPU@56.093C tj@59.062C SOC1@59.062C CV2@55.875C
08-21-2026 20:00:00 RAM 4304/15389MB (lfb 1153x4MB) SWAP 0/7694MB (cached 0MB) CPU [0%@960,0%@960,0%@960,0%@960,0%@1267,50%@1267,0%@1267,0%@1267] EMC_FREQ 0% GR3D_FREQ 22% GR3D2_FREQ 22%@0 CV0@55.687C CPU@58.5C SOC2@56.781C SOC0@57.656C CV1@55.593C GPU@56.218C tj@59.093C SOC1@59.093C CV2@56C
08-21-2026 20:00:00 RAM 4305/15389MB (lfb 1153x4MB) SWAP 0/7694MB (cached 0MB) CPU [50%@1036,0%@1036,0%@1036,0%@1036,0%@1420,0%@1420,0%@1420,0%@1420] EMC_FREQ 0% GR3D_FREQ 2% GR3D2_FREQ 2%@0 CV0@55.781C CPU@58.437C SOC2@56.75C SOC0@57.656C CV1@55.625C GPU@56.406C tj@59.093C SOC1@59.093C CV2@56.093C
08-21-2026 20:00:00 RAM 4305/15389MB (lfb 1153x4MB) SWAP 0/7694MB (cached 0MB) CPU [0%@960,0%@960,0%@960,0%@883,0%@1267,100%@1267,0%@1267,0%@1267] EMC_FREQ 0% GR3D_FREQ 20% GR3D2_FREQ 20%@0 CV0@55.687C CPU@58.406C SOC2@57C SOC0@57.593C CV1@55.656C GPU@56.187C tj@59C SOC1@59C CV2@56C
08-21-2026 20:00:00 RAM 4305/15389MB (lfb 1153x4MB) SWAP 0/7694MB (cached 0MB) CPU [50%@1984,0%@1984,0%@1984,0%@1984,0%@1344,0%@1344,50%@1344,100%@1344] EMC_FREQ 0% GR3D_FREQ 22% GR3D2_FREQ 22%@0 CV0@55.625C CPU@58.656C SOC2@56.906C SOC0@57.687C CV1@55.656C GPU@56.218C tj@59.093C SOC1@59.062C CV2@56C
08-21-2026 20:00:00 RAM 4305/15389MB (lfb 1153x4MB) SWAP 0/7694MB (cached 0MB) CPU [0%@806,0%@806,0%@806,50%@806,0%@1420,0%@1420,0%@1420,0%@1420] EMC_FREQ 0% GR3D_FREQ 22% GR3D2_FREQ 22%@0 CV0@55.593C CPU@58.5C SOC2@56.781C SOC0@57.593C CV1@55.906C GPU@56.218C tj@58.968C SOC1@58.968C CV2@55.937C
08-21-2026 20:00:00 RAM 4304/15389MB (lfb 1153x4MB) SWAP 0/7694MB (cached 0MB) CPU [0%@883,0%@883,0%@883,50%@883,0%@1344,0%@1344,0%@1344,50%@1344] EMC_FREQ 0% GR3D_FREQ 0% GR3D2_FREQ 0%@0 CV0@55.687C CPU@58.593C SOC2@56.843C SOC0@57.531C CV1@55.687C GPU@56.125C tj@58.968C SOC1@58.968C CV2@55.968C
08-21-2026 20:00:00 RAM 4304/15389MB (lfb 1153x4MB) SWAP 0/7694MB (cached 0MB) CPU [0%@729,0%@729,0%@729,0%@729,0%@1420,0%@1420,0%@1420,0%@1420] EMC_FREQ 0% GR3D_FREQ 22% GR3D2_FREQ 22%@0 CV0@55.843C CPU@58.656C SOC2@56.843C SOC0@57.562C CV1@55.781C GPU@56.5C tj@58.968C SOC1@58.968C CV2@56C
08-21-2026 20:00:00 RAM 4304/15389MB (lfb 1153x4MB) SWAP 0/7694MB (cached 0MB) CPU [50%@883,0%@883,50%@883,0%@883,0%@1267,0%@1267,0%@1267,0%@1267] EMC_FREQ 0% GR3D_FREQ 0% GR3D2_FREQ 0%@0 CV0@55.812C CPU@58.437C SOC2@56.812C SOC0@57.531C CV1@55.718C GPU@56.187C tj@58.937C SOC1@59.031C CV2@55.968C
08-21-2026 20:00:00 RAM 4304/15389MB (lfb 1153x4MB) SWAP 0/7694MB (cached 0MB) CPU [0%@1984,0%@1984,50%@1984,100%@1984,0%@1420,0%@1420,0%@1420,50%@1420] EMC_FREQ 0% GR3D_FREQ 0% GR3D2_FREQ 0%@0 CV0@55.656C CPU@58.562C SOC2@56.812C SOC0@57.562C CV1@55.656C GPU@56.406C tj@59.281C SOC1@59.281C CV2@55.843C
08-21-2026 20:00:00 RAM 4304/15389MB (lfb 1153x4MB) SWAP 0/7694MB (cached 0MB) CPU [0%@1984,0%@1984,0%@1984,50%@1984,0%@1344,0%@1344,0%@1344,50%@1344] EMC_FREQ 0% GR3D_FREQ 22% GR3D2_FREQ 22%@0 CV0@55.718C CPU@58.562C SOC2@56.687C SOC0@57.75C CV1@55.718C GPU@56.406C tj@59.187C SOC1@59.187C CV2@55.968C
08-21-2026 20:00:00 RAM 4305/15389MB (lfb 1153x4MB) SWAP 0/7694MB (cached 0MB) CPU [0%@883,0%@883,0%@883,0%@883,0%@1420,0%@1420,0%@1420,100%@1420] EMC_FREQ 0% GR3D_FREQ 14% GR3D2_FREQ 14%@0 CV0@55.687C CPU@58.625C SOC2@56.718C SOC0@57.625C CV1@55.656C GPU@56.156C tj@59.156C SOC1@59.156C CV2@55.906C
08-21-2026 20:00:00 RAM 4305/15389MB (lfb 1153x4MB) SWAP 0/7694MB (cached 0MB) CPU [0%@1984,0%@1984,0%@1984,50%@1984,0%@1190,0%@1190,0%@1190,50%@1190] EMC_FREQ 0% GR3D_FREQ 14% GR3D2_FREQ 8%@0 CV0@55.593C CPU@58.562C SOC2@56.75C SOC0@57.593C CV1@55.562C GPU@56.25C tj@59.093C SOC1@59.093C CV2@56C
08-21-2026 20:00:00 RAM 4305/15389MB (lfb 1153x4MB) SWAP 0/7694MB (cached 0MB) CPU [0%@1984,0%@1984,0%@1984,0%@1984,0%@1344,0%@1344,0%@1344,100%@1344] EMC_FREQ 0% GR3D_FREQ 8% GR3D2_FREQ 8%@0 CV0@55.531C CPU@58.437C SOC2@56.781C SOC0@57.656C CV1@55.531C GPU@56.218C tj@59.062C SOC1@59.062C CV2@56C
08-21-2026 20:00:00 RAM 4305/15389MB (lfb 1153x4MB) SWAP 0/7694MB (cached 0MB) CPU [0%@1984,0%@1984,0%@1984,0%@1984,0%@1190,0%@1190,0%@1190,0%@1190] EMC_FREQ 0% GR3D_FREQ 22% GR3D2_FREQ 22%@0 CV0@55.593C CPU@58.75C SOC2@56.875C SOC0@57.593C CV1@55.593C GPU@56.406C tj@59.062C SOC1@59.125C CV2@56C
08-21-2026 20:00:00 RAM 4305/15389MB (lfb 1153x4MB) SWAP 0/7694MB (cached 0MB) CPU [0%@729,0%@729,0%@729,0%@729,0%@1420,0%@1420,0%@1420,100%@1420] EMC_FREQ 0% GR3D_FREQ 0% GR3D2_FREQ 0%@0 CV0@55.656C CPU@58.718C SOC2@56.875C SOC0@57.562C CV1@55.75C GPU@56.062C tj@58.937C SOC1@58.937C CV2@55.968C
08-21-2026 20:00:00 RAM 4305/15389MB (lfb 1153x4MB) SWAP 0/7694MB (cached 0MB) CPU [0%@1984,33%@1984,0%@1984,100%@1984,0%@1267,0%@1267,0%@1267,0%@1267] EMC_FREQ 0% GR3D_FREQ 0% GR3D2_FREQ 0%@0 CV0@55.718C CPU@58.625C SOC2@56.75C SOC0@57.531C CV1@55.718C GPU@56.343C tj@59.062C SOC1@59.062C CV2@55.968C
08-21-2026 20:00:00 RAM 4305/15389MB (lfb 1153x4MB) SWAP 0/7694MB (cached 0MB) CPU [0%@883,0%@883,0%@883,50%@883,50%@1344,0%@1344,0%@1344,0%@1344] EMC_FREQ 0% GR3D_FREQ 23% GR3D2_FREQ 23%@0 CV0@55.843C CPU@58.562C SOC2@56.718C SOC0@57.5C CV1@55.656C GPU@56.187C tj@58.968C SOC1@58.968C CV2@55.875C
08-21-2026 20:00:00 RAM 4305/15389MB (lfb 1153x4MB) SWAP 0/7694MB (cached 0MB) CPU [50%@1984,0%@1984,0%@1984,100%@1984,0%@1267,0%@1267,0%@1267,50%@1267] EMC_FREQ 0% GR3D_FREQ 22% GR3D2_FREQ 22%@0 CV0@55.656C CPU@58.625C SOC2@56.718C SOC0@57.5C CV1@55.593C GPU@56.062C tj@58.937C SOC1@58.937C CV2@55.906C
08-21-2026 20:00:00 RAM 4305/15389MB (lfb 1153x4MB) SWAP 0/7694MB (cached 0MB) CPU [0%@806,0%@806,0%@806,0%@806,0%@1267,0%@1267,0%@1267,0%@1267] EMC_FREQ 0% GR3D_FREQ 0% GR3D2_FREQ 0%@0 CV0@55.656C CPU@58.593C SOC2@56.75C SOC0@57.656C CV1@55.593C GPU@56.281C tj@59.187C SOC1@59.187C CV2@56C
08-21-2026 20:00:00 RAM 4305/15389MB (lfb 1153x4MB) SWAP 0/7694MB (cached 0MB) CPU [0%@1984,0%@1984,0%@1984,0%@1984,0%@1420,0%@1420,0%@1420,100%@1420] EMC_FREQ 0% GR3D_FREQ 0% GR3D2_FREQ 0%@0 CV0@55.75C CPU@58.562C SOC2@56.718C SOC0@57.625C CV1@55.562C GPU@56.187C tj@59.125C SOC1@59.125C CV2@56C
08-21-2026 20:00:00 RAM 4305/15389MB (lfb 1153x4MB) SWAP 0/7694MB (cached 0MB) CPU [0%@806,0%@806,0%@806,50%@806,0%@1344,0%@1344,0%@1344,0%@1344] EMC_FREQ 0% GR3D_FREQ 22% GR3D2_FREQ 22%@0 CV0@55.687C CPU@58.312C SOC2@56.718C SOC0@57.625C CV1@55.593C GPU@56.375C tj@59.125C SOC1@59.125C CV2@55.906C
08-21-2026 20:00:00 RAM 4305/15389MB (lfb 1153x4MB) SWAP 0/7694MB (cached 0MB) CPU [50%@806,50%@806,0%@806,0%@806,0%@1497,0%@1497,0%@1497,50%@1497] EMC_FREQ 0% GR3D_FREQ 12% GR3D2_FREQ 12%@0 CV0@55.562C CPU@58.75C SOC2@56.75C SOC0@57.718C CV1@55.531C GPU@56.156C tj@59.031C SOC1@59.031C CV2@55.968C
08-21-2026 20:00:00 RAM 4305/15389MB (lfb 1153x4MB) SWAP 0/7694MB (cached 0MB) CPU [0%@1984,50%@1984,0%@1984,100%@1984,0%@1267,0%@1267,0%@1267,50%@1267] EMC_FREQ 0% GR3D_FREQ 10% GR3D2_FREQ 10%@0 CV0@55.625C CPU@58.812C SOC2@56.812C SOC0@57.656C CV1@55.687C GPU@56.093C tj@59.062C SOC1@59.062C CV2@55.937C
08-21-2026 20:00:00 RAM 4304/15389MB (lfb 1153x4MB) SWAP 0/7694MB (cached 0MB) CPU [0%@960,0%@960,50%@960,0%@960,0%@1420,0%@1420,0%@1420,100%@1420] EMC_FREQ 0% GR3D_FREQ 10% GR3D2_FREQ 10%@0 CV0@55.656C CPU@58.687C SOC2@56.812C SOC0@57.562C CV1@55.718C GPU@56.218C tj@59C SOC1@59C CV2@56.031C
08-21-2026 20:00:00 RAM 4304/15389MB (lfb 1153x4MB) SWAP 0/7694MB (cached 0MB) CPU [0%@960,0%@960,0%@960,0%@960,50%@1190,0%@1190,0%@1190,0%@1190] EMC_FREQ 0% GR3D_FREQ 22% GR3D2_FREQ 22%@0 CV0@55.531C CPU@58.687C SOC2@56.781C SOC0@57.593C CV1@55.718C GPU@56.468C tj@59.156C SOC1@59.156C CV2@55.937C
08-21-2026 20:00:00 RAM 4304/15389MB (lfb 1153x4MB) SWAP 0/7694MB (cached 0MB) CPU [0%@883,0%@883,0%@883,50%@883,0%@1420,0%@1420,0%@1420,100%@1420] EMC_FREQ 0% GR3D_FREQ 0% GR3D2_FREQ 0%@0 CV0@55.593C CPU@58.562C SOC2@56.75C SOC0@57.593C CV1@55.718C GPU@56.437C tj@58.937C SOC1@58.937C CV2@55.968C
08-21-2026 20:00:00 RAM 4305/15389MB (lfb 1153x4MB) SWAP 0/7694MB (cached 0MB) CPU [50%@806,0%@806,0%@806,0%@806,0%@1420,0%@1420,0%@1420,0%@1420] EMC_FREQ 0% GR3D_FREQ 22% GR3D2_FREQ 22%@0 CV0@55.718C CPU@58.718C SOC2@56.875C SOC0@57.656C CV1@55.718C GPU@56.125C tj@58.968C SOC1@58.968C CV2@55.937C
08-21-2026 20:00:00 RAM 4305/15389MB (lfb 1153x4MB) SWAP 0/7694MB (cached 0MB) CPU [0%@883,0%@883,50%@883,50%@883,0%@1420,0%@1420,0%@1420,50%@1420] EMC_FREQ 0% GR3D_FREQ 22% GR3D2_FREQ 22%@0 CV0@55.625C CPU@58.437C SOC2@56.812C SOC0@57.718C CV1@55.656C GPU@56.312C tj@59.062C SOC1@59.062C CV2@56C
08-21-2026 20:00:00 RAM 4305/15389MB (lfb 1153x4MB) SWAP 0/7694MB (cached 0MB) CPU [0%@729,0%@729,0%@729,0%@729,0%@1420,0%@1420,0%@1420,0%@1420] EMC_FREQ 0% GR3D_FREQ 22% GR3D2_FREQ 22%@0 CV0@55.687C CPU@58.468C SOC2@56.75C SOC0@57.781C CV1@55.593C GPU@56.343C tj@58.937C SOC1@58.937C CV2@55.875C
08-21-2026 20:00:00 RAM 4305/15389MB (lfb 1153x4MB) SWAP 0/7694MB (cached 0MB) CPU [0%@1984,0%@1984,50%@1984,0%@1984,0%@1344,0%@1344,0%@1344,100%@1344] EMC_FREQ 0% GR3D_FREQ 0% GR3D2_FREQ 0%@0 CV0@55.562C CPU@58.625C SOC2@56.718C SOC0@57.656C CV1@55.562C GPU@56.031C tj@59.125C SOC1@59.125C CV2@55.843C
08-21-2026 20:00:00 RAM 4305/15389MB (lfb 1153x4MB) SWAP 0/7694MB (cached 0MB) CPU [0%@1984,0%@1984,0%@1984,0%@1984,0%@1344,0%@1344,0%@1344,0%@1344] EMC_FREQ 0% GR3D_FREQ 23% GR3D2_FREQ 23%@0 CV0@55.656C CPU@58.531C SOC2@56.812C SOC0@57.562C CV1@55.562C GPU@56.156C tj@59.218C SOC1@59.218C CV2@56C
08-21-2026 20:00:00 RAM 4305/15389MB (lfb 1153x4MB) SWAP 0/7694MB (cached 0MB) CPU [0%@1984,0%@1984,0%@1984,0%@1984,0%@1344,0%@1344,0%@1344,0%@1344] EMC_FREQ 0% GR3D_FREQ 23% GR3D2_FREQ 23%@0 CV0@55.531C CPU@58.781C SOC2@56.875C SOC0@57.656C CV1@55.656C GPU@56.437C tj@59.156C SOC1@59.156C CV2@56C
08-21-2026 20:00:00 RAM 4305/15389MB (lfb 1153x4MB) SWAP 0/7694MB (cached 0MB) CPU [0%@1984,0%@1984,0%@1984,100%@1984,50%@1420,0%@1420,0%@1420,0%@1420] EMC_FREQ 0% GR3D_FREQ 12% GR3D2_FREQ 12%@0 CV0@55.562C CPU@58.625C SOC2@56.718C SOC0@57.5C CV1@55.718C GPU@56.031C tj@59C SOC1@59C CV2@55.968C
08-21-2026 20:00:00 RAM 4305/15389MB (lfb 1153x4MB) SWAP 0/7694MB (cached 0MB) CPU [50%@960,0%@1984,0%@1984,50%@1984,0%@1344,0%@1344,0%@1344,50%@1344] EMC_FREQ 0% GR3D_FREQ 7% GR3D2_FREQ 7%@0 CV0@55.531C CPU@58.75C SOC2@56.812C SOC0@57.625C CV1@55.75C GPU@56.187C tj@58.937C SOC1@59C CV2@55.968C
08-21-2026 20:00:00 RAM 4305/15389MB (lfb 1153x4MB) SWAP 0/7694MB (cached 0MB) CPU [50%@883,0%@883,0%@883,0%@883,0%@1420,0%@1420,0%@1420,100%@1420] EMC_FREQ 0% GR3D_FREQ 7% GR3D2_FREQ 7%@0 CV0@55.687C CPU@58.687C SOC2@56.781C SOC0@57.625C CV1@55.812C GPU@56.312C tj@59.156C SOC1@59.156C CV2@56C
08-21-2026 20:00:00 RAM 4305/15389MB (lfb 1153x4MB) SWAP 0/7694MB (cached 0MB) CPU [100%@960,0%@960,0%@960,0%@960,0%@1420,0%@1420,0%@1420,50%@1420] EMC_FREQ 0% GR3D_FREQ 19% GR3D2_FREQ 19%@0 CV0@55.75C CPU@58.656C SOC2@56.812C SOC0@57.656C CV1@55.718C GPU@56.156C tj@58.968C SOC1@58.968C CV2@55.906C
08-21-2026 20:00:00 RAM 4305/15389MB (lfb 1153x4MB) SWAP 0/7694MB (cached 0MB) CPU [0%@1984,0%@1984,0%@1984,0%@1984,0%@1497,0%@1497,0%@1497,50%@1497] EMC_FREQ 0% GR3D_FREQ 4% GR3D2_FREQ 4%@0 CV0@55.781C CPU@58.687C SOC2@56.812C SOC0@57.531C CV1@55.656C GPU@56.5C tj@59.218C SOC1@58.937C CV2@55.937C
08-21-2026 20:00:00 RAM 4305/15389MB (lfb 1153x4MB) SWAP 0/7694MB (cached 0MB) CPU [50%@1984,0%@1984,0%@1984,0%@1984,0%@1420,0%@1420,0%@1420,50%@1420] EMC_FREQ 0% GR3D_FREQ 18% GR3D2_FREQ 18%@0 CV0@55.687C CPU@58.593C SOC2@56.906C SOC0@57.781C CV1@55.687C GPU@56.25C tj@59.156C SOC1@59.156C CV2@55.875C
08-21-2026 20:00:00 RAM 4305/15389MB (lfb 1153x4MB) SWAP 0/7694MB (cached 0MB) CPU [0%@883,0%@883,0%@883,0%@883,0%@1420,0%@1420,0%@1420,100%@1420] EMC_FREQ 0% GR3D_FREQ 18% GR3D2_FREQ 18%@0 CV0@55.687C CPU@58.437C SOC2@56.875C SOC0@57.718C CV1@55.656C GPU@56.343C tj@59.218C SOC1@59.218C CV2@55.937C
08-21-2026 20:00:00 RAM 4305/15389MB (lfb 1153x4MB) SWAP 0/7694MB (cached 0MB) CPU [0%@883,50%@883,50%@883,0%@883,0%@1267,0%@1267,0%@1267,0%@1267] EMC_FREQ 0% GR3D_FREQ 22% GR3D2_FREQ 22%@0 CV0@55.718C CPU@58.468C SOC2@56.75C SOC0@57.687C CV1@55.531C GPU@56.281C tj@59.093C SOC1@59.093C CV2@56.125C
08-21-2026 20:00:00 RAM 4305/15389MB (lfb 1153x4MB) SWAP 0/7694MB (cached 0MB) CPU [0%@1984,0%@1984,0%@1984,0%@1984,0%@1420,0%@1420,0%@1420,100%@1420] EMC_FREQ 0% GR3D_FREQ 0% GR3D2_FREQ 0%@0 CV0@55.593C CPU@58.468C SOC2@56.812C SOC0@57.656C CV1@55.625C GPU@56.156C tj@59C SOC1@59C CV2@56.062C
08-21-2026 20:00:00 RAM 4305/15389MB (lfb 1153x4MB) SWAP 0/7694MB (cached 0MB) CPU [0%@1984,0%@1984,100%@1984,0%@1984,0%@1267,0%@1267,0%@1267,0%@1267] EMC_FREQ 0% GR3D_FREQ 22% GR3D2_FREQ 22%@0 CV0@55.593C CPU@58.375C SOC2@56.937C SOC0@57.656C CV1@55.687C GPU@56.218C tj@59C SOC1@59C CV2@55.968C
08-21-2026 20:00:00 RAM 4305/15389MB (lfb 1153x4MB) SWAP 0/7694MB (cached 0MB) CPU [0%@1984,0%@1984,0%@1984,0%@883,0%@1420,0%@1420,0%@1420,50%@1420] EMC_FREQ 0% GR3D_FREQ 22% GR3D2_FREQ 22%@0 CV0@55.656C CPU@58.656C SOC2@56.937C SOC0@57.593C CV1@55.687C GPU@56.468C tj@59.031C SOC1@59.031C CV2@56C
08-21-2026 20:00:00 RAM 4305/15389MB (lfb 1153x4MB) SWAP 0/7694MB (cached 0MB) CPU [0%@729,0%@1984,0%@1984,50%@1984,0%@1344,0%@1344,0%@1344,50%@1344] EMC_FREQ 0% GR3D_FREQ 22% GR3D2_FREQ 22%@0 CV0@55.718C CPU@58.718C SOC2@56.781C SOC0@57.625C CV1@55.656C GPU@56.437C tj@59C SOC1@59C CV2@56C
08-21-2026 20:00:00 RAM 4305/15389MB (lfb 1153x4MB) SWAP 0/7694MB (cached 0MB) CPU [0%@1984,0%@1984,0%@1984,0%@1984,0%@1420,0%@1420,0%@1420,0%@1420] EMC_FREQ 0% GR3D_FREQ 0% GR3D2_FREQ 0%@0 CV0@55.656C CPU@58.718C SOC2@56.781C SOC0@57.531C CV1@55.593C GPU@56.187C tj@58.968C SOC1@58.968C CV2@55.906C
08-21-2026 20:00:00 RAM 4305/15389MB (lfb 1153x4MB) SWAP 0/7694MB (cached 0MB) CPU [0%@883,0%@883,0%@883,0%@883,0%@1344,0%@1344,0%@1344,50%@1344] EMC_FREQ 0% GR3D_FREQ 23% GR3D2_FREQ 23%@0 CV0@55.656C CPU@58.718C SOC2@56.75C SOC0@57.75C CV1@55.625C GPU@56.25C tj@59C SOC1@59C CV2@56C
08-21-2026 20:00:00 RAM 4305/15389MB (lfb 1153x4MB) SWAP 0/7694MB (cached 0MB) CPU [0%@1984,0%@1984,50%@1984,50%@1984,0%@1267,0%@1267,0%@1267,0%@1267] EMC_FREQ 0% GR3D_FREQ 23% GR3D2_FREQ 23%@0 CV0@55.625C CPU@58.468C SOC2@56.75C SOC0@57.718C CV1@55.531C GPU@56.093C tj@59.25C SOC1@59.25C CV2@55.812C
08-21-2026 20:00:00 RAM 4305/15389MB (lfb 1153x4MB) SWAP 0/7694MB (cached 0MB) CPU [0%@960,0%@960,100%@960,0%@960,0%@1420,0%@1420,0%@1420,100%@1420] EMC_FREQ 0% GR3D_FREQ 4% GR3D2_FREQ 4%@0 CV0@55.562C CPU@58.375C SOC2@56.718C SOC0@57.718C CV1@55.625C GPU@56.031C tj@59.125C SOC1@59.125C CV2@55.781C
08-21-2026 20:00:00 RAM 4305/15389MB (lfb 1153x4MB) SWAP 0/7694MB (cached 0MB) CPU [50%@960,50%@960,0%@960,0%@960,0%@1344,0%@1344,0%@1344,0%@1344] EMC_FREQ 0% GR3D_FREQ 15% GR3D2_FREQ 15%@0 CV0@55.593C CPU@58.593C SOC2@56.781C SOC0@57.625C CV1@55.625C GPU@56.156C tj@59.031C SOC1@59.031C CV2@55.937C
08-21-2026 20:00:00 RAM 4305/15389MB (lfb 1153x4MB) SWAP 0/7694MB (cached 0MB) CPU [0%@1984,0%@1984,0%@1984,0%@1984,0%@1497,0%@1497,0%@1497,50%@1497] EMC_FREQ 0% GR3D_FREQ 22% GR3D2_FREQ 22%@0 CV0@55.656C CPU@58.406C SOC2@56.875C SOC0@57.531C CV1@55.656C GPU@56.406C tj@59.093C SOC1@59.093C CV2@56.093C
08-21-2026 20:00:00 RAM 4305/15389MB (lfb 1153x4MB) SWAP 0/7694MB (cached 0MB) CPU [0%@1984,0%@1984,0%@1984,0%@1984,0%@1190,0%@1190,0%@1190,50%@1190] EMC_FREQ 0% GR3D_FREQ 22% GR3D2_FREQ 22%@0 CV0@55.625C CPU@58.531C SOC2@56.937C SOC0@57.625C CV1@55.625C GPU@56.406C tj@59.031C SOC1@59.031C CV2@55.906C
08-21-2026 20:00:00 RAM 4305/15389MB (lfb 1153x4MB) SWAP 0/7694MB (cached 0MB) CPU [66%@960,0%@960,0%@960,50%@960,0%@1420,0%@1420,0%@1420,0%@1420] EMC_FREQ 0% GR3D_FREQ 0% GR3D2_FREQ 0%@0 CV0@55.656C CPU@58.562C SOC2@56.781C SOC0@57.5C CV1@55.75C GPU@56.218C tj@59C SOC1@59C CV2@56C
08-21-2026 20:00:00 RAM 4305/15389MB (lfb 1153x4MB) SWAP 0/7694MB (cached 0MB) CPU [0%@729,0%@729,0%@729,0%@729,0%@1420,0%@1420,0%@1420,50%@1420] EMC_FREQ 0% GR3D_FREQ 23% GR3D2_FREQ 23%@0 CV0@55.781C CPU@58.781C SOC2@56.781C SOC0@57.562C CV1@55.656C GPU@56.312C tj@59.031C SOC1@59.031C CV2@55.968C
08-21-2026 20:00:00 RAM 4305/15389MB (lfb 1153x4MB) SWAP 0/7694MB (cached 0MB) CPU [0%@960,0%@960,0%@960,0%@960,0%@1420,0%@1420,0%@1420,100%@1420] EMC_FREQ 0% GR3D_FREQ 23% GR3D2_FREQ 23%@0 CV0@55.718C CPU@58.718C SOC2@56.875C SOC0@57.625C CV1@55.75C GPU@56.062C tj@59.093C SOC1@59.093C CV2@55.843C
08-21-2026 20:00:00 RAM 4305/15389MB (lfb 1153x4MB) SWAP 0/7694MB (cached 0MB) CPU [0%@806,0%@806,0%@806,0%@806,0%@1420,0%@1420,0%@1420,0%@1420] EMC_FREQ 0% GR3D_FREQ 22% GR3D2_FREQ 22%@0 CV0@55.781C CPU@58.5C SOC2@56.843C SOC0@57.781C CV1@55.656C GPU@56.5C tj@59.281C SOC1@59C CV2@55.906C
08-21-2026 20:00:01 RAM 4305/15389MB (lfb 1153x4MB) SWAP 0/7694MB (cached 0MB) CPU [0%@1984,0%@1984,0%@1984,100%@1984,0%@1344,0%@1344,0%@1344,50%@1344] EMC_FREQ 0% GR3D_FREQ 0% GR3D2_FREQ 0%@0 CV0@55.718C CPU@58.437C SOC2@56.875C SOC0@57.75C CV1@55.75C GPU@56.187C tj@59.281C SOC1@59.281C CV2@55.968C
08-21-2026 20:00:01 RAM 4305/15389MB (lfb 1153x4MB) SWAP 0/7694MB (cached 0MB) CPU [0%@806,0%@806,0%@806,50%@806,0%@1344,0%@1344,0%@1344,50%@1344] EMC_FREQ 0% GR3D_FREQ 23% GR3D2_FREQ 23%@0 CV0@55.562C CPU@58.562C SOC2@56.781C SOC0@57.75C CV1@55.625C GPU@56.125C tj@59.093C SOC1@59.093C CV2@55.812C
08-21-2026 20:00:01 RAM 4305/15389MB (lfb 1153x4MB) SWAP 0/7694MB (cached 0MB) CPU [0%@1984,50%@1984,0%@1984,0%@1984,50%@1420,0%@1420,0%@1420,100%@1420] EMC_FREQ 0% GR3D_FREQ 23% GR3D2_FREQ 23%@0 CV0@55.625C CPU@58.468C SOC2@56.812C SOC0@57.687C CV1@55.687C GPU@56.312C tj@59.156C SOC1@59.156C CV2@55.937C
08-21-2026 20:00:01 RAM 4305/15389MB (lfb 1153x4MB) SWAP 0/7694MB (cached 0MB) CPU [0%@1984,0%@1984,0%@1984,0%@1984,0%@1344,0%@1344,0%@1344,0%@1344] EMC_FREQ 0% GR3D_FREQ 3% GR3D2_FREQ 3%@0 CV0@55.718C CPU@58.437C SOC2@56.687C SOC0@57.718C CV1@55.625C GPU@56.218C tj@59.093C SOC1@59.093C CV2@55.968C
08-21-2026 20:00:01 RAM 4305/15389MB (lfb 1153x4MB) SWAP 0/7694MB (cached 0MB) CPU [0%@1984,50%@1984,0%@1984,100%@1984,0%@1420,0%@1420,50%@1420,0%@1420] EMC_FREQ 0% GR3D_FREQ 16% GR3D2_FREQ 16%@0 CV0@55.656C CPU@58.375C SOC2@56.875C SOC0@57.687C CV1@55.625C GPU@56.281C tj@59C SOC1@59C CV2@56.062C
08-21-2026 20:00:01 RAM 4305/15389MB (lfb 1153x4MB) SWAP 0/7694MB (cached 0MB) CPU [0%@1984,0%@1984,0%@1984,0%@1984,0%@1497,100%@1497,0%@1497,0%@1497] EMC_FREQ 0% GR3D_FREQ 22% GR3D2_FREQ 22%@0 CV0@55.656C CPU@58.406C SOC2@56.937C SOC0@57.562C CV1@55.781C GPU@56.25C tj@59.093C SOC1@59.093C CV2@55.968C
08-21-2026 20:00:01 RAM 4305/15389MB (lfb 1153x4MB) SWAP 0/7694MB (cached 0MB) CPU [50%@1984,0%@1984,0%@1984,0%@1984,0%@1420,0%@1420,0%@1420,0%@1420] EMC_FREQ 0% GR3D_FREQ 22% GR3D2_FREQ 22%@0 CV0@55.593C CPU@58.437C SOC2@56.812C SOC0@57.562C CV1@55.656C GPU@56.343C tj@59.093C SOC1@59.093C CV2@56C
08-21-2026 20:00:01 RAM 4305/15389MB (lfb 1153x4MB) SWAP 0/7694MB (cached 0MB) CPU [0%@729,0%@729,0%@729,0%@729,0%@1497,50%@1497,0%@1497,0%@1497] EMC_FREQ 0% GR3D_FREQ 0% GR3D2_FREQ 0%@0 CV0@55.656C CPU@58.812C SOC2@56.875C SOC0@57.656C CV1@55.718C GPU@56.156C tj@58.968C SOC1@58.968C CV2@55.968C
08-21-2026 20:00:01 RAM 4305/15389MB (lfb 1153x4MB) SWAP 0/7694MB (cached 0MB) CPU [0%@1984,50%@1984,0%@1984,100%@1984,0%@1267,50%@1267,0%@1267,0%@1267] EMC_FREQ 0% GR3D_FREQ 19% GR3D2_FREQ 19%@0 CV0@55.75C CPU@58.468C SOC2@56.75C SOC0@57.5C CV1@55.687C GPU@56.437C tj@59C SOC1@59C CV2@55.875C
08-21-2026 20:00:01 RAM 4305/15389MB (lfb 1153x4MB) SWAP 0/7694MB (cached 0MB) CPU [0%@1113,0%@1113,0%@1113,0%@1113,0%@1344,100%@1344,0%@1344,0%@1344] EMC_FREQ 0% GR3D_FREQ 10% GR3D2_FREQ 10%@0 CV0@55.718C CPU@58.531C SOC2@56.906C SOC0@57.625C CV1@55.718C GPU@56.281C tj@59.218C SOC1@59.218C CV2@56C
08-21-2026 20:00:01 RAM 4305/15389MB (lfb 1153x4MB) SWAP 0/7694MB (cached 0MB) CPU [0%@1113,0%@1113,0%@1113,0%@1113,0%@1267,0%@1267,0%@1267,0%@1267] EMC_FREQ 0% GR3D_FREQ 10% GR3D2_FREQ 10%@0 CV0@55.781C CPU@58.375C SOC2@56.843C SOC0@57.718C CV1@55.75C GPU@56.125C tj@59.25C SOC1@59.25C CV2@55.875C
08-21-2026 20:00:01 RAM 4305/15389MB (lfb 1153x4MB) SWAP 0/7694MB (cached 0MB) CPU [50%@1984,0%@1984,0%@1984,0%@1984,0%@729,0%@729,0%@729,0%@729] EMC_FREQ 0% GR3D_FREQ 12% GR3D2_FREQ 12%@0 CV0@55.625C CPU@58.375C SOC2@56.843C SOC0@57.656C CV1@55.656C GPU@56.156C tj@59.125C SOC1@59.125C CV2@55.906C
08-21-2026 20:00:01 RAM 4305/15389MB (lfb 1153x4MB) SWAP 0/7694MB (cached 0MB) CPU [0%@1574,0%@1574,0%@1984,0%@1984,0%@729,0%@729,0%@729,0%@729] EMC_FREQ 0% GR3D_FREQ 20% GR3D2_FREQ 20%@0 CV0@55.625C CPU@58.437C SOC2@56.937C SOC0@57.687C CV1@55.562C GPU@56.437C tj@59.156C SOC1@59.156C CV2@55.968C
08-21-2026 20:00:01 RAM 4305/15389MB (lfb 1153x4MB) SWAP 0/7694MB (cached 0MB) CPU [0%@1984,50%@1984,100%@1984,0%@1984,0%@729,0%@729,0%@729,0%@729] EMC_FREQ 0% GR3D_FREQ 20% GR3D2_FREQ 20%@0 CV0@55.625C CPU@58.343C SOC2@57.031C SOC0@57.687C CV1@55.781C GPU@56.187C tj@59.062C SOC1@59.062C CV2@56C
08-21-2026 20:00:01 RAM 4305/15389MB (lfb 1153x4MB) SWAP 0/7694MB (cached 0MB) CPU [50%@1804,0%@1804,0%@1804,0%@1804,0%@729,0%@729,0%@729,0%@729] EMC_FREQ 0% GR3D_FREQ 2% GR3D2_FREQ 2%@0 CV0@55.718C CPU@58.562C SOC2@56.906C SOC0@57.593C CV1@55.75C GPU@56.281C tj@59C SOC1@59C CV2@55.906C
08-21-2026 20:00:01 RAM 4305/15389MB (lfb 1153x4MB) SWAP 0/7694MB (cached 0MB) CPU [0%@1804,0%@1804,0%@1804,0%@1804,0%@729,0%@729,0%@729,0%@729] EMC_FREQ 0% GR3D_FREQ 20% GR3D2_FREQ 20%@0 CV0@55.843C CPU@58.437C SOC2@56.875C SOC0@57.562C CV1@55.75C GPU@56.312C tj@59.093C SOC1@59.093C CV2@56.062C
08-21-2026 20:00:01 RAM 4305/15389MB (lfb 1153x4MB) SWAP 0/7694MB (cached 0MB) CPU [0%@1984,0%@1984,0%@1984,50%@1984,50%@729,0%@729,0%@729,0%@729] EMC_FREQ 0% GR3D_FREQ 22% GR3D2_FREQ 22%@0 CV0@55.687C CPU@58.5C SOC2@56.875C SOC0@57.5C CV1@55.593C GPU@56.218C tj@59.25C SOC1@59.25C CV2@56C
08-21-2026 20:00:01 RAM 4305/15389MB (lfb 1153x4MB) SWAP 0/7694MB (cached 0MB) CPU [50%@1881,0%@1881,0%@1881,0%@1881,0%@729,0%@729,0%@729,0%@729] EMC_FREQ 0% GR3D_FREQ 22% GR3D2_FREQ 22%@0 CV0@55.843C CPU@58.437C SOC2@56.843C SOC0@57.656C CV1@55.718C GPU@56.312C tj@59.343C SOC1@59.343C CV2@55.875C
08-21-2026 20:00:01 RAM 4305/15389MB (lfb 1153x4MB) SWAP 0/7694MB (cached 0MB) CPU [100%@1984,0%@1984,50%@1984,0%@1984,0%@729,0%@729,50%@729,0%@729] EMC_FREQ 0% GR3D_FREQ 0% GR3D2_FREQ 0%@0 CV0@55.812C CPU@58.5C SOC2@56.968C SOC0@57.75C CV1@55.687C GPU@56.531C tj@59.218C SOC1@59.218C CV2@55.875C
08-21-2026 20:00:01 RAM 4305/15389MB (lfb 1153x4MB) SWAP 0/7694MB (cached 0MB) CPU [0%@1984,0%@1984,0%@1984,0%@1984,0%@729,0%@729,0%@729,0%@729] EMC_FREQ 0% GR3D_FREQ 22% GR3D2_FREQ 22%@0 CV0@55.812C CPU@58.718C SOC2@56.968C SOC0@57.625C CV1@55.625C GPU@56.281C tj@59.125C SOC1@59.125C CV2@56.093C
08-21-2026 20:00:01 RAM 4305/15389MB (lfb 1153x4MB) SWAP 0/7694MB (cached 0MB) CPU [66%@1958,0%@1958,0%@1958,0%@1958,0%@729,0%@729,0%@729,0%@729] EMC_FREQ 0% GR3D_FREQ 22% GR3D2_FREQ 22%@0 CV0@55.812C CPU@58.656C SOC2@57C SOC0@57.625C CV1@55.812C GPU@56.25C tj@58.937C SOC1@58.937C CV2@56.093C
08-21-2026 20:00:01 RAM 4305/15389MB (lfb 1153x4MB) SWAP 0/7694MB (cached 0MB) CPU [0%@1651,0%@1651,0%@1651,0%@1651,0%@729,0%@729,0%@729,0%@729] EMC_FREQ 0% GR3D_FREQ 20% GR3D2_FREQ 20%@0 CV0@55.687C CPU@58.593C SOC2@57C SOC0@57.625C CV1@55.781C GPU@56.406C tj@59.093C SOC1@59.093C CV2@55.968C
08-21-2026 20:00:01 RAM 4305/15389MB (lfb 1153x4MB) SWAP 0/7694MB (cached 0MB) CPU [0%@1804,50%@1804,0%@1804,0%@1804,0%@729,0%@729,0%@729,0%@729] EMC_FREQ 0% GR3D_FREQ 0% GR3D2_FREQ 0%@0 CV0@55.937C CPU@58.656C SOC2@56.843C SOC0@57.562C CV1@55.625C GPU@56.312C tj@58.968C SOC1@58.968C CV2@56C
08-21-2026 20:00:01 RAM 4305/15389MB (lfb 1153x4MB) SWAP 0/7694MB (cached 0MB) CPU [50%@1984,0%@1984,66%@1984,0%@1984,0%@729,0%@729,0%@729,0%@729] EMC_FREQ 0% GR3D_FREQ 23% GR3D2_FREQ 23%@0 CV0@55.937C CPU@58.562C SOC2@56.937C SOC0@57.625C CV1@55.625C GPU@56.343C tj@59.281C SOC1@59.281C CV2@55.906C
08-21-2026 20:00:01 RAM 4305/15389MB (lfb 1153x4MB) SWAP 0/7694MB (cached 0MB) CPU [0%@1574,50%@1574,100%@1574,0%@1574,50%@729,0%@729,0%@729,0%@729] EMC_FREQ 0% GR3D_FREQ 23% GR3D2_FREQ 23%@0 CV0@55.718C CPU@58.437C SOC2@56.906C SOC0@57.593C CV1@55.687C GPU@56.625C tj@59.156C SOC1@59.156C CV2@55.906C
08-21-2026 20:00:01 RAM 4305/15389MB (lfb 1153x4MB) SWAP 0/7694MB (cached 0MB) CPU [0%@1804,0%@1804,0%@1804,0%@1804,0%@1728,0%@1728,0%@1728,0%@1728] EMC_FREQ 0% GR3D_FREQ 0% GR3D2_FREQ 0%@0 CV0@55.781C CPU@58.406C SOC2@56.843C SOC0@57.687C CV1@55.593C GPU@56.531C tj@59.093C SOC1@59.093C CV2@55.781C
08-21-2026 20:00:01 RAM 4305/15389MB (lfb 1153x4MB) SWAP 0/7694MB (cached 0MB) CPU [0%@1984,0%@1984,50%@1984,0%@1984,0%@1497,50%@1497,0%@1497,0%@1497] EMC_FREQ 0% GR3D_FREQ 23% GR3D2_FREQ 23%@0 CV0@55.718C CPU@58.343C SOC2@56.875C SOC0@57.562C CV1@55.531C GPU@56.25C tj@59.093C SOC1@59.093C CV2@55.968C
08-21-2026 20:00:01 RAM 4305/15389MB (lfb 1153x4MB) SWAP 0/7694MB (cached 0MB) CPU [0%@960,0%@960,0%@960,0%@960,0%@1651,0%@1651,0%@1651,0%@1651] EMC_FREQ 0% GR3D_FREQ 23% GR3D2_FREQ 23%@0 CV0@55.656C CPU@58.343C SOC2@56.968C SOC0@57.562C CV1@55.781C GPU@56.437C tj@59.093C SOC1@59.093C CV2@56.062C
08-21-2026 20:00:01 RAM 4305/15389MB (lfb 1153x4MB) SWAP 0/7694MB (cached 0MB) CPU [0%@960,0%@960,0%@960,0%@960,0%@1420,0%@1420,0%@1420,0%@1420] EMC_FREQ 0% GR3D_FREQ 26% GR3D2_FREQ 26%@0 CV0@55.781C CPU@58.281C SOC2@56.906C SOC0@57.593C CV1@55.718C GPU@56.218C tj@59.031C SOC1@59.031C CV2@55.937C
08-21-2026 20:00:01 RAM 4305/15389MB (lfb 1153x4MB) SWAP 0/7694MB (cached 0MB) CPU [0%@1984,0%@1984,0%@1984,0%@1984,0%@1497,50%@1497,0%@1497,0%@1497] EMC_FREQ 0% GR3D_FREQ 0% GR3D2_FREQ 0%@0 CV0@55.718C CPU@58.812C SOC2@56.906C SOC0@57.562C CV1@55.656C GPU@56.656C tj@59.031C SOC1@59.031C CV2@55.875C
08-21-2026 20:00:01 RAM 4305/15389MB (lfb 1153x4MB) SWAP 0/7694MB (cached 0MB) CPU [0%@1036,0%@1036,0%@1036,0%@1036,0%@1497,0%@1497,50%@1497,0%@1497] EMC_FREQ 0% GR3D_FREQ 20% GR3D2_FREQ 20%@0 CV0@55.843C CPU@58.656C SOC2@56.937C SOC0@57.687C CV1@55.843C GPU@56.343C tj@59.062C SOC1@59.062C CV2@56C
08-21-2026 20:00:01 RAM 4305/15389MB (lfb 1153x4MB) SWAP 0/7694MB (cached 0MB) CPU [50%@960,0%@960,50%@960,0%@960,0%@1497,0%@1497,100%@1497,0%@1497] EMC_FREQ 0% GR3D_FREQ 20% GR3D2_FREQ 20%@0 CV0@55.812C CPU@58.718C SOC2@56.875C SOC0@57.812C CV1@55.781C GPU@56.437C tj@59C SOC1@59C CV2@56.031C
08-21-2026 20:00:01 RAM 4305/15389MB (lfb 1153x4MB) SWAP 0/7694MB (cached 0MB) CPU [0%@1984,0%@1984,0%@1984,50%@1984,0%@1497,0%@1497,0%@1497,0%@1497] EMC_FREQ 0% GR3D_FREQ 15% GR3D2_FREQ 15%@0 CV0@55.843C CPU@58.406C SOC2@56.875C SOC0@57.75C CV1@55.75C GPU@56.187C tj@59.062C SOC1@59.062C CV2@55.968C
08-21-2026 20:00:01 RAM 4305/15389MB (lfb 1153x4MB) SWAP 0/7694MB (cached 0MB) CPU [0%@729,0%@729,0%@729,0%@729,0%@1497,0%@1497,50%@1497,0%@1497] EMC_FREQ 0% GR3D_FREQ 7% GR3D2_FREQ 7%@0 CV0@55.75C CPU@58.406C SOC2@56.937C SOC0@57.718C CV1@55.687C GPU@56.281C tj@59.281C SOC1@59.281C CV2@56C
08-21-2026 20:00:01 RAM 4305/15389MB (lfb 1153x4MB) SWAP 0/7694MB (cached 0MB) CPU [0%@1984,0%@1984,33%@1984,0%@1984,0%@1420,0%@1420,50%@1420,0%@1420] EMC_FREQ 0% GR3D_FREQ 22% GR3D2_FREQ 22%@0 CV0@55.687C CPU@58.406C SOC2@56.812C SOC0@57.75C CV1@55.656C GPU@56.312C tj@59.093C SOC1@59.093C CV2@55.937C
08-21-2026 20:00:01 RAM 4305/15389MB (lfb 1153x4MB) SWAP 0/7694MB (cached 0MB) CPU [0%@1984,0%@1984,0%@1984,0%@1984,0%@1420,0%@1420,0%@1420,0%@1420] EMC_FREQ 0% GR3D_FREQ 22% GR3D2_FREQ 22%@0 CV0@55.656C CPU@58.375C SOC2@56.781C SOC0@57.687C CV1@55.687C GPU@56.187C tj@59.125C SOC1@59.125C CV2@56.093C
08-21-2026 20:00:01 RAM 4305/15389MB (lfb 1153x4MB) SWAP 0/7694MB (cached 0MB) CPU [0%@1984,0%@1984,0%@1984,100%@1984,0%@1497,0%@1497,50%@1497,0%@1497] EMC_FREQ 0% GR3D_FREQ 10% GR3D2_FREQ 10%@0 CV0@55.625C CPU@58.343C SOC2@56.812C SOC0@57.687C CV1@55.625C GPU@56.531C tj@59.093C SOC1@59.093C CV2@55.968C
08-21-2026 20:00:01 RAM 4305/15389MB (lfb 1153x4MB) SWAP 0/7694MB (cached 0MB) CPU [0%@1984,0%@1984,0%@1984,50%@1984,0%@1497,0%@1497,50%@1497,0%@1497] EMC_FREQ 0% GR3D_FREQ 9% GR3D2_FREQ 9%@0 CV0@55.656C CPU@58.375C SOC2@56.968C SOC0@57.625C CV1@55.843C GPU@56.281C tj@59.125C SOC1@59.062C CV2@55.968C
08-21-2026 20:00:01 RAM 4305/15389MB (lfb 1153x4MB) SWAP 0/7694MB (cached 0MB) CPU [66%@1036,50%@1036,0%@1036,50%@1036,33%@1420,0%@1420,100%@1420,0%@1420] EMC_FREQ 0% GR3D_FREQ 9% GR3D2_FREQ 9%@0 CV0@55.906C CPU@58.468C SOC2@56.781C SOC0@57.625C CV1@55.781C GPU@56.406C tj@58.968C SOC1@58.968C CV2@55.968C
08-21-2026 20:00:01 RAM 4305/15389MB (lfb 1153x4MB) SWAP 0/7694MB (cached 0MB) CPU [0%@960,0%@960,0%@960,0%@960,50%@1344,0%@1344,0%@1344,0%@1344] EMC_FREQ 0% GR3D_FREQ 20% GR3D2_FREQ 20%@0 CV0@55.781C CPU@58.531C SOC2@56.937C SOC0@57.562C CV1@55.656C GPU@56.218C tj@59.125C SOC1@59.125C CV2@55.875C
08-21-2026 20:00:01 RAM 4305/15389MB (lfb 1153x4MB) SWAP 0/7694MB (cached 0MB) CPU [0%@960,0%@960,0%@960,0%@960,0%@1497,0%@1497,50%@1497,0%@1497] EMC_FREQ 0% GR3D_FREQ 4% GR3D2_FREQ 4%@0 CV0@55.875C CPU@58.406C SOC2@56.937C SOC0@57.593C CV1@55.718C GPU@56.125C tj@58.937C SOC1@58.937C CV2@55.875C
08-21-2026 20:00:01 RAM 4305/15389MB (lfb 1153x4MB) SWAP 0/7694MB (cached 0MB) CPU [33%@960,0%@960,0%@960,50%@960,0%@1420,0%@1420,0%@1420,0%@1420] EMC_FREQ 0% GR3D_FREQ 18% GR3D2_FREQ 18%@0 CV0@55.781C CPU@58.468C SOC2@56.843C SOC0@57.656C CV1@55.718C GPU@56.281C tj@59.281C SOC1@59.281C CV2@56C
08-21-2026 20:00:01 RAM 4305/15389MB (lfb 1153x4MB) SWAP 0/7694MB (cached 0MB) CPU [0%@960,0%@1984,0%@1984,0%@1984,0%@1497,0%@1497,100%@1497,0%@1497] EMC_FREQ 0% GR3D_FREQ 18% GR3D2_FREQ 18%@0 CV0@55.781C CPU@58.437C SOC2@56.843C SOC0@57.75C CV1@55.625C GPU@56.5C tj@59.125C SOC1@59.125C CV2@55.812C
08-21-2026 20:00:01 RAM 4305/15389MB (lfb 1153x4MB) SWAP 0/7694MB (cached 0MB) CPU [0%@1984,0%@1984,0%@1984,0%@1984,0%@1344,0%@1344,50%@1344,0%@1344] EMC_FREQ 0% GR3D_FREQ 22% GR3D2_FREQ 22%@0 CV0@55.593C CPU@58.468C SOC2@56.687C SOC0@57.687C CV1@55.531C GPU@56.5C tj@59.062C SOC1@59.125C CV2@55.843C
08-21-2026 20:00:01 RAM 4305/15389MB (lfb 1153x4MB) SWAP 0/7694MB (cached 0MB) CPU [0%@960,50%@960,0%@960,50%@960,0%@1497,0%@1497,100%@1497,0%@1497] EMC_FREQ 0% GR3D_FREQ 0% GR3D2_FREQ 0%@0 CV0@55.687C CPU@58.375C SOC2@56.812C SOC0@57.625C CV1@55.687C GPU@56.281C tj@59.156C SOC1@59.156C CV2@56.156C
08-21-2026 20:00:01 RAM 4305/15389MB (lfb 1153x4MB) SWAP 0/7694MB (cached 0MB) CPU [50%@806,50%@806,0%@806,50%@806,0%@1344,0%@1344,0%@1344,0%@1344] EMC_FREQ 0% GR3D_FREQ 23% GR3D2_FREQ 23%@0 CV0@55.656C CPU@58.437C SOC2@56.812C SOC0@57.625C CV1@55.656C GPU@56.25C tj@59.031C SOC1@59.031C CV2@56.031C
08-21-2026 20:00:01 RAM 4306/15389MB (lfb 1153x4MB) SWAP 0/7694MB (cached 0MB) CPU [50%@1984,0%@1984,0%@1984,100%@1984,0%@1420,0%@1420,100%@1420,0%@1420] EMC_FREQ 0% GR3D_FREQ 23% GR3D2_FREQ 23%@0 CV0@55.593C CPU@58.375C SOC2@56.75C SOC0@57.593C CV1@55.593C GPU@56.218C tj@59.156C SOC1@59.156C CV2@56C
08-21-2026 20:00:01 RAM 4305/15389MB (lfb 1153x4MB) SWAP 0/7694MB (cached 0MB) CPU [0%@960,0%@960,0%@960,50%@960,0%@1267,0%@1267,0%@1267,0%@1267] EMC_FREQ 0% GR3D_FREQ 22% GR3D2_FREQ 22%@0 CV0@55.718C CPU@58.437C SOC2@56.968C SOC0@57.593C CV1@55.593C GPU@56.218C tj@59C SOC1@59C CV2@56.062C
08-21-2026 20:00:01 RAM 4305/15389MB (lfb 1153x4MB) SWAP 0/7694MB (cached 0MB) CPU [0%@1984,0%@1984,0%@1984,0%@1984,0%@1420,0%@1420,100%@1420,0%@1420] EMC_FREQ 0% GR3D_FREQ 0% GR3D2_FREQ 0%@0 CV0@55.718C CPU@58.437C SOC2@56.906C SOC0@57.656C CV1@55.812C GPU@56.437C tj@59.062C SOC1@59.062C CV2@56.062C
08-21-2026 20:00:01 RAM 4305/15389MB (lfb 1153x4MB) SWAP 0/7694MB (cached 0MB) CPU [0%@1984,0%@1984,0%@1984,50%@1984,0%@1267,0%@1267,0%@1267,0%@1267] EMC_FREQ 0% GR3D_FREQ 23% GR3D2_FREQ 23%@0 CV0@55.656C CPU@58.343C SOC2@56.843C SOC0@57.593C CV1@55.75C GPU@56.218C tj@58.968C SOC1@58.968C CV2@56C
08-21-2026 20:00:01 RAM 4305/15389MB (lfb 1153x4MB) SWAP 0/7694MB (cached 0MB) CPU [0%@883,50%@883,0%@883,0%@883,0%@1420,0%@1420,50%@1420,0%@1420] EMC_FREQ 0% GR3D_FREQ 23% GR3D2_FREQ 12%@0 CV0@55.687C CPU@58.812C SOC2@56.906C SOC0@57.625C CV1@55.781C GPU@56.375C tj@58.937C SOC1@58.937C CV2@55.968C
08-21-2026 20:00:01 RAM 4305/15389MB (lfb 1153x4MB) SWAP 0/7694MB (cached 0MB) CPU [50%@1984,0%@1984,0%@1984,0%@1984,0%@1344,0%@1344,50%@1344,0%@1344] EMC_FREQ 0% GR3D_FREQ 12% GR3D2_FREQ 12%@0 CV0@55.75C CPU@58.718C SOC2@56.812C SOC0@57.531C CV1@55.718C GPU@56.343C tj@58.937C SOC1@58.937C CV2@55.875C
08-21-2026 20:00:01 RAM 4305/15389MB (lfb 1153x4MB) SWAP 0/7694MB (cached 0MB) CPU [0%@1984,0%@1984,0%@1984,0%@1984,0%@1420,0%@1420,100%@1420,0%@1420] EMC_FREQ 0% GR3D_FREQ 10% GR3D2_FREQ 10%@0 CV0@55.718C CPU@58.562C SOC2@56.875C SOC0@57.781C CV1@55.656C GPU@56.156C tj@59.218C SOC1@59.218C CV2@55.875C
08-21-2026 20:00:01 RAM 4305/15389MB (lfb 1153x4MB) SWAP 0/7694MB (cached 0MB) CPU [0%@1984,0%@1984,0%@1984,50%@1984,50%@1344,0%@1344,0%@1344,0%@1344] EMC_FREQ 0% GR3D_FREQ 23% GR3D2_FREQ 23%@0 CV0@55.687C CPU@58.468C SOC2@56.656C SOC0@57.656C CV1@55.625C GPU@56.312C tj@59.093C SOC1@59.093C CV2@55.812C
08-21-2026 20:00:01 RAM 4305/15389MB (lfb 1153x4MB) SWAP 0/7694MB (cached 0MB) CPU [0%@1984,0%@1984,0%@1984,0%@1984,0%@1344,0%@1344,0%@1344,0%@1344] EMC_FREQ 0% GR3D_FREQ 23% GR3D2_FREQ 23%@0 CV0@55.75C CPU@58.437C SOC2@56.75C SOC0@57.718C CV1@55.656C GPU@56.5C tj@59.25C SOC1@59.25C CV2@55.937C
08-21-2026 20:00:01 RAM 4305/15389MB (lfb 1153x4MB) SWAP 0/7694MB (cached 0MB) CPU [50%@1984,0%@1984,50%@1984,100%@1984,0%@1497,0%@1497,0%@1497,0%@1497] EMC_FREQ 0% GR3D_FREQ 4% GR3D2_FREQ 4%@0 CV0@55.75C CPU@58.531C SOC2@56.781C SOC0@57.656C CV1@55.593C GPU@56.437C tj@59.156C SOC1@59.156C CV2@56.062C
08-21-2026 20:00:01 RAM 4306/15389MB (lfb 1153x4MB) SWAP 0/7694MB (cached 0MB) CPU [0%@1113,0%@1113,0%@1113,50%@1113,0%@1420,0%@1420,50%@1420,0%@1420] EMC_FREQ 0% GR3D_FREQ 16% GR3D2_FREQ 16%@0 CV0@55.593C CPU@58.5C SOC2@56.937C SOC0@57.656C CV1@55.625C GPU@56.25C tj@58.968C SOC1@58.937C CV2@55.937C
08-21-2026 20:00:01 RAM 4306/15389MB (lfb 1153x4MB) SWAP 0/7694MB (cached 0MB) CPU [0%@883,0%@883,0%@883,0%@883,0%@1497,0%@1497,100%@1497,50%@1497] EMC_FREQ 0% GR3D_FREQ 19% GR3D2_FREQ 19%@0 CV0@55.656C CPU@58.437C SOC2@56.937C SOC0@57.687C CV1@55.812C GPU@56.437C tj@59.062C SOC1@59.062C CV2@55.843C
08-21-2026 20:00:01 RAM 4306/15389MB (lfb 1153x4MB) SWAP 0/7694MB (cached 0MB) CPU [0%@1984,0%@1984,0%@1984,0%@1984,0%@1420,0%@1420,0%@1420,0%@1420] EMC_FREQ 0% GR3D_FREQ 19% GR3D2_FREQ 19%@0 CV0@55.593C CPU@58.531C SOC2@56.906C SOC0@57.562C CV1@55.75C GPU@56.125C tj@58.937C SOC1@58.937C CV2@55.906C
08-21-2026 20:00:01 RAM 4306/15389MB (lfb 1153x4MB) SWAP 0/7694MB (cached 0MB) CPU [0%@1984,50%@1984,50%@1984,50%@1984,0%@1497,0%@1497,50%@1497,0%@1497] EMC_FREQ 0% GR3D_FREQ 0% GR3D2_FREQ 0%@0 CV0@55.718C CPU@58.531C SOC2@56.812C SOC0@57.593C CV1@55.781C GPU@56.25C tj@58.968C SOC1@58.968C CV2@55.937C
08-21-2026 20:00:01 RAM 4306/15389MB (lfb 1153x4MB) SWAP 0/7694MB (cached 0MB) CPU [0%@1984,0%@1984,0%@1984,50%@1984,0%@1420,0%@1420,50%@1420,0%@1420] EMC_FREQ 0% GR3D_FREQ 23% GR3D2_FREQ 23%@0 CV0@55.75C CPU@58.468C SOC2@56.875C SOC0@57.656C CV1@55.656C GPU@56.281C tj@59.031C SOC1@59.031C CV2@55.875C
08-21-2026 20:00:01 RAM 4306/15389MB (lfb 1153x4MB) SWAP 0/7694MB (cached 0MB) CPU [0%@806,0%@806,50%@806,0%@806,0%@1497,0%@1497,0%@1497,0%@1497] EMC_FREQ 0% GR3D_FREQ 23% GR3D2_FREQ 19%@0 CV0@55.781C CPU@58.531C SOC2@56.937C SOC0@57.718C CV1@55.718C GPU@56.406C tj@59C SOC1@59C CV2@56C
08-21-2026 20:00:01 RAM 4306/15389MB (lfb 1153x4MB) SWAP 0/7694MB (cached 0MB) CPU [50%@1984,0%@1984,0%@1984,0%@1984,0%@1267,0%@1267,50%@1267,0%@1267] EMC_FREQ 0% GR3D_FREQ 19% GR3D2_FREQ 19%@0 CV0@55.781C CPU@58.406C SOC2@56.875C SOC0@57.718C CV1@55.781C GPU@56.156C tj@59.187C SOC1@59.187C CV2@55.875C
08-21-2026 20:00:01 RAM 4306/15389MB (lfb 1153x4MB) SWAP 0/7694MB (cached 0MB) CPU [50%@883,0%@883,0%@883,0%@883,0%@1497,0%@1497,100%@1497,0%@1497] EMC_FREQ 0% GR3D_FREQ 0% GR3D2_FREQ 0%@0 CV0@55.718C CPU@58.343C SOC2@56.75C SOC0@57.656C CV1@55.656C GPU@56.125C tj@59.031C SOC1@59.031C CV2@55.937C
08-21-2026 20:00:01 RAM 4306/15389MB (lfb 1153x4MB) SWAP 0/7694MB (cached 0MB) CPU [0%@1984,0%@1984,0%@1984,100%@1984,0%@1267,0%@1267,0%@1267,0%@1267] EMC_FREQ 0% GR3D_FREQ 23% GR3D2_FREQ 23%@0 CV0@55.687C CPU@58.562C SOC2@56.875C SOC0@57.625C CV1@55.593C GPU@56.312C tj@58.968C SOC1@58.968C CV2@56.031C
08-21-2026 20:00:01 RAM 4306/15389MB (lfb 1153x4MB) SWAP 0/7694MB (cached 0MB) CPU [0%@1984,0%@1984,0%@1984,0%@1984,0%@1420,0%@1420,0%@1420,0%@1420] EMC_FREQ 0% GR3D_FREQ 23% GR3D2_FREQ 23%@0 CV0@55.625C CPU@58.406C SOC2@56.843C SOC0@57.562C CV1@55.781C GPU@56.531C tj@58.937C SOC1@58.937C CV2@56C
08-21-2026 20:00:01 RAM 4306/15389MB (lfb 1153x4MB) SWAP 0/7694MB (cached 0MB) CPU [0%@1984,0%@1984,0%@1984,50%@1984,0%@1420,0%@1420,0%@1420,50%@1420] EMC_FREQ 0% GR3D_FREQ 23% GR3D2_FREQ 23%@0 CV0@55.593C CPU@58.687C SOC2@56.906C SOC0@57.593C CV1@55.75C GPU@56.25C tj@59C SOC1@59C CV2@56C
08-21-2026 20:00:01 RAM 4306/15389MB (lfb 1153x4MB) SWAP 0/7694MB (cached 0MB) CPU [0%@1036,0%@1036,0%@1036,0%@1036,50%@1420,0%@1420,100%@1420,0%@1420] EMC_FREQ 0% GR3D_FREQ 0% GR3D2_FREQ 0%@0 CV0@55.687C CPU@58.656C SOC2@56.843C SOC0@57.5C CV1@55.781C GPU@56.281C tj@59C SOC1@59C CV2@55.937C
08-21-2026 20:00:01 RAM 4306/15389MB (lfb 1153x4MB) SWAP 0/7694MB (cached 0MB) CPU [0%@1984,0%@1984,0%@1984,0%@1984,0%@1267,0%@1267,0%@1267,0%@1267] EMC_FREQ 0% GR3D_FREQ 19% GR3D2_FREQ 19%@0 CV0@55.781C CPU@58.5C SOC2@56.906C SOC0@57.718C CV1@55.75C GPU@56.281C tj@58.906C SOC1@58.906C CV2@56C
08-21-2026 20:00:01 RAM 4306/15389MB (lfb 1153x4MB) SWAP 0/7694MB (cached 0MB) CPU [0%@1984,0%@1984,50%@1984,50%@1984,0%@1420,0%@1420,0%@1420,0%@1420] EMC_FREQ 0% GR3D_FREQ 19% GR3D2_FREQ 19%@0 CV0@55.718C CPU@58.468C SOC2@56.75C SOC0@57.625C CV1@55.687C GPU@56.156C tj@59.312C SOC1@59.312C CV2@56C
08-21-2026 20:00:01 RAM 4306/15389MB (lfb 1153x4MB) SWAP 0/7694MB (cached 0MB) CPU [50%@806,0%@806,0%@806,0%@806,0%@1420,0%@1420,0%@1420,100%@1420] EMC_FREQ 0% GR3D_FREQ 21% GR3D2_FREQ 21%@0 CV0@55.687C CPU@58.468C SOC2@56.812C SOC0@57.687C CV1@55.593C GPU@56.312C tj@59.25C SOC1@59.25C CV2@55.875C
08-21-2026 20:00:01 RAM 4306/15389MB (lfb 1153x4MB) SWAP 0/7694MB (cached 0MB) CPU [0%@1984,0%@1984,0%@1984,0%@1984,0%@1497,0%@1497,0%@1497,50%@1497] EMC_FREQ 0% GR3D_FREQ 1% GR3D2_FREQ 1%@0 CV0@55.656C CPU@58.375C SOC2@56.812C SOC0@57.625C CV1@55.718C GPU@56.312C tj@59.125C SOC1@59.125C CV2@55.937C
08-21-2026 20:00:01 RAM 4306/15389MB (lfb 1153x4MB) SWAP 0/7694MB (cached 0MB) CPU [0%@1984,0%@1984,0%@1984,50%@1984,0%@1420,0%@1420,0%@1420,0%@1420] EMC_FREQ 0% GR3D_FREQ 19% GR3D2_FREQ 19%@0 CV0@55.812C CPU@58.468C SOC2@56.718C SOC0@57.687C CV1@55.625C GPU@56.5C tj@59.156C SOC1@59.156C CV2@56.125C
08-21-2026 20:00:01 RAM 4306/15389MB (lfb 1153x4MB) SWAP 0/7694MB (cached 0MB) CPU [0%@1984,0%@1984,0%@1984,0%@1984,0%@1420,0%@1420,0%@1420,100%@1420] EMC_FREQ 0% GR3D_FREQ 19% GR3D2_FREQ 19%@0 CV0@55.718C CPU@58.437C SOC2@56.937C SOC0@57.656C CV1@55.562C GPU@56.156C tj@59C SOC1@59C CV2@55.968C
08-21-2026 20:00:01 RAM 4306/15389MB (lfb 1153x4MB) SWAP 0/7694MB (cached 0MB) CPU [0%@1984,50%@1984,0%@1984,0%@1984,0%@1420,0%@1420,0%@1420,0%@1420] EMC_FREQ 0% GR3D_FREQ 16% GR3D2_FREQ 16%@0 CV0@55.562C CPU@58.75C SOC2@56.843C SOC0@57.687C CV1@55.687C GPU@56.218C tj@58.937C SOC1@58.937C CV2@56C
08-21-2026 20:00:01 RAM 4306/15389MB (lfb 1153x4MB) SWAP 0/7694MB (cached 0MB) CPU [0%@1984,0%@1984,0%@1984,0%@1984,0%@1420,0%@1420,0%@1420,0%@1420] EMC_FREQ 0% GR3D_FREQ 6% GR3D2_FREQ 6%@0 CV0@55.593C CPU@58.593C SOC2@56.843C SOC0@57.687C CV1@55.781C GPU@56.375C tj@59C SOC1@59C CV2@55.875C
08-21-2026 20:00:01 RAM 4306/15389MB (lfb 1153x4MB) SWAP 0/7694MB (cached 0MB) CPU [50%@1984,0%@1984,0%@1984,100%@1984,0%@1420,0%@1420,0%@1420,100%@1420] EMC_FREQ 0% GR3D_FREQ 6% GR3D2_FREQ 6%@0 CV0@55.781C CPU@58.562C SOC2@56.812C SOC0@57.562C CV1@55.781C GPU@56.156C tj@59C SOC1@59C CV2@55.843C
08-21-2026 20:00:02 RAM 4306/15389MB (lfb 1153x4MB) SWAP 0/7694MB (cached 0MB) CPU [0%@806,0%@806,33%@806,50%@806,0%@1420,0%@1420,0%@1420,50%@1420] EMC_FREQ 0% GR3D_FREQ 22% GR3D2_FREQ 22%@0 CV0@55.812C CPU@58.656C SOC2@56.875C SOC0@57.75C CV1@55.656C GPU@56.343C tj@58.937C SOC1@58.937C CV2@56.031C
08-21-2026 20:00:02 RAM 4306/15389MB (lfb 1153x4MB) SWAP 0/7694MB (cached 0MB) CPU [0%@883,0%@883,0%@883,0%@883,0%@1497,0%@1497,0%@1497,0%@1497] EMC_FREQ 0% GR3D_FREQ 1% GR3D2_FREQ 1%@0 CV0@55.843C CPU@58.593C SOC2@56.906C SOC0@57.75C CV1@55.718C GPU@56.25C tj@58.937C SOC1@58.937C CV2@55.875C
08-21-2026 20:00:02 RAM 4306/15389MB (lfb 1153x4MB) SWAP 0/7694MB (cached 0MB) CPU [0%@1984,0%@1984,0%@1984,0%@1984,0%@1267,0%@1267,0%@1267,0%@1267] EMC_FREQ 0% GR3D_FREQ 21% GR3D2_FREQ 21%@0 CV0@55.718C CPU@58.625C SOC2@56.687C SOC0@57.687C CV1@55.593C GPU@56.375C tj@59.343C SOC1@59.343C CV2@55.875C
08-21-2026 20:00:02 RAM 4306/15389MB (lfb 1153x4MB) SWAP 0/7694MB (cached 0MB) CPU [0%@1984,0%@1984,0%@1984,50%@1984,0%@1420,0%@1420,0%@1420,100%@1420] EMC_FREQ 0% GR3D_FREQ 21% GR3D2_FREQ 21%@0 CV0@55.656C CPU@58.437C SOC2@56.875C SOC0@57.656C CV1@55.656C GPU@56.406C tj@59.25C SOC1@59.25C CV2@55.781C
08-21-2026 20:00:02 RAM 4306/15389MB (lfb 1153x4MB) SWAP 0/7694MB (cached 0MB) CPU [50%@1984,0%@1984,0%@1984,0%@1984,0%@1267,0%@1267,0%@1267,50%@1267] EMC_FREQ 0% GR3D_FREQ 22% GR3D2_FREQ 22%@0 CV0@55.562C CPU@58.5C SOC2@56.875C SOC0@57.687C CV1@55.687C GPU@56.187C tj@59.156C SOC1@59.156C CV2@56C
08-21-2026 20:00:02 RAM 4306/15389MB (lfb 1153x4MB) SWAP 0/7694MB (cached 0MB) CPU [50%@1984,0%@1984,50%@1984,100%@1984,0%@1420,50%@1420,0%@1420,0%@1420] EMC_FREQ 0% GR3D_FREQ 0% GR3D2_FREQ 0%@0 CV0@55.687C CPU@58.875C SOC2@56.875C SOC0@57.687C CV1@55.656C GPU@56.312C tj@59C SOC1@59C CV2@56C
08-21-2026 20:00:02 RAM 4306/15389MB (lfb 1153x4MB) SWAP 0/7694MB (cached 0MB) CPU [0%@1984,0%@1984,0%@1984,0%@1984,0%@1420,0%@1420,0%@1420,0%@1420] EMC_FREQ 0% GR3D_FREQ 22% GR3D2_FREQ 22%@0 CV0@55.593C CPU@58.781C SOC2@56.843C SOC0@57.656C CV1@55.687C GPU@56.531C tj@59.031C SOC1@59.031C CV2@55.968C
08-21-2026 20:00:02 RAM 4306/15389MB (lfb 1153x4MB) SWAP 0/7694MB (cached 0MB) CPU [0%@1984,0%@1984,0%@1984,0%@1984,0%@1344,0%@1344,0%@1344,0%@1344] EMC_FREQ 0% GR3D_FREQ 22% GR3D2_FREQ 22%@0 CV0@55.562C CPU@58.687C SOC2@56.937C SOC0@57.656C CV1@55.812C GPU@56.312C tj@59.125C SOC1@59.125C CV2@55.937C
08-21-2026 20:00:02 RAM 4306/15389MB (lfb 1153x4MB) SWAP 0/7694MB (cached 0MB) CPU [0%@1984,0%@1984,0%@1984,0%@1984,0%@1420,0%@1420,0%@1420,0%@1420] EMC_FREQ 0% GR3D_FREQ 22% GR3D2_FREQ 22%@0 CV0@55.75C CPU@58.718C SOC2@56.843C SOC0@57.656C CV1@55.843C GPU@56.187C tj@59.062C SOC1@59.062C CV2@55.906C
08-21-2026 20:00:02 RAM 4306/15389MB (lfb 1153x4MB) SWAP 0/7694MB (cached 0MB) CPU [0%@1984,33%@1984,0%@1984,100%@1984,50%@1267,0%@1267,0%@1267,100%@1267] EMC_FREQ 0% GR3D_FREQ 0% GR3D2_FREQ 0%@0 CV0@55.718C CPU@58.687C SOC2@56.843C SOC0@57.656C CV1@55.656C GPU@56.343C tj@59.25C SOC1@59.25C CV2@55.906C
08-21-2026 20:00:02 RAM 4306/15389MB (lfb 1153x4MB) SWAP 0/7694MB (cached 0MB) CPU [50%@1984,0%@1984,0%@1984,0%@1984,0%@1420,0%@1420,0%@1420,50%@1420] EMC_FREQ 0% GR3D_FREQ 0% GR3D2_FREQ 22%@0 CV0@55.625C CPU@58.625C SOC2@56.718C SOC0@57.687C CV1@55.625C GPU@56.25C tj@59.281C SOC1@59.281C CV2@55.968C
08-21-2026 20:00:02 RAM 4306/15389MB (lfb 1153x4MB) SWAP 0/7694MB (cached 0MB) CPU [0%@1984,0%@1984,0%@1984,50%@1984,0%@1190,0%@1190,0%@1190,0%@1190] EMC_FREQ 0% GR3D_FREQ 22% GR3D2_FREQ 22%@0 CV0@55.75C CPU@58.437C SOC2@56.843C SOC0@57.75C CV1@55.718C GPU@56.25C tj@59.187C SOC1@59.187C CV2@55.875C
08-21-2026 20:00:02 RAM 4306/15389MB (lfb 1153x4MB) SWAP 0/7694MB (cached 0MB) CPU [0%@1984,0%@1984,0%@1984,100%@1984,0%@1344,0%@1344,0%@1344,100%@1344] EMC_FREQ 0% GR3D_FREQ 0% GR3D2_FREQ 0%@0 CV0@55.75C CPU@58.5C SOC2@56.875C SOC0@57.593C CV1@55.656C GPU@56.156C tj@59.062C SOC1@59.062C CV2@55.968C
08-21-2026 20:00:02 RAM 4306/15389MB (lfb 1153x4MB) SWAP 0/7694MB (cached 0MB) CPU [0%@1984,0%@1984,0%@1984,0%@1984,50%@1267,0%@1267,0%@1267,50%@1267] EMC_FREQ 0% GR3D_FREQ 22% GR3D2_FREQ 22%@0 CV0@55.625C CPU@58.468C SOC2@56.875C SOC0@57.687C CV1@55.687C GPU@56.406C tj@59.062C SOC1@59.062C CV2@56C
08-21-2026 20:00:02 RAM 4306/15389MB (lfb 1153x4MB) SWAP 0/7694MB (cached 0MB) CPU [33%@960,0%@1984,0%@1984,0%@1984,0%@1344,0%@1344,0%@1344,50%@1344] EMC_FREQ 0% GR3D_FREQ 22% GR3D2_FREQ 22%@0 CV0@55.75C CPU@58.531C SOC2@56.781C SOC0@57.625C CV1@55.718C GPU@56.218C tj@58.968C SOC1@58.968C CV2@56.031C
08-21-2026 20:00:02 RAM 4306/15389MB (lfb 1153x4MB) SWAP 0/7694MB (cached 0MB) CPU [0%@1190,0%@1190,50%@1190,50%@1190,0%@1344,0%@1344,0%@1344,0%@1344] EMC_FREQ 0% GR3D_FREQ 10% GR3D2_FREQ 10%@0 CV0@55.562C CPU@58.812C SOC2@56.781C SOC0@57.625C CV1@55.75C GPU@56.437C tj@59.031C SOC1@59.031C CV2@55.937C
08-21-2026 20:00:02 RAM 4306/15389MB (lfb 1153x4MB) SWAP 0/7694MB (cached 0MB) CPU [0%@1984,0%@1984,0%@1984,0%@1984,0%@1267,0%@1267,0%@1267,100%@1267] EMC_FREQ 0% GR3D_FREQ 9% GR3D2_FREQ 9%@0 CV0@55.562C CPU@58.75C SOC2@56.875C SOC0@57.562C CV1@55.75C GPU@56.281C tj@58.968C SOC1@58.968C CV2@56.062C
08-21-2026 20:00:02 RAM 4306/15389MB (lfb 1153x4MB) SWAP 0/7694MB (cached 0MB) CPU [0%@1984,0%@1984,0%@1984,0%@1984,0%@1420,0%@1420,0%@1420,0%@1420] EMC_FREQ 0% GR3D_FREQ 19% GR3D2_FREQ 19%@0 CV0@55.812C CPU@58.687C SOC2@56.906C SOC0@57.625C CV1@55.718C GPU@56.187C tj@59.031C SOC1@59.031C CV2@55.875C
08-21-2026 20:00:02 RAM 4306/15389MB (lfb 1153x4MB) SWAP 0/7694MB (cached 0MB) CPU [0%@960,50%@960,0%@960,66%@960,0%@1344,0%@1344,50%@1344,50%@1344] EMC_FREQ 0% GR3D_FREQ 19% GR3D2_FREQ 19%@0 CV0@55.812C CPU@58.718C SOC2@56.843C SOC0@57.625C CV1@55.812C GPU@56.312C tj@59.031C SOC1@59.031C CV2@55.968C
08-21-2026 20:00:02 RAM 4306/15389MB (lfb 1153x4MB) SWAP 0/7694MB (cached 0MB) CPU [0%@1984,0%@1984,0%@1984,0%@1984,0%@1420,0%@1420,0%@1420,100%@1420] EMC_FREQ 0% GR3D_FREQ 0% GR3D2_FREQ 0%@0 CV0@55.687C CPU@58.468C SOC2@56.843C SOC0@57.75C CV1@55.687C GPU@56.468C tj@58.937C SOC1@58.937C CV2@55.875C
08-21-2026 20:00:02 RAM 4306/15389MB (lfb 1153x4MB) SWAP 0/7694MB (cached 0MB) CPU [0%@960,0%@960,0%@960,100%@960,33%@1267,0%@1267,0%@1267,0%@1267] EMC_FREQ 0% GR3D_FREQ 23% GR3D2_FREQ 23%@0 CV0@55.656C CPU@58.468C SOC2@56.781C SOC0@57.718C CV1@55.625C GPU@56.437C tj@59.218C SOC1@59.218C CV2@55.906C
08-21-2026 20:00:02 RAM 4306/15389MB (lfb 1153x4MB) SWAP 0/7694MB (cached 0MB) CPU [0%@1984,0%@1984,0%@1984,0%@1984,0%@1420,0%@1420,0%@1420,100%@1420] EMC_FREQ 0% GR3D_FREQ 22% GR3D2_FREQ 22%@0 CV0@55.718C CPU@58.562C SOC2@56.75C SOC0@57.656C CV1@55.656C GPU@56.187C tj@59.187C SOC1@59.187C CV2@55.875C
08-21-2026 20:00:02 RAM 4306/15389MB (lfb 1153x4MB) SWAP 0/7694MB (cached 0MB) CPU [0%@806,33%@806,50%@806,100%@806,0%@1420,0%@1420,0%@1420,0%@1420] EMC_FREQ 0% GR3D_FREQ 22% GR3D2_FREQ 22%@0 CV0@55.718C CPU@58.562C SOC2@56.937C SOC0@57.625C CV1@55.562C GPU@56.437C tj@59.156C SOC1@59.156C CV2@56.062C
08-21-2026 20:00:02 RAM 4306/15389MB (lfb 1153x4MB) SWAP 0/7694MB (cached 0MB) CPU [0%@1984,0%@1984,0%@1984,0%@1984,0%@1420,0%@1420,0%@1420,50%@1420] EMC_FREQ 0% GR3D_FREQ 0% GR3D2_FREQ 0%@0 CV0@55.718C CPU@58.5C SOC2@56.906C SOC0@57.656C CV1@55.625C GPU@56.312C tj@59.062C SOC1@59.062C CV2@56.093C
08-21-2026 20:00:02 RAM 4306/15389MB (lfb 1153x4MB) SWAP 0/7694MB (cached 0MB) CPU [50%@1984,0%@1984,0%@1984,50%@1984,50%@1267,0%@1267,0%@1267,0%@1267] EMC_FREQ 0% GR3D_FREQ 23% GR3D2_FREQ 23%@0 CV0@55.625C CPU@58.593C SOC2@56.843C SOC0@57.5C CV1@55.812C GPU@56.593C tj@59.031C SOC1@59.031C CV2@56C
08-21-2026 20:00:02 RAM 4306/15389MB (lfb 1153x4MB) SWAP 0/7694MB (cached 0MB) CPU [0%@1984,0%@1984,0%@1984,0%@1984,0%@1344,0%@1344,0%@1344,100%@1344] EMC_FREQ 0% GR3D_FREQ 23% GR3D2_FREQ 8%@0 CV0@55.812C CPU@58.812C SOC2@56.875C SOC0@57.656C CV1@55.781C GPU@56.218C tj@59C SOC1@59C CV2@55.937C
08-21-2026 20:00:02 RAM 4306/15389MB (lfb 1153x4MB) SWAP 0/7694MB (cached 0MB) CPU [50%@883,0%@883,0%@883,50%@883,0%@1344,0%@1420,0%@1420,0%@1420] EMC_FREQ 0% GR3D_FREQ 8% GR3D2_FREQ 8%@0 CV0@55.593C CPU@58.875C SOC2@56.875C SOC0@57.656C CV1@55.781C GPU@56.156C tj@58.968C SOC1@58.968C CV2@55.937C
08-21-2026 20:00:02 RAM 4306/15389MB (lfb 1153x4MB) SWAP 0/7694MB (cached 0MB) CPU [50%@1984,0%@1984,0%@1984,0%@1984,0%@1344,0%@1344,0%@1344,50%@1344] EMC_FREQ 0% GR3D_FREQ 14% GR3D2_FREQ 14%@0 CV0@55.656C CPU@58.718C SOC2@56.875C SOC0@57.531C CV1@55.656C GPU@56.375C tj@59.093C SOC1@59.093C CV2@55.906C
08-21-2026 20:00:02 RAM 4306/15389MB (lfb 1153x4MB) SWAP 0/7694MB (cached 0MB) CPU [50%@1984,0%@1984,0%@1984,0%@1984,0%@1344,0%@1344,0%@1344,100%@1344] EMC_FREQ 0% GR3D_FREQ 23% GR3D2_FREQ 23%@0 CV0@55.75C CPU@58.593C SOC2@56.906C SOC0@57.781C CV1@55.75C GPU@56.093C tj@59.031C SOC1@59.031C CV2@55.875C
08-21-2026 20:00:02 RAM 4306/15389MB (lfb 1153x4MB) SWAP 0/7694MB (cached 0MB) CPU [0%@960,0%@960,0%@960,50%@960,0%@1420,0%@1420,50%@1420,50%@1420] EMC_FREQ 0% GR3D_FREQ 0% GR3D2_FREQ 0%@0 CV0@55.718C CPU@58.718C SOC2@56.718C SOC0@57.656C CV1@55.656C GPU@56.187C tj@58.875C SOC1@58.875C CV2@55.843C
08-21-2026 20:00:02 RAM 4306/15389MB (lfb 1153x4MB) SWAP 0/7694MB (cached 0MB) CPU [0%@1984,0%@1984,50%@1984,0%@1984,0%@1344,0%@1344,0%@1344,0%@1344] EMC_FREQ 0% GR3D_FREQ 0% GR3D2_FREQ 0%@0 CV0@55.781C CPU@58.531C SOC2@56.812C SOC0@57.718C CV1@55.625C GPU@56.187C tj@59.25C SOC1@59.25C CV2@55.937C
08-21-2026 20:00:02 RAM 4306/15389MB (lfb 1153x4MB) SWAP 0/7694MB (cached 0MB) CPU [0%@1984,0%@1984,0%@1984,100%@1984,0%@1267,0%@1267,0%@1267,100%@1267] EMC_FREQ 0% GR3D_FREQ 19% GR3D2_FREQ 19%@0 CV0@55.75C CPU@58.531C SOC2@56.812C SOC0@57.75C CV1@55.656C GPU@56.5C tj@59.062C SOC1@59.062C CV2@55.937C
08-21-2026 20:00:02 RAM 4306/15389MB (lfb 1153x4MB) SWAP 0/7694MB (cached 0MB) CPU [0%@1984,50%@1984,50%@1984,50%@1984,50%@1344,0%@1344,0%@1344,0%@1344] EMC_FREQ 0% GR3D_FREQ 19% GR3D2_FREQ 19%@0 CV0@55.562C CPU@58.375C SOC2@56.781C SOC0@57.656C CV1@55.625C GPU@56.437C tj@59.187C SOC1@59.187C CV2@55.968C
08-21-2026 20:00:02 RAM 4306/15389MB (lfb 1153x4MB) SWAP 0/7694MB (cached 0MB) CPU [0%@1984,0%@1984,0%@1984,0%@1984,0%@1267,0%@1267,0%@1267,50%@1267] EMC_FREQ 0% GR3D_FREQ 0% GR3D2_FREQ 0%@0 CV0@55.625C CPU@58.562C SOC2@56.937C SOC0@57.656C CV1@55.625C GPU@56.062C tj@59.093C SOC1@59.093C CV2@55.968C
08-21-2026 20:00:02 RAM 4306/15389MB (lfb 1153x4MB) SWAP 0/7694MB (cached 0MB) CPU [0%@1984,0%@1984,0%@1984,0%@1984,0%@1420,0%@1420,0%@1420,100%@1420] EMC_FREQ 0% GR3D_FREQ 0% GR3D2_FREQ 0%@0 CV0@55.625C CPU@58.406C SOC2@56.875C SOC0@57.531C CV1@55.781C GPU@56.343C tj@58.968C SOC1@58.968C CV2@55.937C
08-21-2026 20:00:02 RAM 4306/15389MB (lfb 1153x4MB) SWAP 0/7694MB (cached 0MB) CPU [0%@1984,0%@1984,0%@1984,0%@1984,0%@1344,0%@1344,0%@1344,0%@1344] EMC_FREQ 0% GR3D_FREQ 20% GR3D2_FREQ 20%@0 CV0@55.562C CPU@58.468C SOC2@56.968C SOC0@57.625C CV1@55.718C GPU@56.187C tj@59.125C SOC1@59.125C CV2@55.937C
08-21-2026 20:00:02 RAM 4306/15389MB (lfb 1153x4MB) SWAP 0/7694MB (cached 0MB) CPU [0%@1984,0%@1984,0%@1984,0%@1984,0%@1497,0%@1497,0%@1497,50%@1497] EMC_FREQ 0% GR3D_FREQ 20% GR3D2_FREQ 20%@0 CV0@55.75C CPU@58.843C SOC2@56.75C SOC0@57.562C CV1@55.656C GPU@56.5C tj@59.125C SOC1@59.125C CV2@56C
08-21-2026 20:00:02 RAM 4306/15389MB (lfb 1153x4MB) SWAP 0/7694MB (cached 0MB) CPU [50%@1984,0%@1984,0%@1984,100%@1984,0%@1267,0%@1267,0%@1267,0%@1267] EMC_FREQ 0% GR3D_FREQ 20% GR3D2_FREQ 20%@0 CV0@55.781C CPU@58.531C SOC2@56.75C SOC0@57.468C CV1@55.656C GPU@56.281C tj@59.218C SOC1@59.218C CV2@55.968C
08-21-2026 20:00:02 RAM 4306/15389MB (lfb 1153x4MB) SWAP 0/7694MB (cached 0MB) CPU [50%@883,50%@883,0%@883,100%@883,0%@1420,0%@1420,0%@1420,0%@1420] EMC_FREQ 0% GR3D_FREQ 2% GR3D2_FREQ 2%@0 CV0@55.75C CPU@58.437C SOC2@56.781C SOC0@57.75C CV1@55.687C GPU@56.406C tj@59C SOC1@59C CV2@55.937C
08-21-2026 20:00:02 RAM 4306/15389MB (lfb 1153x4MB) SWAP 0/7694MB (cached 0MB) CPU [0%@729,0%@729,0%@729,50%@729,33%@1344,0%@1344,0%@1344,50%@1344] EMC_FREQ 0% GR3D_FREQ 22% GR3D2_FREQ 22%@0 CV0@55.593C CPU@58.593C SOC2@56.75C SOC0@57.75C CV1@55.656C GPU@56.343C tj@59.156C SOC1@59.093C CV2@55.812C
08-21-2026 20:00:02 RAM 4306/15389MB (lfb 1153x4MB) SWAP 0/7694MB (cached 0MB) CPU [0%@806,0%@806,0%@806,0%@806,0%@1420,0%@1420,0%@1420,100%@1420] EMC_FREQ 0% GR3D_FREQ 0% GR3D2_FREQ 0%@0 CV0@55.75C CPU@58.468C SOC2@56.812C SOC0@57.75C CV1@55.687C GPU@56.187C tj@59.187C SOC1@59.187C CV2@55.937C
08-21-2026 20:00:02 RAM 4306/15389MB (lfb 1153x4MB) SWAP 0/7694MB (cached 0MB) CPU [50%@1984,0%@1984,0%@1984,50%@1984,0%@1267,0%@1267,50%@1267,0%@1267] EMC_FREQ 0% GR3D_FREQ 22% GR3D2_FREQ 22%@0 CV0@55.625C CPU@58.531C SOC2@56.75C SOC0@57.718C CV1@55.625C GPU@56.093C tj@59.093C SOC1@59.093C CV2@55.968C
08-21-2026 20:00:02 RAM 4306/15389MB (lfb 1153x4MB) SWAP 0/7694MB (cached 0MB) CPU [0%@1984,0%@1984,0%@1984,0%@1984,0%@1344,0%@1344,0%@1344,100%@1344] EMC_FREQ 0% GR3D_FREQ 22% GR3D2_FREQ 22%@0 CV0@55.687C CPU@58.468C SOC2@56.718C SOC0@57.718C CV1@55.625C GPU@56.281C tj@59.031C SOC1@59.031C CV2@55.968C
08-21-2026 20:00:02 RAM 4306/15389MB (lfb 1153x4MB) SWAP 0/7694MB (cached 0MB) CPU [0%@883,0%@1984,0%@1984,50%@1984,33%@1344,0%@1344,0%@1344,0%@1344] EMC_FREQ 0% GR3D_FREQ 22% GR3D2_FREQ 22%@0 CV0@55.687C CPU@58.437C SOC2@56.937C SOC0@57.687C CV1@55.656C GPU@56.437C tj@59.062C SOC1@59.156C CV2@56.093C
08-21-2026 20:00:02 RAM 4306/15389MB (lfb 1153x4MB) SWAP 0/7694MB (cached 0MB) CPU [0%@1984,0%@1984,0%@1984,0%@1984,0%@1344,0%@1344,0%@1344,100%@1344] EMC_FREQ 0% GR3D_FREQ 0% GR3D2_FREQ 0%@0 CV0@55.687C CPU@58.5C SOC2@56.937C SOC0@57.656C CV1@55.812C GPU@56.406C tj@59.062C SOC1@59.062C CV2@56.031C
08-21-2026 20:00:02 RAM 4306/15389MB (lfb 1153x4MB) SWAP 0/7694MB (cached 0MB) CPU [0%@1984,0%@1984,0%@1984,100%@1984,0%@1344,0%@1344,0%@1344,0%@1344] EMC_FREQ 0% GR3D_FREQ 0% GR3D2_FREQ 0%@0 CV0@55.593C CPU@58.406C SOC2@56.875C SOC0@57.687C CV1@55.781C GPU@56.062C tj@59C SOC1@59.125C CV2@56C
08-21-2026 20:00:02 RAM 4306/15389MB (lfb 1153x4MB) SWAP 0/7694MB (cached 0MB) CPU [50%@1036,0%@1036,50%@1036,0%@1036,0%@1344,0%@1344,0%@1344,50%@1344] EMC_FREQ 0% GR3D_FREQ 22% GR3D2_FREQ 22%@0 CV0@55.75C CPU@58.718C SOC2@56.687C SOC0@57.625C CV1@55.718C GPU@56.312C tj@59.062C SOC1@59.062C CV2@55.937C
08-21-2026 20:00:02 RAM 4306/15389MB (lfb 1153x4MB) SWAP 0/7694MB (cached 0MB) CPU [0%@1984,0%@1984,0%@1984,0%@1984,0%@1344,0%@1344,50%@1344,100%@1344] EMC_FREQ 0% GR3D_FREQ 19% GR3D2_FREQ 19%@0 CV0@55.718C CPU@58.562C SOC2@56.75C SOC0@57.562C CV1@55.593C GPU@56.187C tj@58.906C SOC1@58.906C CV2@55.937C
08-21-2026 20:00:02 RAM 4306/15389MB (lfb 1153x4MB) SWAP 0/7694MB (cached 0MB) CPU [0%@883,0%@883,0%@883,50%@883,0%@1420,0%@1420,0%@1420,0%@1420] EMC_FREQ 0% GR3D_FREQ 3% GR3D2_FREQ 3%@0 CV0@55.625C CPU@58.375C SOC2@56.687C SOC0@57.75C CV1@55.687C GPU@56.218C tj@59.156C SOC1@59.156C CV2@56C
08-21-2026 20:00:02 RAM 4306/15389MB (lfb 1153x4MB) SWAP 0/7694MB (cached 0MB) CPU [50%@1984,0%@1984,0%@1984,0%@1984,0%@1420,0%@1420,0%@1420,50%@1420] EMC_FREQ 0% GR3D_FREQ 3% GR3D2_FREQ 3%@0 CV0@55.718C CPU@58.531C SOC2@56.625C SOC0@57.75C CV1@55.593C GPU@56.218C tj@59.187C SOC1@59.187C CV2@56C
08-21-2026 20:00:02 RAM 4306/15389MB (lfb 1153x4MB) SWAP 0/7694MB (cached 0MB) CPU [0%@806,33%@806,0%@806,0%@806,0%@1344,0%@1344,50%@1344,0%@1344] EMC_FREQ 0% GR3D_FREQ 22% GR3D2_FREQ 22%@0 CV0@55.656C CPU@58.312C SOC2@56.718C SOC0@57.718C CV1@55.562C GPU@56.406C tj@59.093C SOC1@59.093C CV2@55.906C
08-21-2026 20:00:02 RAM 4306/15389MB (lfb 1153x4MB) SWAP 0/7694MB (cached 0MB) CPU [50%@729,0%@729,0%@729,0%@729,0%@1267,0%@1267,100%@1267,100%@1267] EMC_FREQ 0% GR3D_FREQ 0% GR3D2_FREQ 0%@0 CV0@55.625C CPU@58.593C SOC2@56.843C SOC0@57.687C CV1@55.625C GPU@56.187C tj@59.187C SOC1@59.187C CV2@56.093C
08-21-2026 20:00:02 RAM 4306/15389MB (lfb 1153x4MB) SWAP 0/7694MB (cached 0MB) CPU [0%@1984,0%@1984,0%@1984,50%@1984,0%@1267,0%@1267,0%@1267,0%@1267] EMC_FREQ 0% GR3D_FREQ 22% GR3D2_FREQ 22%@0 CV0@55.625C CPU@58.531C SOC2@56.937C SOC0@57.593C CV1@55.562C GPU@56.125C tj@59C SOC1@59C CV2@55.968C
08-21-2026 20:00:02 RAM 4306/15389MB (lfb 1153x4MB) SWAP 0/7694MB (cached 0MB) CPU [0%@1984,0%@1984,0%@1984,0%@1984,0%@1344,0%@1344,0%@1344,50%@1344] EMC_FREQ 0% GR3D_FREQ 22% GR3D2_FREQ 22%@0 CV0@55.656C CPU@58.468C SOC2@56.718C SOC0@57.593C CV1@55.531C GPU@56.312C tj@59C SOC1@59C CV2@55.968C
08-21-2026 20:00:02 RAM 4306/15389MB (lfb 1153x4MB) SWAP 0/7694MB (cached 0MB) CPU [0%@1984,50%@1984,0%@1984,0%@1984,0%@1344,0%@1344,0%@1344,100%@1344] EMC_FREQ 0% GR3D_FREQ 15% GR3D2_FREQ 15%@0 CV0@55.625C CPU@58.593C SOC2@56.781C SOC0@57.625C CV1@55.875C GPU@56.468C tj@58.937C SOC1@58.937C CV2@55.937C
08-21-2026 20:00:02 RAM 4306/15389MB (lfb 1153x4MB) SWAP 0/7694MB (cached 0MB) CPU [0%@1984,0%@1984,0%@1984,50%@1984,50%@1267,50%@1267,50%@1267,50%@1267] EMC_FREQ 0% GR3D_FREQ 4% GR3D2_FREQ 4%@0 CV0@55.781C CPU@58.562C SOC2@56.75C SOC0@57.625C CV1@55.687C GPU@56.468C tj@59.062C SOC1@59.062C CV2@55.875C
08-21-2026 20:00:02 RAM 4306/15389MB (lfb 1153x4MB) SWAP 0/7694MB (cached 0MB) CPU [0%@1984,0%@1984,0%@1984,0%@1984,0%@1420,0%@1420,0%@1420,50%@1420] EMC_FREQ 0% GR3D_FREQ 19% GR3D2_FREQ 19%@0 CV0@55.625C CPU@58.531C SOC2@56.656C SOC0@57.625C CV1@55.625C GPU@56.218C tj@58.937C SOC1@58.937C CV2@55.968C
08-21-2026 20:00:02 RAM 4306/15389MB (lfb 1153x4MB) SWAP 0/7694MB (cached 0MB) CPU [0%@1984,0%@1984,0%@1984,0%@1984,0%@1344,0%@1344,50%@1344,0%@1344] EMC_FREQ 0% GR3D_FREQ 19% GR3D2_FREQ 19%@0 CV0@55.718C CPU@58.531C SOC2@56.843C SOC0@57.656C CV1@55.625C GPU@56.437C tj@59.25C SOC1@59.25C CV2@56C
08-21-2026 20:00:02 RAM 4306/15389MB (lfb 1153x4MB) SWAP 0/7694MB (cached 0MB) CPU [0%@1984,50%@1984,0%@1984,0%@1984,0%@1420,0%@1420,0%@1420,50%@1420] EMC_FREQ 0% GR3D_FREQ 0% GR3D2_FREQ 0%@0 CV0@55.625C CPU@58.593C SOC2@56.718C SOC0@57.687C CV1@55.562C GPU@56.125C tj@59.125C SOC1@59.125C CV2@55.906C
08-21-2026 20:00:02 RAM 4306/15389MB (lfb 1153x4MB) SWAP 0/7694MB (cached 0MB) CPU [0%@1984,0%@1984,0%@1984,0%@1984,0%@1267,0%@1267,50%@1267,0%@1267] EMC_FREQ 0% GR3D_FREQ 23% GR3D2_FREQ 23%@0 CV0@55.656C CPU@58.531C SOC2@56.75C SOC0@57.656C CV1@55.656C GPU@56.375C tj@59.125C SOC1@59.125C CV2@56C
08-21-2026 20:00:02 RAM 4306/15389MB (lfb 1153x4MB) SWAP 0/7694MB (cached 0MB) CPU [0%@729,0%@729,50%@729,0%@729,0%@1420,50%@1420,50%@1420,0%@1420] EMC_FREQ 0% GR3D_FREQ 23% GR3D2_FREQ 23%@0 CV0@55.593C CPU@58.718C SOC2@56.968C SOC0@57.562C CV1@55.718C GPU@56.062C tj@59.156C SOC1@59.156C CV2@56C
08-21-2026 20:00:02 RAM 4306/15389MB (lfb 1153x4MB) SWAP 0/7694MB (cached 0MB) CPU [0%@1984,0%@1984,0%@1984,50%@1984,0%@1420,50%@1420,0%@1420,0%@1420] EMC_FREQ 0% GR3D_FREQ 22% GR3D2_FREQ 22%@0 CV0@55.656C CPU@58.75C SOC2@56.781C SOC0@57.625C CV1@55.875C GPU@56.156C tj@59C SOC1@59C CV2@55.937C
08-21-2026 20:00:02 RAM 4307/15389MB (lfb 1153x4MB) SWAP 0/7694MB (cached 0MB) CPU [50%@1984,0%@1984,0%@1984,0%@1984,50%@1267,0%@1267,50%@1267,0%@1267] EMC_FREQ 0% GR3D_FREQ 0% GR3D2_FREQ 0%@0 CV0@55.75C CPU@58.625C SOC2@56.875C SOC0@57.687C CV1@55.781C GPU@56.218C tj@59C SOC1@59.125C CV2@55.937C
08-21-2026 20:00:02 RAM 4306/15389MB (lfb 1153x4MB) SWAP 0/7694MB (cached 0MB) CPU [0%@960,0%@960,0%@960,0%@960,0%@1420,0%@1420,0%@1420,0%@1420] EMC_FREQ 0% GR3D_FREQ 0% GR3D2_FREQ 0%@0 CV0@55.812C CPU@58.656C SOC2@56.875C SOC0@57.843C CV1@55.781C GPU@56.343C tj@59C SOC1@59C CV2@56C
08-21-2026 20:00:02 RAM 4306/15389MB (lfb 1153x4MB) SWAP 0/7694MB (cached 0MB) CPU [0%@883,50%@883,0%@883,0%@883,0%@1344,50%@1344,0%@1344,0%@1344] EMC_FREQ 0% GR3D_FREQ 22% GR3D2_FREQ 22%@0 CV0@55.687C CPU@58.562C SOC2@56.718C SOC0@57.687C CV1@55.593C GPU@56.125C tj@58.937C SOC1@58.937C CV2@56C
08-21-2026 20:00:02 RAM 4306/15389MB (lfb 1153x4MB) SWAP 0/7694MB (cached 0MB) CPU [0%@960,0%@960,0%@960,0%@960,0%@1420,100%@1420,0%@1420,0%@1420] EMC_FREQ 0% GR3D_FREQ 4% GR3D2_FREQ 4%@0 CV0@55.656C CPU@58.531C SOC2@56.718C SOC0@57.687C CV1@55.593C GPU@56.343C tj@59.093C SOC1@59.093C CV2@55.843C
08-21-2026 20:00:02 RAM 4306/15389MB (lfb 1153x4MB) SWAP 0/7694MB (cached 0MB) CPU [0%@1984,0%@1984,0%@1984,0%@1984,0%@1344,0%@1344,0%@1344,0%@1344] EMC_FREQ 0% GR3D_FREQ 18% GR3D2_FREQ 18%@0 CV0@55.625C CPU@58.531C SOC2@56.75C SOC0@57.656C CV1@55.718C GPU@56.343C tj@59.062C SOC1@59.062C CV2@55.906C
08-21-2026 20:00:02 RAM 4306/15389MB (lfb 1153x4MB) SWAP 0/7694MB (cached 0MB) CPU [0%@960,0%@960,0%@960,0%@960,0%@1497,100%@1497,0%@1497,0%@1497] EMC_FREQ 0% GR3D_FREQ 18% GR3D2_FREQ 18%@0 CV0@55.687C CPU@58.437C SOC2@56.843C SOC0@57.687C CV1@55.687C GPU@56.468C tj@59C SOC1@59.156C CV2@56.062C
08-21-2026 20:00:02 RAM 4306/15389MB (lfb 1153x4MB) SWAP 0/7694MB (cached 0MB) CPU [0%@1984,50%@1984,50%@1984,0%@1984,0%@1267,50%@1267,0%@1267,0%@1267] EMC_FREQ 0% GR3D_FREQ 19% GR3D2_FREQ 19%@0 CV0@55.687C CPU@58.843C SOC2@56.718C SOC0@57.562C CV1@55.625C GPU@56.187C tj@59.031C SOC1@59.031C CV2@55.968C
08-21-2026 20:00:02 RAM 4306/15389MB (lfb 1153x4MB) SWAP 0/7694MB (cached 0MB) CPU [0%@806,0%@806,0%@806,0%@806,0%@1420,0%@1420,0%@1420,0%@1420] EMC_FREQ 0% GR3D_FREQ 0% GR3D2_FREQ 0%@0 CV0@55.75C CPU@58.718C SOC2@56.781C SOC0@57.5C CV1@55.75C GPU@56.187C tj@59.156C SOC1@59.156C CV2@56.031C
08-21-2026 20:00:02 RAM 4306/15389MB (lfb 1153x4MB) SWAP 0/7694MB (cached 0MB) CPU [0%@1984,0%@1984,0%@1984,0%@1984,0%@1420,0%@1420,0%@1420,0%@1420] EMC_FREQ 0% GR3D_FREQ 23% GR3D2_FREQ 23%@0 CV0@55.687C CPU@58.718C SOC2@56.781C SOC0@57.562C CV1@55.781C GPU@56.312C tj@58.937C SOC1@58.937C CV2@56C
08-21-2026 20:00:02 RAM 4306/15389MB (lfb 1153x4MB) SWAP 0/7694MB (cached 0MB) CPU [50%@1984,100%@1984,0%@1984,0%@1984,0%@1344,100%@1344,0%@1344,0%@1344] EMC_FREQ 0% GR3D_FREQ 23% GR3D2_FREQ 23%@0 CV0@55.75C CPU@58.687C SOC2@56.843C SOC0@57.687C CV1@55.75C GPU@56.187C tj@59.031C SOC1@59.031C CV2@55.937C
08-21-2026 20:00:02 RAM 4306/15389MB (lfb 1153x4MB) SWAP 0/7694MB (cached 0MB) CPU [0%@960,50%@960,0%@960,0%@960,0%@1344,0%@1344,0%@1344,0%@1420] EMC_FREQ 0% GR3D_FREQ 20% GR3D2_FREQ 20%@0 CV0@55.875C CPU@58.656C SOC2@56.843C SOC0@57.531C CV1@55.718C GPU@56.531C tj@58.968C SOC1@58.968C CV2@55.968C
08-21-2026 20:00:02 RAM 4306/15389MB (lfb 1153x4MB) SWAP 0/7694MB (cached 0MB) CPU [0%@1984,0%@1984,0%@1984,0%@1984,0%@1344,0%@1344,50%@1344,0%@1344] EMC_FREQ 0% GR3D_FREQ 2% GR3D2_FREQ 2%@0 CV0@55.812C CPU@58.562C SOC2@56.843C SOC0@57.593C CV1@55.75C GPU@56.187C tj@58.937C SOC1@58.937C CV2@56C
08-21-2026 20:00:02 RAM 4306/15389MB (lfb 1153x4MB) SWAP 0/7694MB (cached 0MB) CPU [0%@960,0%@960,0%@960,50%@960,0%@1344,0%@1344,0%@1344,50%@1344] EMC_FREQ 0% GR3D_FREQ 23% GR3D2_FREQ 23%@0 CV0@55.75C CPU@58.562C SOC2@56.875C SOC0@57.843C CV1@55.687C GPU@56.406C tj@58.906C SOC1@58.906C CV2@55.968C
08-21-2026 20:00:02 RAM 4306/15389MB (lfb 1153x4MB) SWAP 0/7694MB (cached 0MB) CPU [0%@1984,0%@1984,0%@1984,0%@1984,0%@1344,0%@1344,100%@1344,0%@1344] EMC_FREQ 0% GR3D_FREQ 23% GR3D2_FREQ 23%@0 CV0@55.718C CPU@58.562C SOC2@56.75C SOC0@57.75C CV1@55.625C GPU@56.343C tj@59.187C SOC1@59.187C CV2@55.843C
08-21-2026 20:00:02 RAM 4306/15389MB (lfb 1153x4MB) SWAP 0/7694MB (cached 0MB) CPU [66%@1984,0%@1984,0%@1984,0%@1984,0%@1497,0%@1497,50%@1497,0%@1497] EMC_FREQ 0% GR3D_FREQ 4% GR3D2_FREQ 4%@0 CV0@55.656C CPU@58.468C SOC2@56.875C SOC0@57.718C CV1@55.718C GPU@56.125C tj@59.187C SOC1@59.187C CV2@55.968C
08-21-2026 20:00:02 RAM 4306/15389MB (lfb 1153x4MB) SWAP 0/7694MB (cached 0MB) CPU [0%@1984,0%@1984,50%@1984,0%@1984,0%@1420,0%@1420,0%@1420,0%@1420] EMC_FREQ 0% GR3D_FREQ 15% GR3D2_FREQ 15%@0 CV0@55.625C CPU@58.406C SOC2@56.781C SOC0@57.718C CV1@55.718C GPU@56.281C tj@59.125C SOC1@59.125C CV2@56.093C
08-21-2026 20:00:03 RAM 4306/15389MB (lfb 1153x4MB) SWAP 0/7694MB (cached 0MB) CPU [0%@1984,100%@1984,0%@1984,0%@1984,50%@1420,0%@1420,50%@1420,0%@1420] EMC_FREQ 0% GR3D_FREQ 20% GR3D2_FREQ 20%@0 CV0@55.625C CPU@58.812C SOC2@56.843C SOC0@57.625C CV1@55.812C GPU@56.125C tj@59.125C SOC1@59.125C CV2@56.062C
08-21-2026 20:00:03 RAM 4307/15389MB (lfb 1153x4MB) SWAP 0/7694MB (cached 0MB) CPU [0%@1984,50%@1984,0%@1984,0%@1984,0%@1267,0%@1267,0%@1267,50%@1267] EMC_FREQ 0% GR3D_FREQ 20% GR3D2_FREQ 20%@0 CV0@55.687C CPU@58.625C SOC2@56.968C SOC0@57.593C CV1@55.812C GPU@56.375C tj@59.093C SOC1@59.093C CV2@56.031C
08-21-2026 20:00:03 RAM 4307/15389MB (lfb 1153x4MB) SWAP 0/7694MB (cached 0MB) CPU [0%@960,0%@1984,0%@1984,0%@1984,0%@1420,0%@1420,100%@1420,0%@1420] EMC_FREQ 0% GR3D_FREQ 0% GR3D2_FREQ 0%@0 CV0@55.875C CPU@58.718C SOC2@56.843C SOC0@57.656C CV1@55.718C GPU@56.218C tj@58.906C SOC1@58.906C CV2@55.937C
08-21-2026 20:00:03 RAM 4307/15389MB (lfb 1153x4MB) SWAP 0/7694MB (cached 0MB) CPU [50%@1984,0%@1984,0%@1984,0%@1984,0%@1420,0%@1420,50%@1420,0%@1420] EMC_FREQ 0% GR3D_FREQ 22% GR3D2_FREQ 22%@0 CV0@55.781C CPU@58.593C SOC2@56.875C SOC0@57.625C CV1@55.718C GPU@56.375C tj@59C SOC1@59C CV2@56C
08-21-2026 20:00:03 RAM 4307/15389MB (lfb 1153x4MB) SWAP 0/7694MB (cached 0MB) CPU [0%@1984,0%@1984,0%@1984,0%@1984,0%@1420,0%@1420,50%@1420,0%@1420] EMC_FREQ 0% GR3D_FREQ 22% GR3D2_FREQ 22%@0 CV0@55.781C CPU@58.687C SOC2@56.875C SOC0@57.562C CV1@55.781C GPU@56.187C tj@58.937C SOC1@58.937C CV2@55.875C
08-21-2026 20:00:03 RAM 4307/15389MB (lfb 1153x4MB) SWAP 0/7694MB (cached 0MB) CPU [0%@960,0%@960,0%@960,0%@960,0%@1420,0%@1420,0%@1420,0%@1420] EMC_FREQ 0% GR3D_FREQ 22% GR3D2_FREQ 22%@0 CV0@55.687C CPU@58.562C SOC2@56.875C SOC0@57.718C CV1@55.656C GPU@56.156C tj@59.218C SOC1@59.218C CV2@55.968C
08-21-2026 20:00:03 RAM 4307/15389MB (lfb 1153x4MB) SWAP 0/7694MB (cached 0MB) CPU [0%@1984,50%@1984,0%@1984,0%@1984,0%@1344,0%@1344,100%@1344,0%@1344] EMC_FREQ 0% GR3D_FREQ 0% GR3D2_FREQ 0%@0 CV0@55.656C CPU@58.406C SOC2@56.812C SOC0@57.718C CV1@55.656C GPU@56.093C tj@59.218C SOC1@59.218C CV2@55.781C
08-21-2026 20:00:03 RAM 4307/15389MB (lfb 1153x4MB) SWAP 0/7694MB (cached 0MB) CPU [50%@960,0%@960,50%@960,0%@960,0%@1267,0%@1267,50%@1267,0%@1267] EMC_FREQ 0% GR3D_FREQ 23% GR3D2_FREQ 23%@0 CV0@55.656C CPU@58.5C SOC2@56.937C SOC0@57.625C CV1@55.656C GPU@56.218C tj@59.25C SOC1@59.25C CV2@55.906C
08-21-2026 20:00:03 RAM 4307/15389MB (lfb 1153x4MB) SWAP 0/7694MB (cached 0MB) CPU [0%@1984,50%@1984,0%@1984,0%@1984,50%@1344,0%@1344,0%@1344,0%@1344] EMC_FREQ 0% GR3D_FREQ 1% GR3D2_FREQ 1%@0 CV0@55.781C CPU@58.437C SOC2@56.75C SOC0@57.593C CV1@55.625C GPU@56.468C tj@59.187C SOC1@59.187C CV2@56.093C
08-21-2026 20:00:03 RAM 4307/15389MB (lfb 1153x4MB) SWAP 0/7694MB (cached 0MB) CPU [50%@806,0%@806,0%@806,0%@806,0%@1267,0%@1267,0%@1267,0%@1267] EMC_FREQ 0% GR3D_FREQ 1% GR3D2_FREQ 1%@0 CV0@55.562C CPU@58.312C SOC2@56.906C SOC0@57.656C CV1@55.718C GPU@56.187C tj@59.187C SOC1@59.187C CV2@56.031C
08-21-2026 20:00:03 RAM 4307/15389MB (lfb 1153x4MB) SWAP 0/7694MB (cached 0MB) CPU [0%@883,0%@883,50%@883,0%@883,0%@1344,0%@1344,50%@1344,0%@1344] EMC_FREQ 0% GR3D_FREQ 18% GR3D2_FREQ 18%@0 CV0@55.656C CPU@58.312C SOC2@56.812C SOC0@57.593C CV1@55.562C GPU@56.343C tj@59.125C SOC1@59.125C CV2@55.968C
08-21-2026 20:00:03 RAM 4307/15389MB (lfb 1153x4MB) SWAP 0/7694MB (cached 0MB) CPU [0%@729,50%@729,0%@729,0%@729,0%@1420,0%@1420,0%@1420,0%@1420] EMC_FREQ 0% GR3D_FREQ 23% GR3D2_FREQ 23%@0 CV0@55.656C CPU@58.781C SOC2@56.906C SOC0@57.656C CV1@55.812C GPU@56.25C tj@59.062C SOC1@59.062C CV2@56C
08-21-2026 20:00:03 RAM 4306/15389MB (lfb 1153x4MB) SWAP 0/7694MB (cached 0MB) CPU [50%@1984,50%@1984,0%@1984,0%@1984,0%@1267,0%@1267,0%@1267,0%@1267] EMC_FREQ 0% GR3D_FREQ 0% GR3D2_FREQ 0%@0 CV0@55.718C CPU@58.656C SOC2@56.937C SOC0@57.562C CV1@55.781C GPU@56.5C tj@58.968C SOC1@58.968C CV2@55.968C
08-21-2026 20:00:03 RAM 4306/15389MB (lfb 1153x4MB) SWAP 0/7694MB (cached 0MB) CPU [0%@1984,0%@1984,0%@1984,50%@1984,0%@1420,0%@1420,100%@1420,0%@1420] EMC_FREQ 0% GR3D_FREQ 0% GR3D2_FREQ 0%@0 CV0@55.75C CPU@58.718C SOC2@56.875C SOC0@57.593C CV1@55.75C GPU@56.187C tj@59.125C SOC1@59.125C CV2@55.937C
08-21-2026 20:00:03 RAM 4307/15389MB (lfb 1153x4MB) SWAP 0/7694MB (cached 0MB) CPU [0%@1984,0%@1984,0%@1984,0%@1984,0%@1190,0%@1190,0%@1190,0%@1190] EMC_FREQ 0% GR3D_FREQ 22% GR3D2_FREQ 22%@0 CV0@55.75C CPU@58.562C SOC2@56.75C SOC0@57.593C CV1@55.687C GPU@56.156C tj@58.906C SOC1@58.906C CV2@55.875C
08-21-2026 20:00:03 RAM 4307/15389MB (lfb 1153x4MB) SWAP 0/7694MB (cached 0MB) CPU [0%@1984,0%@1984,50%@1984,0%@1984,0%@1420,0%@1420,100%@1420,0%@1420] EMC_FREQ 0% GR3D_FREQ 7% GR3D2_FREQ 7%@0 CV0@55.656C CPU@58.562C SOC2@56.812C SOC0@57.531C CV1@55.656C GPU@56.406C tj@59.375C SOC1@59C CV2@55.875C
08-21-2026 20:00:03 RAM 4307/15389MB (lfb 1153x4MB) SWAP 0/7694MB (cached 0MB) CPU [0%@1984,0%@1984,0%@1984,0%@1984,0%@1267,0%@1267,0%@1267,0%@1267] EMC_FREQ 0% GR3D_FREQ 7% GR3D2_FREQ 15%@0 CV0@55.718C CPU@58.593C SOC2@56.843C SOC0@57.75C CV1@55.687C GPU@56.187C tj@59.25C SOC1@59.25C CV2@55.906C
08-21-2026 20:00:03 RAM 4307/15389MB (lfb 1153x4MB) SWAP 0/7694MB (cached 0MB) CPU [0%@883,100%@883,0%@883,0%@883,0%@1267,0%@1267,100%@1267,0%@1267] EMC_FREQ 0% GR3D_FREQ 15% GR3D2_FREQ 15%@0 CV0@55.687C CPU@58.437C SOC2@56.718C SOC0@57.656C CV1@55.625C GPU@56.093C tj@59.187C SOC1@59.187C CV2@55.968C
08-21-2026 20:00:03 RAM 4307/15389MB (lfb 1153x4MB) SWAP 0/7694MB (cached 0MB) CPU [0%@960,0%@960,0%@960,0%@960,0%@1267,0%@1267,50%@1267,0%@1267] EMC_FREQ 0% GR3D_FREQ 22% GR3D2_FREQ 22%@0 CV0@55.625C CPU@58.5C SOC2@56.812C SOC0@57.718C CV1@55.687C GPU@56.25C tj@59.093C SOC1@59.093C CV2@56.062C
08-21-2026 20:00:03 RAM 4307/15389MB (lfb 1153x4MB) SWAP 0/7694MB (cached 0MB) CPU [0%@729,0%@729,0%@729,0%@729,0%@1267,0%@1267,0%@1267,0%@1267] EMC_FREQ 0% GR3D_FREQ 0% GR3D2_FREQ 0%@0 CV0@55.531C CPU@58.5C SOC2@56.812C SOC0@57.718C CV1@55.625C GPU@56.218C tj@59.187C SOC1@59.187C CV2@56.031C
08-21-2026 20:00:03 RAM 4307/15389MB (lfb 1153x4MB) SWAP 0/7694MB (cached 0MB) CPU [50%@1984,50%@1984,0%@1984,50%@1984,0%@1344,0%@1344,0%@1344,0%@1344] EMC_FREQ 0% GR3D_FREQ 0% GR3D2_FREQ 19%@0 CV0@55.656C CPU@58.375C SOC2@56.718C SOC0@57.656C CV1@55.562C GPU@56.375C tj@59.125C SOC1@59.125C CV2@55.937C
08-21-2026 20:00:03 RAM 4307/15389MB (lfb 1153x4MB) SWAP 0/7694MB (cached 0MB) CPU [50%@1984,0%@1984,0%@1984,0%@1984,0%@1344,0%@1344,50%@1344,0%@1344] EMC_FREQ 0% GR3D_FREQ 19% GR3D2_FREQ 19%@0 CV0@55.656C CPU@58.781C SOC2@56.906C SOC0@57.687C CV1@55.812C GPU@56.187C tj@59.093C SOC1@59.062C CV2@56.031C
08-21-2026 20:00:03 RAM 4307/15389MB (lfb 1153x4MB) SWAP 0/7694MB (cached 0MB) CPU [0%@883,50%@883,50%@883,0%@883,0%@1420,0%@1420,0%@1420,0%@1420] EMC_FREQ 0% GR3D_FREQ 13% GR3D2_FREQ 13%@0 CV0@55.718C CPU@58.625C SOC2@56.968C SOC0@57.625C CV1@55.906C GPU@56.281C tj@59C SOC1@59C CV2@56C
08-21-2026 20:00:03 RAM 4307/15389MB (lfb 1153x4MB) SWAP 0/7694MB (cached 0MB) CPU [0%@729,0%@729,0%@729,0%@729,0%@1344,0%@1344,0%@1344,0%@1344] EMC_FREQ 0% GR3D_FREQ 6% GR3D2_FREQ 6%@0 CV0@55.781C CPU@58.687C SOC2@56.843C SOC0@57.625C CV1@55.75C GPU@56.25C tj@59.062C SOC1@59.062C CV2@56.031C
08-21-2026 20:00:03 RAM 4307/15389MB (lfb 1153x4MB) SWAP 0/7694MB (cached 0MB) CPU [50%@960,0%@960,50%@960,0%@960,50%@1420,0%@1420,50%@1420,0%@1420] EMC_FREQ 0% GR3D_FREQ 6% GR3D2_FREQ 6%@0 CV0@55.843C CPU@58.625C SOC2@56.781C SOC0@57.562C CV1@55.625C GPU@56.5C tj@59.062C SOC1@59.062C CV2@56C
08-21-2026 20:00:03 RAM 4307/15389MB (lfb 1153x4MB) SWAP 0/7694MB (cached 0MB) CPU [0%@1984,0%@1984,0%@1984,0%@1984,0%@1344,0%@1344,50%@1344,0%@1344] EMC_FREQ 0% GR3D_FREQ 22% GR3D2_FREQ 22%@0 CV0@55.718C CPU@58.5C SOC2@56.843C SOC0@57.625C CV1@55.75C GPU@56.343C tj@59.281C SOC1@59.062C CV2@55.937C
08-21-2026 20:00:03 RAM 4306/15389MB (lfb 1153x4MB) SWAP 0/7694MB (cached 0MB) CPU [50%@1984,0%@1984,0%@1984,0%@1984,0%@1420,0%@1420,100%@1420,0%@1420] EMC_FREQ 0% GR3D_FREQ 0% GR3D2_FREQ 0%@0 CV0@55.687C CPU@58.625C SOC2@56.781C SOC0@57.687C CV1@55.625C GPU@56.125C tj@59.125C SOC1@59.125C CV2@55.937C
08-21-2026 20:00:03 RAM 4306/15389MB (lfb 1153x4MB) SWAP 0/7694MB (cached 0MB) CPU [0%@1984,0%@1984,0%@1984,0%@1984,50%@1267,0%@1267,0%@1267,0%@1267] EMC_FREQ 0% GR3D_FREQ 22% GR3D2_FREQ 22%@0 CV0@55.718C CPU@58.375C SOC2@56.687C SOC0@57.687C CV1@55.593C GPU@56.312C tj@59.031C SOC1@59.031C CV2@55.906C
08-21-2026 20:00:03 RAM 4307/15389MB (lfb 1153x4MB) SWAP 0/7694MB (cached 0MB) CPU [0%@1984,0%@1984,50%@1984,0%@1984,0%@1344,0%@1344,0%@1344,0%@1344] EMC_FREQ 0% GR3D_FREQ 22% GR3D2_FREQ 22%@0 CV0@55.625C CPU@58.343C SOC2@56.687C SOC0@57.718C CV1@55.625C GPU@56.093C tj@59.156C SOC1@59.156C CV2@56C
08-21-2026 20:00:03 RAM 4307/15389MB (lfb 1153x4MB) SWAP 0/7694MB (cached 0MB) CPU [50%@1984,0%@1984,100%@1984,0%@1984,0%@1420,0%@1420,50%@1420,0%@1420] EMC_FREQ 0% GR3D_FREQ 21% GR3D2_FREQ 21%@0 CV0@55.593C CPU@58.468C SOC2@56.875C SOC0@57.687C CV1@55.625C GPU@56.187C tj@59.062C SOC1@59.062C CV2@56.031C
08-21-2026 20:00:03 RAM 4307/15389MB (lfb 1153x4MB) SWAP 0/7694MB (cached 0MB) CPU [0%@806,50%@806,50%@806,0%@806,0%@1344,0%@1344,0%@1344,0%@1344] EMC_FREQ 0% GR3D_FREQ 1% GR3D2_FREQ 1%@0 CV0@55.562C CPU@58.312C SOC2@57C SOC0@57.718C CV1@55.593C GPU@56.218C tj@59.156C SOC1@59.156C CV2@56.031C
08-21-2026 20:00:03 RAM 4307/15389MB (lfb 1153x4MB) SWAP 0/7694MB (cached 0MB) CPU [0%@1984,0%@1984,0%@1984,0%@1984,0%@1420,0%@1420,50%@1420,0%@1420] EMC_FREQ 0% GR3D_FREQ 22% GR3D2_FREQ 22%@0 CV0@55.593C CPU@58.781C SOC2@56.937C SOC0@57.562C CV1@55.843C GPU@56.468C tj@59.093C SOC1@59.093C CV2@55.968C
08-21-2026 20:00:03 RAM 4307/15389MB (lfb 1153x4MB) SWAP 0/7694MB (cached 0MB) CPU [0%@1036,0%@1036,0%@1036,0%@1036,0%@1344,0%@1344,100%@1344,0%@1344] EMC_FREQ 0% GR3D_FREQ 22% GR3D2_FREQ 22%@0 CV0@55.593C CPU@58.687C SOC2@56.812C SOC0@57.718C CV1@55.687C GPU@56.343C tj@59.062C SOC1@59.062C CV2@55.937C
08-21-2026 20:00:03 RAM 4307/15389MB (lfb 1153x4MB) SWAP 0/7694MB (cached 0MB) CPU [0%@883,0%@883,0%@883,0%@883,0%@1420,0%@1420,0%@1420,0%@1420] EMC_FREQ 0% GR3D_FREQ 0% GR3D2_FREQ 0%@0 CV0@55.75C CPU@58.625C SOC2@56.937C SOC0@57.531C CV1@55.687C GPU@56.25C tj@59.062C SOC1@59.062C CV2@56.062C
08-21-2026 20:00:03 RAM 4307/15389MB (lfb 1153x4MB) SWAP 0/7694MB (cached 0MB) CPU [0%@1984,50%@1984,50%@1984,0%@1984,0%@1344,0%@1344,50%@1344,0%@1344] EMC_FREQ 0% GR3D_FREQ 23% GR3D2_FREQ 23%@0 CV0@55.781C CPU@58.562C SOC2@56.812C SOC0@57.531C CV1@55.625C GPU@56.281C tj@59.062C SOC1@59.062C CV2@56C
08-21-2026 20:00:03 RAM 4307/15389MB (lfb 1153x4MB) SWAP 0/7694MB (cached 0MB) CPU [0%@1984,50%@1984,0%@1984,0%@1984,0%@1344,0%@1344,100%@1344,0%@1344] EMC_FREQ 0% GR3D_FREQ 14% GR3D2_FREQ 14%@0 CV0@55.75C CPU@58.656C SOC2@56.75C SOC0@57.656C CV1@55.656C GPU@56.093C tj@58.937C SOC1@58.937C CV2@55.968C
08-21-2026 20:00:03 RAM 4307/15389MB (lfb 1153x4MB) SWAP 0/7694MB (cached 0MB) CPU [0%@1984,0%@1984,0%@1984,50%@1984,0%@1344,0%@1344,0%@1344,0%@1344] EMC_FREQ 0% GR3D_FREQ 14% GR3D2_FREQ 14%@0 CV0@55.687C CPU@58.593C SOC2@56.687C SOC0@57.625C CV1@55.593C GPU@56.468C tj@59.218C SOC1@59.218C CV2@55.968C
08-21-2026 20:00:03 RAM 4307/15389MB (lfb 1153x4MB) SWAP 0/7694MB (cached 0MB) CPU [50%@960,0%@960,100%@960,0%@960,0%@1267,0%@1267,50%@1267,0%@1267] EMC_FREQ 0% GR3D_FREQ 8% GR3D2_FREQ 8%@0 CV0@55.656C CPU@58.437C SOC2@56.687C SOC0@57.718C CV1@55.625C GPU@56.187C tj@59.093C SOC1@59.093C CV2@55.843C
08-21-2026 20:00:03 RAM 4307/15389MB (lfb 1153x4MB) SWAP 0/7694MB (cached 0MB) CPU [0%@1984,0%@1984,0%@1984,0%@1984,0%@1420,0%@1420,100%@1420,0%@1420] EMC_FREQ 0% GR3D_FREQ 22% GR3D2_FREQ 22%@0 CV0@55.656C CPU@58.312C SOC2@56.843C SOC0@57.656C CV1@55.687C GPU@56.375C tj@59.031C SOC1@59.031C CV2@56.062C
08-21-2026 20:00:03 RAM 4307/15389MB (lfb 1153x4MB) SWAP 0/7694MB (cached 0MB) CPU [0%@806,0%@806,50%@806,0%@806,0%@1344,0%@1344,0%@1344,0%@1344] EMC_FREQ 0% GR3D_FREQ 22% GR3D2_FREQ 0%@0 CV0@55.625C CPU@58.437C SOC2@56.906C SOC0@57.656C CV1@55.656C GPU@56.406C tj@59.125C SOC1@59.125C CV2@55.968C
08-21-2026 20:00:03 RAM 4307/15389MB (lfb 1153x4MB) SWAP 0/7694MB (cached 0MB) CPU [0%@1984,0%@1984,0%@1984,0%@1984,0%@1420,0%@1420,50%@1420,0%@1420] EMC_FREQ 0% GR3D_FREQ 0% GR3D2_FREQ 0%@0 CV0@55.656C CPU@58.343C SOC2@56.875C SOC0@57.687C CV1@55.656C GPU@56.187C tj@58.968C SOC1@58.968C CV2@55.968C
08-21-2026 20:00:03 RAM 4307/15389MB (lfb 1153x4MB) SWAP 0/7694MB (cached 0MB) CPU [0%@960,50%@960,0%@960,0%@960,0%@1267,0%@1267,50%@1267,0%@1267] EMC_FREQ 0% GR3D_FREQ 22% GR3D2_FREQ 22%@0 CV0@55.718C CPU@58.343C SOC2@56.843C SOC0@57.531C CV1@55.781C GPU@56.281C tj@59.031C SOC1@59.031C CV2@55.968C
08-21-2026 20:00:03 RAM 4307/15389MB (lfb 1153x4MB) SWAP 0/7694MB (cached 0MB) CPU [0%@729,0%@729,50%@729,0%@729,0%@1420,0%@1420,100%@1420,0%@1420] EMC_FREQ 0% GR3D_FREQ 7% GR3D2_FREQ 7%@0 CV0@55.562C CPU@58.781C SOC2@56.781C SOC0@57.656C CV1@55.781C GPU@56.531C tj@58.968C SOC1@58.968C CV2@55.937C
08-21-2026 20:00:03 RAM 4307/15389MB (lfb 1153x4MB) SWAP 0/7694MB (cached 0MB) CPU [0%@1984,0%@1984,100%@1984,0%@1984,0%@1267,0%@1267,0%@1267,50%@1267] EMC_FREQ 0% GR3D_FREQ 7% GR3D2_FREQ 15%@0 CV0@55.781C CPU@58.718C SOC2@56.875C SOC0@57.562C CV1@55.781C GPU@56.468C tj@59.125C SOC1@59.125C CV2@55.937C
08-21-2026 20:00:03 RAM 4307/15389MB (lfb 1153x4MB) SWAP 0/7694MB (cached 0MB) CPU [50%@1984,0%@1984,0%@1984,0%@1984,33%@1344,0%@1344,100%@1344,0%@1344] EMC_FREQ 0% GR3D_FREQ 15% GR3D2_FREQ 15%@0 CV0@55.718C CPU@58.625C SOC2@56.906C SOC0@57.781C CV1@55.656C GPU@56.156C tj@59.062C SOC1@59.062C CV2@55.968C
08-21-2026 20:00:03 RAM 4307/15389MB (lfb 1153x4MB) SWAP 0/7694MB (cached 0MB) CPU [0%@1984,0%@1984,0%@1984,0%@1984,0%@1420,0%@1420,0%@1420,0%@1420] EMC_FREQ 0% GR3D_FREQ 23% GR3D2_FREQ 23%@0 CV0@55.562C CPU@58.5C SOC2@56.781C SOC0@57.812C CV1@55.593C GPU@56.375C tj@58.937C SOC1@58.937C CV2@55.875C
08-21-2026 20:00:03 RAM 4307/15389MB (lfb 1153x4MB) SWAP 0/7694MB (cached 0MB) CPU [0%@1984,0%@1984,50%@1984,0%@1984,0%@1344,0%@1344,50%@1344,0%@1344] EMC_FREQ 0% GR3D_FREQ 0% GR3D2_FREQ 0%@0 CV0@55.687C CPU@58.406C SOC2@56.781C SOC0@57.593C CV1@55.593C GPU@56.343C tj@59.25C SOC1@59.25C CV2@55.906C
08-21-2026 20:00:03 RAM 4307/15389MB (lfb 1153x4MB) SWAP 0/7694MB (cached 0MB) CPU [0%@1984,0%@1984,0%@1984,0%@1984,0%@1344,0%@1344,0%@1344,0%@1344] EMC_FREQ 0% GR3D_FREQ 0% GR3D2_FREQ 0%@0 CV0@55.593C CPU@58.5C SOC2@56.843C SOC0@57.656C CV1@55.593C GPU@56.187C tj@59.25C SOC1@59.25C CV2@55.875C
08-21-2026 20:00:03 RAM 4307/15389MB (lfb 1153x4MB) SWAP 0/7694MB (cached 0MB) CPU [0%@883,0%@883,0%@883,0%@883,0%@1344,0%@1344,100%@1344,0%@1344] EMC_FREQ 0% GR3D_FREQ 23% GR3D2_FREQ 23%@0 CV0@55.625C CPU@58.406C SOC2@56.906C SOC0@57.687C CV1@55.625C GPU@56.281C tj@59.093C SOC1@59.093C CV2@56.031C
08-21-2026 20:00:03 RAM 4307/15389MB (lfb 1153x4MB) SWAP 0/7694MB (cached 0MB) CPU [0%@1036,50%@1036,100%@1036,0%@1036,0%@1420,0%@1420,50%@1420,0%@1420] EMC_FREQ 0% GR3D_FREQ 23% GR3D2_FREQ 23%@0 CV0@55.531C CPU@58.343C SOC2@56.812C SOC0@57.687C CV1@55.718C GPU@56.468C tj@59.062C SOC1@59.062C CV2@55.906C
08-21-2026 20:00:03 RAM 4307/15389MB (lfb 1153x4MB) SWAP 0/7694MB (cached 0MB) CPU [50%@1984,33%@1984,0%@1984,0%@1984,0%@1190,0%@1190,0%@1190,0%@1190] EMC_FREQ 0% GR3D_FREQ 2% GR3D2_FREQ 2%@0 CV0@55.531C CPU@58.343C SOC2@56.781C SOC0@57.593C CV1@55.656C GPU@56.343C tj@59.062C SOC1@59.062C CV2@55.968C
08-21-2026 20:00:03 RAM 4307/15389MB (lfb 1153x4MB) SWAP 0/7694MB (cached 0MB) CPU [0%@1984,0%@1984,50%@1984,0%@1984,0%@1344,0%@1344,100%@1344,0%@1344] EMC_FREQ 0% GR3D_FREQ 2% GR3D2_FREQ 2%@0 CV0@55.718C CPU@58.562C SOC2@56.875C SOC0@57.625C CV1@55.625C GPU@56.156C tj@59C SOC1@59C CV2@56C
08-21-2026 20:00:03 RAM 4307/15389MB (lfb 1153x4MB) SWAP 0/7694MB (cached 0MB) CPU [50%@1984,0%@1984,0%@1984,0%@1984,0%@1344,0%@1344,0%@1344,0%@1344] EMC_FREQ 0% GR3D_FREQ 22% GR3D2_FREQ 22%@0 CV0@55.687C CPU@58.437C SOC2@56.75C SOC0@57.687C CV1@55.656C GPU@56.281C tj@58.968C SOC1@58.968C CV2@55.781C
08-21-2026 20:00:03 RAM 4307/15389MB (lfb 1153x4MB) SWAP 0/7694MB (cached 0MB) CPU [0%@883,0%@883,50%@883,50%@883,0%@1267,0%@1267,66%@1267,0%@1267] EMC_FREQ 0% GR3D_FREQ 0% GR3D2_FREQ 0%@0 CV0@55.718C CPU@58.437C SOC2@56.812C SOC0@57.687C CV1@55.593C GPU@56.062C tj@59.343C SOC1@59.343C CV2@55.937C
08-21-2026 20:00:03 RAM 4307/15389MB (lfb 1153x4MB) SWAP 0/7694MB (cached 0MB) CPU [0%@1984,0%@1984,0%@1984,0%@1984,0%@1267,0%@1267,100%@1267,0%@1267] EMC_FREQ 0% GR3D_FREQ 20% GR3D2_FREQ 20%@0 CV0@55.625C CPU@58.375C SOC2@56.812C SOC0@57.812C CV1@55.593C GPU@56.25C tj@59.093C SOC1@59.093C CV2@55.812C
08-21-2026 20:00:03 RAM 4307/15389MB (lfb 1153x4MB) SWAP 0/7694MB (cached 0MB) CPU [33%@960,0%@960,50%@960,0%@960,0%@1267,0%@1267,50%@1267,33%@1267] EMC_FREQ 0% GR3D_FREQ 20% GR3D2_FREQ 20%@0 CV0@55.531C CPU@58.5C SOC2@56.781C SOC0@57.625C CV1@55.562C GPU@56.187C tj@59.062C SOC1@59.062C CV2@55.812C
08-21-2026 20:00:03 RAM 4307/15389MB (lfb 1153x4MB) SWAP 0/7694MB (cached 0MB) CPU [0%@1984,0%@1984,0%@1984,0%@1984,0%@1420,0%@1420,50%@1420,0%@1420] EMC_FREQ 0% GR3D_FREQ 10% GR3D2_FREQ 10%@0 CV0@55.718C CPU@58.343C SOC2@56.968C SOC0@57.687C CV1@55.562C GPU@56.406C tj@59.156C SOC1@59.156C CV2@56C
08-21-2026 20:00:03 RAM 4307/15389MB (lfb 1153x4MB) SWAP 0/7694MB (cached 0MB) CPU [0%@1984,0%@1984,0%@1984,0%@1984,0%@1344,0%@1344,0%@1344,0%@1344] EMC_FREQ 0% GR3D_FREQ 12% GR3D2_FREQ 12%@0 CV0@55.562C CPU@58.375C SOC2@56.875C SOC0@57.625C CV1@55.625C GPU@56.187C tj@59.125C SOC1@59.125C CV2@55.968C
08-21-2026 20:00:03 RAM 4307/15389MB (lfb 1153x4MB) SWAP 0/7694MB (cached 0MB) CPU [0%@1984,0%@1984,100%@1984,0%@1984,0%@1420,0%@1420,50%@1420,0%@1420] EMC_FREQ 0% GR3D_FREQ 12% GR3D2_FREQ 12%@0 CV0@55.531C CPU@58.406C SOC2@56.781C SOC0@57.625C CV1@55.718C GPU@56.343C tj@58.968C SOC1@59.062C CV2@55.937C
08-21-2026 20:00:03 RAM 4307/15389MB (lfb 1153x4MB) SWAP 0/7694MB (cached 0MB) CPU [0%@729,0%@729,0%@729,0%@729,0%@1420,0%@1420,50%@1420,0%@1420] EMC_FREQ 0% GR3D_FREQ 19% GR3D2_FREQ 19%@0 CV0@55.781C CPU@58.687C SOC2@56.781C SOC0@57.531C CV1@55.718C GPU@56.281C tj@59.187C SOC1@59.187C CV2@55.937C
08-21-2026 20:00:03 RAM 4307/15389MB (lfb 1153x4MB) SWAP 0/7694MB (cached 0MB) CPU [0%@806,0%@806,50%@806,0%@806,0%@1420,0%@1420,0%@1420,0%@1420] EMC_FREQ 0% GR3D_FREQ 0% GR3D2_FREQ 0%@0 CV0@55.687C CPU@58.531C SOC2@56.812C SOC0@57.593C CV1@55.718C GPU@56.593C tj@59.062C SOC1@59.062C CV2@56C
08-21-2026 20:00:03 RAM 4307/15389MB (lfb 1153x4MB) SWAP 0/7694MB (cached 0MB) CPU [0%@1984,0%@1984,0%@1984,0%@1984,0%@1267,0%@1267,0%@1267,0%@1267] EMC_FREQ 0% GR3D_FREQ 22% GR3D2_FREQ 22%@0 CV0@55.687C CPU@58.375C SOC2@56.75C SOC0@57.625C CV1@55.687C GPU@56.281C tj@58.968C SOC1@58.968C CV2@55.968C
08-21-2026 20:00:03 RAM 4307/15389MB (lfb 1153x4MB) SWAP 0/7694MB (cached 0MB) CPU [0%@1984,33%@1984,100%@1984,0%@1984,0%@1420,0%@1420,50%@1420,0%@1420] EMC_FREQ 0% GR3D_FREQ 22% GR3D2_FREQ 22%@0 CV0@55.687C CPU@58.468C SOC2@56.875C SOC0@57.687C CV1@55.656C GPU@56.218C tj@58.875C SOC1@58.875C CV2@55.968C
08-21-2026 20:00:03 RAM 4307/15389MB (lfb 1153x4MB) SWAP 0/7694MB (cached 0MB) CPU [0%@806,0%@806,0%@806,50%@1984,0%@1267,0%@1267,50%@1267,0%@1267] EMC_FREQ 0% GR3D_FREQ 19% GR3D2_FREQ 19%@0 CV0@55.75C CPU@58.437C SOC2@56.656C SOC0@57.656C CV1@55.687C GPU@56.375C tj@59.187C SOC1@59.187C CV2@55.968C
08-21-2026 20:00:03 RAM 4307/15389MB (lfb 1153x4MB) SWAP 0/7694MB (cached 0MB) CPU [0%@1984,0%@1984,0%@1984,0%@1984,0%@1420,0%@1420,0%@1420,0%@1420] EMC_FREQ 0% GR3D_FREQ 0% GR3D2_FREQ 0%@0 CV0@55.593C CPU@58.531C SOC2@56.781C SOC0@57.656C CV1@55.656C GPU@56.187C tj@59.25C SOC1@59.25C CV2@55.906C
08-21-2026 20:00:03 RAM 4307/15389MB (lfb 1153x4MB) SWAP 0/7694MB (cached 0MB) CPU [0%@1984,0%@1984,0%@1984,0%@1984,0%@1344,0%@1344,50%@1344,0%@1344] EMC_FREQ 0% GR3D_FREQ 23% GR3D2_FREQ 23%@0 CV0@55.625C CPU@58.406C SOC2@56.812C SOC0@57.656C CV1@55.656C GPU@56.093C tj@59.125C SOC1@59.125C CV2@56.031C
08-21-2026 20:00:03 RAM 4307/15389MB (lfb 1153x4MB) SWAP 0/7694MB (cached 0MB) CPU [50%@1984,0%@1984,100%@1984,50%@1984,0%@1267,0%@1267,0%@1267,50%@1267] EMC_FREQ 0% GR3D_FREQ 23% GR3D2_FREQ 23%@0 CV0@55.531C CPU@58.437C SOC2@56.843C SOC0@57.687C CV1@55.593C GPU@56.218C tj@59.125C SOC1@59.125C CV2@56.031C
08-21-2026 20:00:03 RAM 4307/15389MB (lfb 1153x4MB) SWAP 0/7694MB (cached 0MB) CPU [0%@1984,0%@1984,0%@1984,0%@1984,0%@1420,0%@1420,0%@1420,0%@1420] EMC_FREQ 0% GR3D_FREQ 2% GR3D2_FREQ 2%@0 CV0@55.562C CPU@58.656C SOC2@56.875C SOC0@57.687C CV1@55.843C GPU@56.468C tj@59C SOC1@59C CV2@55.937C
08-21-2026 20:00:03 RAM 4307/15389MB (lfb 1153x4MB) SWAP 0/7694MB (cached 0MB) CPU [0%@1984,0%@1984,50%@1984,0%@1984,0%@1267,0%@1267,0%@1267,0%@1267] EMC_FREQ 0% GR3D_FREQ 20% GR3D2_FREQ 20%@0 CV0@55.781C CPU@58.562C SOC2@56.812C SOC0@57.625C CV1@55.625C GPU@56.062C tj@59.062C SOC1@59.062C CV2@55.937C
08-21-2026 20:00:03 RAM 4307/15389MB (lfb 1153x4MB) SWAP 0/7694MB (cached 0MB) CPU [50%@1113,0%@1113,50%@1113,0%@1113,0%@1344,0%@1344,100%@1344,0%@1344] EMC_FREQ 0% GR3D_FREQ 20% GR3D2_FREQ 20%@0 CV0@55.687C CPU@58.562C SOC2@56.781C SOC0@57.562C CV1@55.656C GPU@56.375C tj@59C SOC1@59C CV2@55.937C
08-21-2026 20:00:03 RAM 4307/15389MB (lfb 1153x4MB) SWAP 0/7694MB (cached 0MB) CPU [0%@1984,50%@1984,0%@1984,0%@1984,0%@1190,0%@1190,0%@1190,0%@1190] EMC_FREQ 0% GR3D_FREQ 23% GR3D2_FREQ 23%@0 CV0@55.687C CPU@58.656C SOC2@56.812C SOC0@57.625C CV1@55.687C GPU@56.281C tj@58.968C SOC1@58.968C CV2@55.875C
08-21-2026 20:00:03 RAM 4307/15389MB (lfb 1153x4MB) SWAP 0/7694MB (cached 0MB) CPU [0%@960,0%@960,50%@960,0%@960,0%@1344,0%@1344,50%@1344,0%@1344] EMC_FREQ 0% GR3D_FREQ 0% GR3D2_FREQ 0%@0 CV0@55.656C CPU@58.468C SOC2@56.781C SOC0@57.687C CV1@55.625C GPU@56.218C tj@59.281C SOC1@59.281C CV2@55.812C
08-21-2026 20:00:03 RAM 4307/15389MB (lfb 1153x4MB) SWAP 0/7694MB (cached 0MB) CPU [0%@1984,0%@1984,0%@1984,50%@1984,0%@1344,0%@1344,0%@1344,0%@1344] EMC_FREQ 0% GR3D_FREQ 19% GR3D2_FREQ 19%@0 CV0@55.687C CPU@58.5C SOC2@56.781C SOC0@57.718C CV1@55.656C GPU@56.312C tj@59C SOC1@59C CV2@55.875C
08-21-2026 20:00:03 RAM 4307/15389MB (lfb 1153x4MB) SWAP 0/7694MB (cached 0MB) CPU [0%@729,50%@729,0%@729,0%@729,0%@1267,0%@1267,100%@1267,0%@1267] EMC_FREQ 0% GR3D_FREQ 19% GR3D2_FREQ 19%@0 CV0@55.656C CPU@58.343C SOC2@56.75C SOC0@57.625C CV1@55.562C GPU@56.218C tj@59C SOC1@59C CV2@56.031C
08-21-2026 20:00:03 RAM 4307/15389MB (lfb 1153x4MB) SWAP 0/7694MB (cached 0MB) CPU [50%@883,0%@883,0%@883,0%@883,0%@1344,0%@1344,0%@1344,0%@1344] EMC_FREQ 0% GR3D_FREQ 8% GR3D2_FREQ 8%@0 CV0@55.656C CPU@58.781C SOC2@57C SOC0@57.593C CV1@55.656C GPU@56.406C tj@59.093C SOC1@59.093C CV2@56.062C
08-21-2026 20:00:03 RAM 4307/15389MB (lfb 1153x4MB) SWAP 0/7694MB (cached 0MB) CPU [0%@806,0%@806,0%@806,0%@806,0%@1344,0%@1344,50%@1344,0%@1344] EMC_FREQ 0% GR3D_FREQ 14% GR3D2_FREQ 14%@0 CV0@55.593C CPU@58.656C SOC2@56.968C SOC0@57.625C CV1@55.75C GPU@56.125C tj@59.031C SOC1@59.031C CV2@55.968C
08-21-2026 20:00:03 RAM 4307/15389MB (lfb 1153x4MB) SWAP 0/7694MB (cached 0MB) CPU [50%@729,100%@729,0%@729,0%@729,0%@1420,0%@1420,100%@1420,50%@1420] EMC_FREQ 0% GR3D_FREQ 23% GR3D2_FREQ 23%@0 CV0@55.531C CPU@58.718C SOC2@56.968C SOC0@57.656C CV1@55.812C GPU@56.343C tj@59.031C SOC1@59.031C CV2@56C
08-21-2026 20:00:04 RAM 4307/15389MB (lfb 1153x4MB) SWAP 0/7694MB (cached 0MB) CPU [50%@1984,50%@1984,0%@1984,0%@1984,0%@1267,0%@1267,0%@1267,0%@1267] EMC_FREQ 0% GR3D_FREQ 23% GR3D2_FREQ 23%@0 CV0@55.812C CPU@58.656C SOC2@56.843C SOC0@57.593C CV1@55.812C GPU@56.281C tj@59.031C SOC1@59.031C CV2@56C
08-21-2026 20:00:04 RAM 4308/15389MB (lfb 1153x4MB) SWAP 0/7694MB (cached 0MB) CPU [0%@960,0%@960,0%@960,50%@960,0%@1420,0%@1420,50%@1420,0%@1420] EMC_FREQ 0% GR3D_FREQ 0% GR3D2_FREQ 0%@0 CV0@55.812C CPU@58.5C SOC2@56.781C SOC0@57.625C CV1@55.656C GPU@56.468C tj@58.968C SOC1@58.968C CV2@55.781C
08-21-2026 20:00:04 RAM 4308/15389MB (lfb 1153x4MB) SWAP 0/7694MB (cached 0MB) CPU [0%@960,50%@960,0%@960,0%@960,0%@1344,0%@1344,0%@1267,0%@1267] EMC_FREQ 0% GR3D_FREQ 19% GR3D2_FREQ 19%@0 CV0@55.75C CPU@58.625C SOC2@56.875C SOC0@57.843C CV1@55.687C GPU@56.156C tj@58.937C SOC1@58.937C CV2@56C
08-21-2026 20:00:04 RAM 4308/15389MB (lfb 1153x4MB) SWAP 0/7694MB (cached 0MB) CPU [0%@1036,50%@1036,0%@1036,0%@1036,0%@1344,0%@1344,100%@1344,0%@1344] EMC_FREQ 0% GR3D_FREQ 19% GR3D2_FREQ 19%@0 CV0@55.781C CPU@58.531C SOC2@56.75C SOC0@57.656C CV1@55.687C GPU@56.25C tj@59.25C SOC1@59.25C CV2@55.843C
08-21-2026 20:00:04 RAM 4308/15389MB (lfb 1153x4MB) SWAP 0/7694MB (cached 0MB) CPU [0%@806,0%@806,0%@806,0%@806,0%@1344,0%@1344,0%@1344,0%@1344] EMC_FREQ 0% GR3D_FREQ 19% GR3D2_FREQ 19%@0 CV0@55.656C CPU@58.531C SOC2@56.656C SOC0@57.718C CV1@55.593C GPU@56.375C tj@59.093C SOC1@59.093C CV2@55.781C
08-21-2026 20:00:04 RAM 4308/15389MB (lfb 1153x4MB) SWAP 0/7694MB (cached 0MB) CPU [0%@1984,0%@1984,0%@1984,50%@1984,0%@1267,0%@1267,100%@1267,0%@1267] EMC_FREQ 0% GR3D_FREQ 4% GR3D2_FREQ 4%@0 CV0@55.656C CPU@58.312C SOC2@56.75C SOC0@57.656C CV1@55.531C GPU@56.156C tj@59.187C SOC1@59.187C CV2@56.062C
08-21-2026 20:00:04 RAM 4308/15389MB (lfb 1153x4MB) SWAP 0/7694MB (cached 0MB) CPU [0%@1984,100%@1984,0%@1984,50%@1984,0%@1267,0%@1267,50%@1267,0%@1267] EMC_FREQ 0% GR3D_FREQ 22% GR3D2_FREQ 22%@0 CV0@55.656C CPU@58.468C SOC2@56.812C SOC0@57.656C CV1@55.656C GPU@56.343C tj@59.156C SOC1@59.156C CV2@56.125C
08-21-2026 20:00:04 RAM 4308/15389MB (lfb 1153x4MB) SWAP 0/7694MB (cached 0MB) CPU [0%@1984,0%@1984,0%@1984,0%@1984,0%@1267,0%@1267,0%@1267,0%@1267] EMC_FREQ 0% GR3D_FREQ 22% GR3D2_FREQ 0%@0 CV0@55.625C CPU@58.718C SOC2@56.968C SOC0@57.687C CV1@55.875C GPU@56.312C tj@59.062C SOC1@59.062C CV2@56C
08-21-2026 20:00:04 RAM 4308/15389MB (lfb 1153x4MB) SWAP 0/7694MB (cached 0MB) CPU [50%@883,50%@883,0%@883,33%@883,0%@1344,0%@1344,0%@1344,0%@1344] EMC_FREQ 0% GR3D_FREQ 0% GR3D2_FREQ 0%@0 CV0@55.562C CPU@58.718C SOC2@56.875C SOC0@57.687C CV1@55.75C GPU@56.468C tj@59.062C SOC1@59.062C CV2@55.937C
08-21-2026 20:00:04 RAM 4308/15389MB (lfb 1153x4MB) SWAP 0/7694MB (cached 0MB) CPU [50%@1984,0%@1984,0%@1984,0%@1984,0%@1267,0%@1267,50%@1267,0%@1267] EMC_FREQ 0% GR3D_FREQ 22% GR3D2_FREQ 22%@0 CV0@55.875C CPU@58.718C SOC2@56.875C SOC0@57.562C CV1@55.656C GPU@56.25C tj@59.093C SOC1@59.093C CV2@56C
08-21-2026 20:00:04 RAM 4308/15389MB (lfb 1153x4MB) SWAP 0/7694MB (cached 0MB) CPU [0%@960,0%@960,0%@960,0%@960,0%@1344,0%@1344,50%@1344,0%@1344] EMC_FREQ 0% GR3D_FREQ 15% GR3D2_FREQ 15%@0 CV0@55.687C CPU@58.718C SOC2@56.875C SOC0@57.656C CV1@55.687C GPU@56.343C tj@59.062C SOC1@59.062C CV2@55.875C
08-21-2026 20:00:04 RAM 4308/15389MB (lfb 1153x4MB) SWAP 0/7694MB (cached 0MB) CPU [0%@729,0%@729,0%@729,0%@729,0%@1190,0%@1190,0%@1190,0%@1190] EMC_FREQ 0% GR3D_FREQ 15% GR3D2_FREQ 15%@0 CV0@55.718C CPU@58.562C SOC2@56.75C SOC0@57.843C CV1@55.656C GPU@56.281C tj@58.937C SOC1@58.937C CV2@55.843C
08-21-2026 20:00:04 RAM 4308/15389MB (lfb 1153x4MB) SWAP 0/7694MB (cached 0MB) CPU [0%@883,50%@883,0%@883,0%@883,0%@1344,0%@1344,100%@1344,0%@1344] EMC_FREQ 0% GR3D_FREQ 7% GR3D2_FREQ 7%@0 CV0@55.718C CPU@58.343C SOC2@56.812C SOC0@57.656C CV1@55.625C GPU@56.125C tj@59.281C SOC1@59.281C CV2@55.906C
08-21-2026 20:00:04 RAM 4308/15389MB (lfb 1153x4MB) SWAP 0/7694MB (cached 0MB) CPU [50%@883,100%@883,0%@883,0%@883,0%@1267,0%@1267,50%@1267,50%@1267] EMC_FREQ 0% GR3D_FREQ 22% GR3D2_FREQ 22%@0 CV0@55.75C CPU@58.5C SOC2@56.687C SOC0@57.625C CV1@55.625C GPU@56.312C tj@59.218C SOC1@59.218C CV2@55.875C
08-21-2026 20:00:04 RAM 4308/15389MB (lfb 1153x4MB) SWAP 0/7694MB (cached 0MB) CPU [0%@806,0%@806,0%@806,0%@806,0%@1344,0%@1344,100%@1344,0%@1344] EMC_FREQ 0% GR3D_FREQ 0% GR3D2_FREQ 0%@0 CV0@55.75C CPU@58.25C SOC2@56.718C SOC0@57.625C CV1@55.593C GPU@56.156C tj@59.125C SOC1@59.25C CV2@55.906C
08-21-2026 20:00:04 RAM 4308/15389MB (lfb 1153x4MB) SWAP 0/7694MB (cached 0MB) CPU [0%@1036,0%@1036,0%@1036,0%@1036,0%@1344,0%@1344,0%@1344,0%@1344] EMC_FREQ 0% GR3D_FREQ 0% GR3D2_FREQ 0%@0 CV0@55.687C CPU@58.343C SOC2@56.687C SOC0@57.593C CV1@55.656C GPU@56.437C tj@59.093C SOC1@59.093C CV2@56C
08-21-2026 20:00:04 RAM 4308/15389MB (lfb 1153x4MB) SWAP 0/7694MB (cached 0MB) CPU [0%@1984,50%@1984,0%@1984,0%@1984,0%@1344,0%@1344,50%@1344,0%@1344] EMC_FREQ 0% GR3D_FREQ 22% GR3D2_FREQ 22%@0 CV0@55.656C CPU@58.437C SOC2@56.843C SOC0@57.656C CV1@55.656C GPU@56.156C tj@59.062C SOC1@59.062C CV2@56.031C
08-21-2026 20:00:04 RAM 4308/15389MB (lfb 1153x4MB) SWAP 0/7694MB (cached 0MB) CPU [0%@1984,0%@1984,50%@1984,0%@1984,0%@1420,0%@1420,0%@1420,0%@1420] EMC_FREQ 0% GR3D_FREQ 20% GR3D2_FREQ 20%@0 CV0@55.531C CPU@58.843C SOC2@56.937C SOC0@57.687C CV1@55.812C GPU@56.125C tj@59.031C SOC1@59.031C CV2@55.937C
08-21-2026 20:00:04 RAM 4308/15389MB (lfb 1153x4MB) SWAP 0/7694MB (cached 0MB) CPU [0%@960,66%@960,0%@960,0%@960,50%@1190,0%@1190,0%@1190,0%@1190] EMC_FREQ 0% GR3D_FREQ 0% GR3D2_FREQ 0%@0 CV0@55.656C CPU@58.812C SOC2@56.781C SOC0@57.593C CV1@55.718C GPU@56.25C tj@58.968C SOC1@58.968C CV2@55.968C
08-21-2026 20:00:04 RAM 4308/15389MB (lfb 1153x4MB) SWAP 0/7694MB (cached 0MB) CPU [0%@1984,0%@1984,0%@1984,0%@1984,0%@1344,0%@1344,50%@1344,0%@1344] EMC_FREQ 0% GR3D_FREQ 0% GR3D2_FREQ 0%@0 CV0@55.781C CPU@58.718C SOC2@56.781C SOC0@57.593C CV1@55.687C GPU@56.5C tj@58.968C SOC1@58.968C CV2@55.968C
08-21-2026 20:00:04 RAM 4308/15389MB (lfb 1153x4MB) SWAP 0/7694MB (cached 0MB) CPU [0%@1984,0%@1984,0%@1984,0%@1984,0%@1344,0%@1344,50%@1344,0%@1344] EMC_FREQ 0% GR3D_FREQ 22% GR3D2_FREQ 22%@0 CV0@55.718C CPU@58.562C SOC2@56.875C SOC0@57.75C CV1@55.718C GPU@56.25C tj@59.062C SOC1@59.062C CV2@55.968C
08-21-2026 20:00:04 RAM 4308/15389MB (lfb 1153x4MB) SWAP 0/7694MB (cached 0MB) CPU [50%@1113,0%@1113,0%@1113,0%@1113,0%@1420,0%@1420,100%@1420,0%@1420] EMC_FREQ 0% GR3D_FREQ 13% GR3D2_FREQ 13%@0 CV0@55.593C CPU@58.406C SOC2@56.875C SOC0@57.75C CV1@55.687C GPU@56.375C tj@59.218C SOC1@59.218C CV2@55.906C
08-21-2026 20:00:04 RAM 4308/15389MB (lfb 1153x4MB) SWAP 0/7694MB (cached 0MB) CPU [50%@1036,0%@1036,50%@1036,0%@1036,0%@1267,0%@1267,0%@1267,0%@1267] EMC_FREQ 0% GR3D_FREQ 13% GR3D2_FREQ 9%@0 CV0@55.75C CPU@58.375C SOC2@56.843C SOC0@57.625C CV1@55.656C GPU@56.375C tj@59.156C SOC1@59.156C CV2@56.031C
08-21-2026 20:00:04 RAM 4307/15389MB (lfb 1153x4MB) SWAP 0/7694MB (cached 0MB) CPU [0%@1984,0%@1984,0%@1984,33%@1984,0%@1420,0%@1420,100%@1420,0%@1420] EMC_FREQ 0% GR3D_FREQ 9% GR3D2_FREQ 9%@0 CV0@55.656C CPU@58.375C SOC2@56.781C SOC0@57.687C CV1@55.625C GPU@56.125C tj@59.031C SOC1@59.031C CV2@56C
08-21-2026 20:00:04 RAM 4307/15389MB (lfb 1153x4MB) SWAP 0/7694MB (cached 0MB) CPU [0%@960,0%@960,50%@960,0%@960,50%@1267,0%@1267,0%@1267,0%@1267] EMC_FREQ 0% GR3D_FREQ 20% GR3D2_FREQ 20%@0 CV0@55.531C CPU@58.312C SOC2@56.781C SOC0@57.593C CV1@55.562C GPU@56.312C tj@59.093C SOC1@59.093C CV2@55.937C
08-21-2026 20:00:04 RAM 4307/15389MB (lfb 1153x4MB) SWAP 0/7694MB (cached 0MB) CPU [0%@883,0%@883,0%@883,0%@883,0%@1344,0%@1344,66%@1344,0%@1344] EMC_FREQ 0% GR3D_FREQ 0% GR3D2_FREQ 0%@0 CV0@55.593C CPU@58.468C SOC2@56.875C SOC0@57.531C CV1@55.75C GPU@56.312C tj@59.156C SOC1@59.156C CV2@56C
08-21-2026 20:00:04 RAM 4307/15389MB (lfb 1153x4MB) SWAP 0/7694MB (cached 0MB) CPU [0%@1984,0%@1984,0%@1984,0%@1984,0%@1344,0%@1267,0%@1267,0%@1267] EMC_FREQ 0% GR3D_FREQ 0% GR3D2_FREQ 0%@0 CV0@55.625C CPU@58.406C SOC2@56.906C SOC0@57.687C CV1@55.812C GPU@56.468C tj@59C SOC1@59C CV2@55.937C
08-21-2026 20:00:04 RAM 4307/15389MB (lfb 1153x4MB) SWAP 0/7694MB (cached 0MB) CPU [0%@1984,0%@1984,50%@1984,50%@1984,0%@1344,0%@1344,100%@1344,0%@1344] EMC_FREQ 0% GR3D_FREQ 22% GR3D2_FREQ 22%@0 CV0@55.75C CPU@58.375C SOC2@56.843C SOC0@57.625C CV1@55.781C GPU@56.156C tj@59C SOC1@59C CV2@55.968C
08-21-2026 20:00:04 RAM 4307/15389MB (lfb 1153x4MB) SWAP 0/7694MB (cached 0MB) CPU [0%@883,0%@883,0%@883,0%@883,0%@1344,0%@1344,0%@1344,0%@1344] EMC_FREQ 0% GR3D_FREQ 19% GR3D2_FREQ 19%@0 CV0@55.718C CPU@58.375C SOC2@56.843C SOC0@57.625C CV1@55.687C GPU@56.375C tj@59C SOC1@59C CV2@55.906C
08-21-2026 20:00:04 RAM 4307/15389MB (lfb 1153x4MB) SWAP 0/7694MB (cached 0MB) CPU [0%@729,0%@729,50%@729,0%@729,0%@1267,0%@1267,50%@1267,0%@1267] EMC_FREQ 0% GR3D_FREQ 0% GR3D2_FREQ 0%@0 CV0@55.718C CPU@58.531C SOC2@56.812C SOC0@57.687C CV1@55.718C GPU@56.375C tj@59.281C SOC1@59.281C CV2@55.843C
08-21-2026 20:00:04 RAM 4307/15389MB (lfb 1153x4MB) SWAP 0/7694MB (cached 0MB) CPU [50%@1984,50%@1984,50%@1984,0%@1984,50%@1344,0%@1344,0%@1344,0%@1344] EMC_FREQ 0% GR3D_FREQ 0% GR3D2_FREQ 0%@0 CV0@55.656C CPU@58.437C SOC2@56.75C SOC0@57.718C CV1@55.625C GPU@56.062C tj@59.187C SOC1@59.187C CV2@56.031C
08-21-2026 20:00:04 RAM 4307/15389MB (lfb 1153x4MB) SWAP 0/7694MB (cached 0MB) CPU [0%@1984,0%@1984,0%@1984,0%@1984,0%@1344,0%@1344,0%@1344,0%@1344] EMC_FREQ 0% GR3D_FREQ 23% GR3D2_FREQ 23%@0 CV0@55.625C CPU@58.531C SOC2@56.781C SOC0@57.656C CV1@55.656C GPU@56.218C tj@59.156C SOC1@59.156C CV2@56C
08-21-2026 20:00:04 RAM 4307/15389MB (lfb 1153x4MB) SWAP 0/7694MB (cached 0MB) CPU [0%@1036,0%@1036,50%@1036,0%@1036,0%@1420,0%@1420,0%@1420,0%@1420] EMC_FREQ 0% GR3D_FREQ 14% GR3D2_FREQ 14%@0 CV0@55.687C CPU@58.5C SOC2@56.843C SOC0@57.625C CV1@55.625C GPU@56.531C tj@59.031C SOC1@59.031C CV2@55.968C
08-21-2026 20:00:04 RAM 4307/15389MB (lfb 1153x4MB) SWAP 0/7694MB (cached 0MB) CPU [0%@1984,0%@1984,0%@1984,0%@1984,0%@1344,0%@1344,50%@1344,0%@1344] EMC_FREQ 0% GR3D_FREQ 8% GR3D2_FREQ 8%@0 CV0@55.593C CPU@58.437C SOC2@56.906C SOC0@57.718C CV1@55.75C GPU@56.406C tj@59.125C SOC1@59.125C CV2@55.968C
08-21-2026 20:00:04 RAM 4307/15389MB (lfb 1153x4MB) SWAP 0/7694MB (cached 0MB) CPU [50%@883,0%@883,50%@1984,0%@1984,0%@1420,0%@1420,50%@1420,0%@1420] EMC_FREQ 0% GR3D_FREQ 8% GR3D2_FREQ 8%@0 CV0@55.656C CPU@58.5C SOC2@56.812C SOC0@57.625C CV1@55.75C GPU@56.156C tj@59.093C SOC1@59.093C CV2@56C
08-21-2026 20:00:04 RAM 4307/15389MB (lfb 1153x4MB) SWAP 0/7694MB (cached 0MB) CPU [0%@1984,0%@1984,0%@1984,0%@1984,0%@1420,0%@1420,0%@1420,0%@1420] EMC_FREQ 0% GR3D_FREQ 22% GR3D2_FREQ 22%@0 CV0@55.656C CPU@58.625C SOC2@56.875C SOC0@57.625C CV1@55.718C GPU@56.375C tj@59.125C SOC1@59.125C CV2@56.031C
08-21-2026 20:00:04 RAM 4307/15389MB (lfb 1153x4MB) SWAP 0/7694MB (cached 0MB) CPU [0%@1984,0%@1984,50%@1984,0%@1984,50%@1344,0%@1344,100%@1344,0%@1344] EMC_FREQ 0% GR3D_FREQ 0% GR3D2_FREQ 0%@0 CV0@55.75C CPU@58.656C SOC2@56.812C SOC0@57.625C CV1@55.75C GPU@56.062C tj@59.062C SOC1@59.062C CV2@55.937C
08-21-2026 20:00:04 RAM 4307/15389MB (lfb 1153x4MB) SWAP 0/7694MB (cached 0MB) CPU [0%@1984,0%@1984,0%@1984,0%@1984,0%@1344,0%@1344,50%@1344,0%@1344] EMC_FREQ 0% GR3D_FREQ 0% GR3D2_FREQ 0%@0 CV0@55.656C CPU@58.5C SOC2@56.843C SOC0@57.781C CV1@55.75C GPU@56.5C tj@59.218C SOC1@59.031C CV2@55.906C
08-21-2026 20:00:04 RAM 4307/15389MB (lfb 1153x4MB) SWAP 0/7694MB (cached 0MB) CPU [0%@1984,0%@1984,100%@1984,0%@1984,0%@1267,50%@1267,0%@1267,0%@1267] EMC_FREQ 0% GR3D_FREQ 22% GR3D2_FREQ 22%@0 CV0@55.687C CPU@58.5C SOC2@56.812C SOC0@57.781C CV1@55.718C GPU@56.281C tj@59.25C SOC1@59.25C CV2@55.843C
08-21-2026 20:00:04 RAM 4307/15389MB (lfb 1153x4MB) SWAP 0/7694MB (cached 0MB) CPU [0%@883,0%@883,50%@883,0%@883,0%@1420,0%@1420,100%@1420,0%@1420] EMC_FREQ 0% GR3D_FREQ 10% GR3D2_FREQ 10%@0 CV0@55.656C CPU@58.5C SOC2@56.75C SOC0@57.687C CV1@55.625C GPU@56.468C tj@59.281C SOC1@59.281C CV2@55.875C
08-21-2026 20:00:04 RAM 4307/15389MB (lfb 1153x4MB) SWAP 0/7694MB (cached 0MB) CPU [0%@1036,0%@1036,50%@1036,0%@1036,0%@1344,0%@1344,50%@1344,0%@1344] EMC_FREQ 0% GR3D_FREQ 9% GR3D2_FREQ 9%@0 CV0@55.656C CPU@58.531C SOC2@56.781C SOC0@57.531C CV1@55.593C GPU@56.312C tj@59.218C SOC1@59.218C CV2@55.781C
08-21-2026 20:00:04 RAM 4307/15389MB (lfb 1153x4MB) SWAP 0/7694MB (cached 0MB) CPU [50%@1984,0%@1984,50%@1984,0%@1984,0%@1420,0%@1420,50%@1420,0%@1420] EMC_FREQ 0% GR3D_FREQ 9% GR3D2_FREQ 9%@0 CV0@55.687C CPU@58.437C SOC2@56.781C SOC0@57.687C CV1@55.718C GPU@56.125C tj@59.156C SOC1@59.156C CV2@56C
08-21-2026 20:00:04 RAM 4307/15389MB (lfb 1153x4MB) SWAP 0/7694MB (cached 0MB) CPU [0%@1984,0%@1984,0%@1984,0%@1984,0%@1344,0%@1344,0%@1344,0%@1344] EMC_FREQ 0% GR3D_FREQ 19% GR3D2_FREQ 19%@0 CV0@55.625C CPU@58.312C SOC2@56.875C SOC0@57.687C CV1@55.906C GPU@56.187C tj@59.187C SOC1@59.187C CV2@55.937C
08-21-2026 20:00:04 RAM 4307/15389MB (lfb 1153x4MB) SWAP 0/7694MB (cached 0MB) CPU [0%@1984,50%@1984,0%@1984,0%@1984,0%@1420,0%@1420,50%@1420,0%@1420] EMC_FREQ 0% GR3D_FREQ 0% GR3D2_FREQ 0%@0 CV0@55.656C CPU@58.593C SOC2@56.812C SOC0@57.593C CV1@55.718C GPU@56.093C tj@59.125C SOC1@59.125C CV2@55.968C
08-21-2026 20:00:04 RAM 4308/15389MB (lfb 1153x4MB) SWAP 0/7694MB (cached 0MB) CPU [0%@1984,0%@1984,0%@1984,0%@1984,33%@1267,0%@1267,0%@1267,50%@1267] EMC_FREQ 0% GR3D_FREQ 23% GR3D2_FREQ 23%@0 CV0@55.75C CPU@58.625C SOC2@56.781C SOC0@57.656C CV1@55.812C GPU@56.5C tj@59.031C SOC1@59.031C CV2@55.937C
08-21-2026 20:00:04 RAM 4308/15389MB (lfb 1153x4MB) SWAP 0/7694MB (cached 0MB) CPU [0%@1984,0%@1984,100%@1984,0%@1984,0%@1344,0%@1344,100%@1344,0%@1344] EMC_FREQ 0% GR3D_FREQ 23% GR3D2_FREQ 23%@0 CV0@55.718C CPU@58.593C SOC2@56.875C SOC0@57.562C CV1@55.718C GPU@56.156C tj@58.875C SOC1@58.875C CV2@55.968C
08-21-2026 20:00:04 RAM 4308/15389MB (lfb 1153x4MB) SWAP 0/7694MB (cached 0MB) CPU [0%@960,0%@960,50%@960,0%@960,0%@1344,0%@1344,0%@1344,0%@1344] EMC_FREQ 0% GR3D_FREQ 22% GR3D2_FREQ 22%@0 CV0@55.75C CPU@58.562C SOC2@56.875C SOC0@57.562C CV1@55.656C GPU@56.406C tj@59C SOC1@59C CV2@55.968C
08-21-2026 20:00:04 RAM 4308/15389MB (lfb 1153x4MB) SWAP 0/7694MB (cached 0MB) CPU [0%@1984,0%@1984,0%@1984,0%@1984,0%@1344,0%@1344,50%@1344,0%@1344] EMC_FREQ 0% GR3D_FREQ 0% GR3D2_FREQ 0%@0 CV0@55.718C CPU@58.5C SOC2@56.906C SOC0@57.625C CV1@55.718C GPU@56.312C tj@59.218C SOC1@59.031C CV2@55.968C
08-21-2026 20:00:04 RAM 4308/15389MB (lfb 1153x4MB) SWAP 0/7694MB (cached 0MB) CPU [0%@1984,0%@1984,0%@1984,0%@1984,0%@1344,0%@1344,0%@1344,0%@1344] EMC_FREQ 0% GR3D_FREQ 22% GR3D2_FREQ 22%@0 CV0@55.75C CPU@58.562C SOC2@56.75C SOC0@57.718C CV1@55.625C GPU@56.156C tj@59.125C SOC1@59.125C CV2@55.968C
08-21-2026 20:00:04 RAM 4308/15389MB (lfb 1153x4MB) SWAP 0/7694MB (cached 0MB) CPU [0%@806,0%@806,0%@806,0%@806,0%@1420,0%@1420,0%@1420,0%@1420] EMC_FREQ 0% GR3D_FREQ 22% GR3D2_FREQ 22%@0 CV0@55.718C CPU@58.562C SOC2@56.812C SOC0@57.75C CV1@55.625C GPU@56.531C tj@59.25C SOC1@59.25C CV2@55.906C
08-21-2026 20:00:04 RAM 4308/15389MB (lfb 1153x4MB) SWAP 0/7694MB (cached 0MB) CPU [50%@729,0%@729,0%@729,0%@729,0%@1344,0%@1344,0%@1344,0%@1344] EMC_FREQ 0% GR3D_FREQ 9% GR3D2_FREQ 9%@0 CV0@55.718C CPU@58.468C SOC2@56.718C SOC0@57.625C CV1@55.562C GPU@56.25C tj@59.062C SOC1@59.062C CV2@55.781C
08-21-2026 20:00:04 RAM 4308/15389MB (lfb 1153x4MB) SWAP 0/7694MB (cached 0MB) CPU [50%@883,0%@883,50%@883,0%@883,0%@1267,0%@1267,50%@1267,0%@1267] EMC_FREQ 0% GR3D_FREQ 10% GR3D2_FREQ 10%@0 CV0@55.656C CPU@58.562C SOC2@56.75C SOC0@57.687C CV1@55.656C GPU@56.5C tj@59.093C SOC1@59.093C CV2@55.937C
08-21-2026 20:00:04 RAM 4308/15389MB (lfb 1153x4MB) SWAP 0/7694MB (cached 0MB) CPU [0%@1984,0%@1984,50%@1984,0%@1984,0%@1344,0%@1344,100%@1344,0%@1344] EMC_FREQ 0% GR3D_FREQ 19% GR3D2_FREQ 19%@0 CV0@55.687C CPU@58.312C SOC2@56.812C SOC0@57.687C CV1@55.75C GPU@56.343C tj@58.968C SOC1@58.968C CV2@56.031C
08-21-2026 20:00:04 RAM 4308/15389MB (lfb 1153x4MB) SWAP 0/7694MB (cached 0MB) CPU [50%@1984,0%@1984,0%@1984,0%@1984,0%@1344,33%@1344,0%@1344,0%@1344] EMC_FREQ 0% GR3D_FREQ 19% GR3D2_FREQ 19%@0 CV0@55.562C CPU@58.468C SOC2@57C SOC0@57.75C CV1@55.656C GPU@56.093C tj@59.156C SOC1@59.156C CV2@56C
08-21-2026 20:00:04 RAM 4308/15389MB (lfb 1153x4MB) SWAP 0/7694MB (cached 0MB) CPU [0%@1984,0%@1984,0%@1984,0%@1984,0%@1420,0%@1420,0%@1420,0%@1420] EMC_FREQ 0% GR3D_FREQ 0% GR3D2_FREQ 0%@0 CV0@55.656C CPU@58.562C SOC2@56.875C SOC0@57.656C CV1@55.75C GPU@56.343C tj@58.968C SOC1@59.093C CV2@56C
08-21-2026 20:00:04 RAM 4307/15389MB (lfb 1153x4MB) SWAP 0/7694MB (cached 0MB) CPU [0%@1984,0%@1984,50%@1984,0%@1984,0%@1344,0%@1344,0%@1344,0%@1344] EMC_FREQ 0% GR3D_FREQ 22% GR3D2_FREQ 22%@0 CV0@55.812C CPU@58.593C SOC2@56.937C SOC0@57.625C CV1@55.75C GPU@56.406C tj@59.093C SOC1@59.093C CV2@55.875C
08-21-2026 20:00:04 RAM 4308/15389MB (lfb 1153x4MB) SWAP 0/7694MB (cached 0MB) CPU [50%@806,0%@806,50%@806,0%@806,0%@1420,0%@1420,66%@1420,0%@1420] EMC_FREQ 0% GR3D_FREQ 19% GR3D2_FREQ 19%@0 CV0@55.75C CPU@58.437C SOC2@56.906C SOC0@57.625C CV1@55.718C GPU@56.437C tj@59.062C SOC1@59.062C CV2@55.875C
08-21-2026 20:00:04 RAM 4308/15389MB (lfb 1153x4MB) SWAP 0/7694MB (cached 0MB) CPU [0%@729,0%@729,0%@729,0%@729,0%@1267,0%@1267,0%@1267,0%@1267] EMC_FREQ 0% GR3D_FREQ 19% GR3D2_FREQ 19%@0 CV0@55.656C CPU@58.531C SOC2@56.781C SOC0@57.593C CV1@55.687C GPU@56.218C tj@59.093C SOC1@59.093C CV2@55.875C
08-21-2026 20:00:04 RAM 4308/15389MB (lfb 1153x4MB) SWAP 0/7694MB (cached 0MB) CPU [0%@1984,50%@1984,0%@1984,0%@1984,0%@1344,0%@1344,0%@1344,0%@1344] EMC_FREQ 0% GR3D_FREQ 3% GR3D2_FREQ 3%@0 CV0@55.687C CPU@58.656C SOC2@56.687C SOC0@57.75C CV1@55.656C GPU@56.437C tj@59.156C SOC1@59.156C CV2@55.906C
08-21-2026 20:00:04 RAM 4308/15389MB (lfb 1153x4MB) SWAP 0/7694MB (cached 0MB) CPU [0%@1984,50%@1984,50%@1984,0%@1984,0%@1344,0%@1344,50%@1344,0%@1344] EMC_FREQ 0% GR3D_FREQ 23% GR3D2_FREQ 23%@0 CV0@55.718C CPU@58.531C SOC2@56.781C SOC0@57.687C CV1@55.593C GPU@56.312C tj@59.25C SOC1@59.25C CV2@55.906C
08-21-2026 20:00:04 RAM 4308/15389MB (lfb 1153x4MB) SWAP 0/7694MB (cached 0MB) CPU [0%@1984,0%@1984,0%@1984,0%@1984,0%@1267,0%@1267,50%@1267,0%@1267] EMC_FREQ 0% GR3D_FREQ 0% GR3D2_FREQ 0%@0 CV0@55.75C CPU@58.5C SOC2@56.718C SOC0@57.718C CV1@55.625C GPU@56.156C tj@59C SOC1@59C CV2@56.062C
08-21-2026 20:00:04 RAM 4308/15389MB (lfb 1153x4MB) SWAP 0/7694MB (cached 0MB) CPU [0%@1984,0%@1984,50%@1984,0%@1984,0%@1344,0%@1344,0%@1344,0%@1344] EMC_FREQ 0% GR3D_FREQ 0% GR3D2_FREQ 0%@0 CV0@55.656C CPU@58.531C SOC2@56.781C SOC0@57.656C CV1@55.531C GPU@56.281C tj@59.093C SOC1@59.093C CV2@56C
08-21-2026 20:00:04 RAM 4308/15389MB (lfb 1153x4MB) SWAP 0/7694MB (cached 0MB) CPU [0%@1984,0%@1984,0%@1984,0%@1984,0%@1344,0%@1344,50%@1344,0%@1344] EMC_FREQ 0% GR3D_FREQ 22% GR3D2_FREQ 22%@0 CV0@55.593C CPU@58.656C SOC2@56.937C SOC0@57.656C CV1@55.687C GPU@56.5C tj@59.187C SOC1@59.187C CV2@55.906C
08-21-2026 20:00:04 RAM 4308/15389MB (lfb 1153x4MB) SWAP 0/7694MB (cached 0MB) CPU [50%@806,0%@806,50%@806,0%@806,50%@1420,0%@1420,0%@1420,50%@1420] EMC_FREQ 0% GR3D_FREQ 14% GR3D2_FREQ 14%@0 CV0@55.625C CPU@58.625C SOC2@56.875C SOC0@57.625C CV1@55.718C GPU@56.312C tj@58.968C SOC1@58.968C CV2@55.968C
08-21-2026 20:00:04 RAM 4308/15389MB (lfb 1153x4MB) SWAP 0/7694MB (cached 0MB) CPU [0%@1984,0%@1984,0%@1984,0%@1984,0%@1420,0%@1420,0%@1420,0%@1420] EMC_FREQ 0% GR3D_FREQ 14% GR3D2_FREQ 14%@0 CV0@55.687C CPU@58.687C SOC2@56.875C SOC0@57.625C CV1@55.781C GPU@56.187C tj@59.093C SOC1@59.093C CV2@55.937C
08-21-2026 20:00:04 RAM 4308/15389MB (lfb 1153x4MB) SWAP 0/7694MB (cached 0MB) CPU [0%@1984,0%@1984,50%@1984,0%@1984,0%@1420,0%@1420,0%@1420,100%@1420] EMC_FREQ 0% GR3D_FREQ 5% GR3D2_FREQ 5%@0 CV0@55.718C CPU@58.593C SOC2@56.781C SOC0@57.656C CV1@55.625C GPU@56.343C tj@59.031C SOC1@59.031C CV2@55.937C
08-21-2026 20:00:04 RAM 4308/15389MB (lfb 1153x4MB) SWAP 0/7694MB (cached 0MB) CPU [50%@1984,0%@1984,0%@1984,0%@1984,0%@1267,0%@1267,0%@1267,0%@1267] EMC_FREQ 0% GR3D_FREQ 22% GR3D2_FREQ 22%@0 CV0@55.656C CPU@58.5C SOC2@56.75C SOC0@57.718C CV1@55.625C GPU@56.125C tj@59.25C SOC1@59.25C CV2@55.843C
08-21-2026 20:00:04 RAM 4308/15389MB (lfb 1153x4MB) SWAP 0/7694MB (cached 0MB) CPU [0%@1984,50%@1984,0%@1984,0%@1984,100%@1574,66%@1574,0%@1574,0%@1574] EMC_FREQ 0% GR3D_FREQ 0% GR3D2_FREQ 0%@0 CV0@55.625C CPU@58.437C SOC2@56.75C SOC0@57.687C CV1@55.656C GPU@56.218C tj@59.281C SOC1@59.281C CV2@55.906C
08-21-2026 20:00:04 RAM 4308/15389MB (lfb 1153x4MB) SWAP 0/7694MB (cached 0MB) CPU [0%@1984,0%@1984,0%@1984,0%@1984,0%@1574,0%@1574,0%@1574,0%@1574] EMC_FREQ 0% GR3D_FREQ 0% GR3D2_FREQ 0%@0 CV0@55.656C CPU@58.468C SOC2@56.812C SOC0@57.687C CV1@55.687C GPU@56.25C tj@59.156C SOC1@59.156C CV2@55.968C
08-21-2026 20:00:04 RAM 4308/15389MB (lfb 1153x4MB) SWAP 0/7694MB (cached 0MB) CPU [0%@1984,0%@1984,50%@1984,0%@1984,50%@1267,0%@1267,0%@1267,0%@1267] EMC_FREQ 0% GR3D_FREQ 23% GR3D2_FREQ 23%@0 CV0@55.687C CPU@58.406C SOC2@56.718C SOC0@57.656C CV1@55.718C GPU@56.437C tj@58.968C SOC1@58.968C CV2@56.031C
08-21-2026 20:00:04 RAM 4308/15389MB (lfb 1153x4MB) SWAP 0/7694MB (cached 0MB) CPU [50%@1984,0%@1984,0%@1984,0%@1984,0%@1420,0%@1420,0%@1420,0%@1420] EMC_FREQ 0% GR3D_FREQ 23% GR3D2_FREQ 23%@0 CV0@55.687C CPU@58.718C SOC2@56.906C SOC0@57.531C CV1@55.625C GPU@56.25C tj@59C SOC1@59C CV2@56.125C
08-21-2026 20:00:04 RAM 4308/15389MB (lfb 1153x4MB) SWAP 0/7694MB (cached 0MB) CPU [50%@806,0%@806,0%@806,0%@806,50%@1344,0%@1344,0%@1344,0%@1344] EMC_FREQ 0% GR3D_FREQ 0% GR3D2_FREQ 0%@0 CV0@55.593C CPU@58.687C SOC2@56.937C SOC0@57.656C CV1@55.906C GPU@56.187C tj@59.031C SOC1@59.031C CV2@56.031C
08-21-2026 20:00:04 RAM 4308/15389MB (lfb 1153x4MB) SWAP 0/7694MB (cached 0MB) CPU [0%@883,0%@883,0%@883,0%@883,0%@1420,0%@1420,0%@1420,0%@1420] EMC_FREQ 0% GR3D_FREQ 0% GR3D2_FREQ 0%@0 CV0@55.718C CPU@58.593C SOC2@56.843C SOC0@57.656C CV1@55.75C GPU@56.312C tj@58.968C SOC1@59.125C CV2@56C
08-21-2026 20:00:04 RAM 4308/15389MB (lfb 1153x4MB) SWAP 0/7694MB (cached 0MB) CPU [0%@1984,0%@1984,50%@1984,0%@1984,50%@1344,0%@1344,0%@1344,0%@1344] EMC_FREQ 0% GR3D_FREQ 19% GR3D2_FREQ 19%@0 CV0@55.812C CPU@58.625C SOC2@56.906C SOC0@57.625C CV1@55.781C GPU@56.531C tj@59C SOC1@59C CV2@55.875C
08-21-2026 20:00:04 RAM 4308/15389MB (lfb 1153x4MB) SWAP 0/7694MB (cached 0MB) CPU [0%@883,0%@883,0%@883,0%@883,0%@1497,0%@1497,50%@1497,50%@1497] EMC_FREQ 0% GR3D_FREQ 8% GR3D2_FREQ 8%@0 CV0@55.718C CPU@58.625C SOC2@56.875C SOC0@57.656C CV1@55.781C GPU@56.5C tj@58.968C SOC1@58.968C CV2@55.906C
08-21-2026 20:00:04 RAM 4308/15389MB (lfb 1153x4MB) SWAP 0/7694MB (cached 0MB) CPU [50%@1984,0%@1984,100%@1984,0%@1984,50%@1267,0%@1267,0%@1267,0%@1267] EMC_FREQ 0% GR3D_FREQ 14% GR3D2_FREQ 14%@0 CV0@55.75C CPU@58.531C SOC2@56.906C SOC0@57.531C CV1@55.625C GPU@56.187C tj@59.281C SOC1@59.281C CV2@55.843C
08-21-2026 20:00:04 RAM 4308/15389MB (lfb 1153x4MB) SWAP 0/7694MB (cached 0MB) CPU [50%@1984,0%@1984,0%@1984,50%@1984,0%@1420,100%@1420,0%@1420,0%@1420] EMC_FREQ 0% GR3D_FREQ 14% GR3D2_FREQ 14%@0 CV0@55.687C CPU@58.406C SOC2@56.875C SOC0@57.718C CV1@55.75C GPU@56.343C tj@59.343C SOC1@59.343C CV2@55.812C
08-21-2026 20:00:05 RAM 4308/15389MB (lfb 1153x4MB) SWAP 0/7694MB (cached 0MB) CPU [0%@1984,0%@1984,0%@1984,0%@1984,0%@1420,0%@1420,0%@1420,0%@1420] EMC_FREQ 0% GR3D_FREQ 22% GR3D2_FREQ 22%@0 CV0@55.687C CPU@58.312C SOC2@56.812C SOC0@57.625C CV1@55.593C GPU@56.156C tj@59C SOC1@59C CV2@55.875C
08-21-2026 20:00:05 RAM 4308/15389MB (lfb 1153x4MB) SWAP 0/7694MB (cached 0MB) CPU [50%@806,50%@806,100%@806,0%@806,0%@1344,50%@1344,0%@1344,50%@1344] EMC_FREQ 0% GR3D_FREQ 0% GR3D2_FREQ 0%@0 CV0@55.625C CPU@58.406C SOC2@56.718C SOC0@57.687C CV1@55.656C GPU@56.187C tj@59.093C SOC1@59.093C CV2@55.968C
08-21-2026 20:00:05 RAM 4308/15389MB (lfb 1153x4MB) SWAP 0/7694MB (cached 0MB) CPU [0%@1984,0%@1984,0%@1984,0%@1984,0%@1344,0%@1344,0%@1344,0%@1344] EMC_FREQ 0% GR3D_FREQ 0% GR3D2_FREQ 19%@0 CV0@55.625C CPU@58.375C SOC2@56.906C SOC0@57.75C CV1@55.656C GPU@56.375C tj@59.062C SOC1@59.062C CV2@55.968C
08-21-2026 20:00:05 RAM 4308/15389MB (lfb 1153x4MB) SWAP 0/7694MB (cached 0MB) CPU [0%@883,0%@883,50%@883,0%@883,0%@1267,0%@1267,0%@1267,0%@1267] EMC_FREQ 0% GR3D_FREQ 19% GR3D2_FREQ 19%@0 CV0@55.687C CPU@58.812C SOC2@56.812C SOC0@57.531C CV1@55.718C GPU@56.468C tj@59.031C SOC1@59.031C CV2@56.031C
08-21-2026 20:00:05 RAM 4308/15389MB (lfb 1153x4MB) SWAP 0/7694MB (cached 0MB) CPU [0%@1984,0%@1984,0%@1984,0%@1984,0%@1420,0%@1420,0%@1420,100%@1420] EMC_FREQ 0% GR3D_FREQ 18% GR3D2_FREQ 18%@0 CV0@55.718C CPU@58.718C SOC2@56.781C SOC0@57.593C CV1@55.718C GPU@56.218C tj@58.968C SOC1@58.968C CV2@55.937C
08-21-2026 20:00:05 RAM 4308/15389MB (lfb 1153x4MB) SWAP 0/7694MB (cached 0MB) CPU [0%@1984,0%@1984,0%@1984,0%@1984,0%@1344,0%@1344,0%@1344,0%@1344] EMC_FREQ 0% GR3D_FREQ 7% GR3D2_FREQ 7%@0 CV0@55.687C CPU@58.75C SOC2@56.937C SOC0@57.625C CV1@55.75C GPU@56.187C tj@59C SOC1@59C CV2@55.843C
08-21-2026 20:00:05 RAM 4308/15389MB (lfb 1153x4MB) SWAP 0/7694MB (cached 0MB) CPU [0%@1984,0%@1984,100%@1984,0%@1984,50%@1420,0%@1420,33%@1420,50%@1420] EMC_FREQ 0% GR3D_FREQ 7% GR3D2_FREQ 7%@0 CV0@55.687C CPU@58.5C SOC2@56.875C SOC0@57.781C CV1@55.75C GPU@56.406C tj@59.062C SOC1@59.062C CV2@55.812C
08-21-2026 20:00:05 RAM 4308/15389MB (lfb 1153x4MB) SWAP 0/7694MB (cached 0MB) CPU [0%@1984,0%@1984,0%@1984,0%@1984,0%@1267,0%@1267,0%@1267,0%@1267] EMC_FREQ 0% GR3D_FREQ 19% GR3D2_FREQ 19%@0 CV0@55.656C CPU@58.562C SOC2@56.843C SOC0@57.75C CV1@55.625C GPU@56.187C tj@59.218C SOC1@59.218C CV2@55.906C
08-21-2026 20:00:05 RAM 4308/15389MB (lfb 1153x4MB) SWAP 0/7694MB (cached 0MB) CPU [0%@1984,0%@1984,0%@1984,33%@1984,50%@1267,0%@1267,0%@1267,100%@1267] EMC_FREQ 0% GR3D_FREQ 0% GR3D2_FREQ 0%@0 CV0@55.781C CPU@58.562C SOC2@56.75C SOC0@57.718C CV1@55.562C GPU@56.25C tj@59.218C SOC1@59.218C CV2@56.062C
08-21-2026 20:00:05 RAM 4308/15389MB (lfb 1153x4MB) SWAP 0/7694MB (cached 0MB) CPU [0%@1984,0%@1984,50%@1984,0%@1984,0%@1267,50%@1267,50%@1267,0%@1267] EMC_FREQ 0% GR3D_FREQ 0% GR3D2_FREQ 22%@0 CV0@55.625C CPU@58.531C SOC2@56.812C SOC0@57.656C CV1@55.625C GPU@56.437C tj@59.125C SOC1@59.125C CV2@56.093C
08-21-2026 20:00:05 RAM 4308/15389MB (lfb 1153x4MB) SWAP 0/7694MB (cached 0MB) CPU [0%@1984,0%@1984,0%@1984,0%@1984,0%@1344,0%@1344,0%@1344,100%@1344] EMC_FREQ 0% GR3D_FREQ 22% GR3D2_FREQ 22%@0 CV0@55.625C CPU@58.5C SOC2@56.875C SOC0@57.656C CV1@55.718C GPU@56.406C tj@59.156C SOC1@59.156C CV2@56C
08-21-2026 20:00:05 RAM 4308/15389MB (lfb 1153x4MB) SWAP 0/7694MB (cached 0MB) CPU [0%@960,0%@960,50%@960,50%@960,0%@1344,0%@1344,0%@1344,50%@1344] EMC_FREQ 0% GR3D_FREQ 19% GR3D2_FREQ 19%@0 CV0@55.656C CPU@58.437C SOC2@56.875C SOC0@57.625C CV1@55.781C GPU@56.187C tj@59C SOC1@59C CV2@55.937C
08-21-2026 20:00:05 RAM 4308/15389MB (lfb 1153x4MB) SWAP 0/7694MB (cached 0MB) CPU [0%@1984,50%@1984,0%@1984,0%@1984,0%@1267,0%@1267,0%@1267,0%@1267] EMC_FREQ 0% GR3D_FREQ 0% GR3D2_FREQ 0%@0 CV0@55.781C CPU@58.593C SOC2@56.812C SOC0@57.531C CV1@55.718C GPU@56.312C tj@58.937C SOC1@58.937C CV2@55.968C
08-21-2026 20:00:05 RAM 4308/15389MB (lfb 1153x4MB) SWAP 0/7694MB (cached 0MB) CPU [0%@1984,0%@1984,0%@1984,0%@1984,0%@1420,0%@1420,0%@1420,100%@1420] EMC_FREQ 0% GR3D_FREQ 0% GR3D2_FREQ 0%@0 CV0@55.75C CPU@58.562C SOC2@56.843C SOC0@57.625C CV1@55.656C GPU@56.187C tj@59.062C SOC1@59.062C CV2@55.875C
08-21-2026 20:00:05 RAM 4308/15389MB (lfb 1153x4MB) SWAP 0/7694MB (cached 0MB) CPU [0%@806,0%@806,100%@806,0%@806,0%@1344,0%@1344,50%@1344,0%@1344] EMC_FREQ 0% GR3D_FREQ 19% GR3D2_FREQ 19%@0 CV0@55.75C CPU@58.562C SOC2@56.718C SOC0@57.656C CV1@55.656C GPU@56.312C tj@59.031C SOC1@59.031C CV2@55.968C
08-21-2026 20:00:05 RAM 4308/15389MB (lfb 1153x4MB) SWAP 0/7694MB (cached 0MB) CPU [66%@960,0%@960,50%@960,0%@960,50%@1420,0%@1420,0%@1420,0%@1420] EMC_FREQ 0% GR3D_FREQ 8% GR3D2_FREQ 8%@0 CV0@55.625C CPU@58.468C SOC2@56.843C SOC0@57.75C CV1@55.625C GPU@56.25C tj@59.343C SOC1@59.343C CV2@55.968C
08-21-2026 20:00:05 RAM 4308/15389MB (lfb 1153x4MB) SWAP 0/7694MB (cached 0MB) CPU [0%@960,0%@960,0%@960,0%@960,0%@1267,0%@1267,0%@1267,0%@1267] EMC_FREQ 0% GR3D_FREQ 14% GR3D2_FREQ 14%@0 CV0@55.75C CPU@58.468C SOC2@56.718C SOC0@57.687C CV1@55.625C GPU@56.5C tj@59.187C SOC1@59.187C CV2@55.937C
08-21-2026 20:00:05 RAM 4308/15389MB (lfb 1153x4MB) SWAP 0/7694MB (cached 0MB) CPU [0%@1984,0%@1984,0%@1984,0%@1984,100%@1420,0%@1420,0%@1420,0%@1420] EMC_FREQ 0% GR3D_FREQ 14% GR3D2_FREQ 14%@0 CV0@55.687C CPU@58.406C SOC2@56.875C SOC0@57.656C CV1@55.562C GPU@56.406C tj@59.187C SOC1@59.187C CV2@55.937C
08-21-2026 20:00:05 RAM 4308/15389MB (lfb 1153x4MB) SWAP 0/7694MB (cached 0MB) CPU [0%@729,0%@729,0%@729,0%@729,0%@1267,0%@1267,0%@1267,0%@1267] EMC_FREQ 0% GR3D_FREQ 23% GR3D2_FREQ 23%@0 CV0@55.75C CPU@58.312C SOC2@56.812C SOC0@57.687C CV1@55.593C GPU@56.218C tj@59.187C SOC1@59.187C CV2@56.031C
08-21-2026 20:00:05 RAM 4308/15389MB (lfb 1153x4MB) SWAP 0/7694MB (cached 0MB) CPU [0%@1984,0%@1984,50%@1984,0%@1984,100%@1344,50%@1344,0%@1344,0%@1344] EMC_FREQ 0% GR3D_FREQ 0% GR3D2_FREQ 0%@0 CV0@55.718C CPU@58.437C SOC2@56.875C SOC0@57.593C CV1@55.593C GPU@56.375C tj@59.125C SOC1@59.125C CV2@56C
08-21-2026 20:00:05 RAM 4308/15389MB (lfb 1153x4MB) SWAP 0/7694MB (cached 0MB) CPU [0%@1984,0%@1984,100%@1984,50%@1984,0%@1344,0%@1344,0%@1344,0%@1344] EMC_FREQ 0% GR3D_FREQ 22% GR3D2_FREQ 22%@0 CV0@55.656C CPU@58.312C SOC2@56.875C SOC0@57.656C CV1@55.906C GPU@56.187C tj@59.062C SOC1@59.062C CV2@56C
08-21-2026 20:00:05 RAM 4308/15389MB (lfb 1153x4MB) SWAP 0/7694MB (cached 0MB) CPU [0%@806,0%@806,50%@806,0%@806,0%@1267,0%@1267,50%@1267,0%@1267] EMC_FREQ 0% GR3D_FREQ 22% GR3D2_FREQ 22%@0 CV0@55.562C CPU@58.562C SOC2@56.968C SOC0@57.656C CV1@55.781C GPU@56.5C tj@59.062C SOC1@59.062C CV2@55.843C
08-21-2026 20:00:05 RAM 4308/15389MB (lfb 1153x4MB) SWAP 0/7694MB (cached 0MB) CPU [0%@1984,0%@1984,0%@1984,0%@1984,0%@1420,0%@1420,50%@1420,0%@1420] EMC_FREQ 0% GR3D_FREQ 5% GR3D2_FREQ 5%@0 CV0@55.687C CPU@58.562C SOC2@56.812C SOC0@57.656C CV1@55.687C GPU@56.25C tj@59C SOC1@59C CV2@55.906C
08-21-2026 20:00:05 RAM 4308/15389MB (lfb 1153x4MB) SWAP 0/7694MB (cached 0MB) CPU [50%@729,50%@729,50%@729,0%@729,0%@1344,0%@1344,0%@1344,0%@1344] EMC_FREQ 0% GR3D_FREQ 17% GR3D2_FREQ 17%@0 CV0@55.718C CPU@58.406C SOC2@56.906C SOC0@57.75C CV1@55.593C GPU@56.343C tj@59.062C SOC1@59.062C CV2@55.906C
08-21-2026 20:00:05 RAM 4308/15389MB (lfb 1153x4MB) SWAP 0/7694MB (cached 0MB) CPU [0%@883,0%@883,0%@883,0%@883,0%@1420,0%@1420,50%@1420,50%@1420] EMC_FREQ 0% GR3D_FREQ 23% GR3D2_FREQ 23%@0 CV0@55.718C CPU@58.437C SOC2@56.843C SOC0@57.75C CV1@55.812C GPU@56.343C tj@59.062C SOC1@59.062C CV2@55.812C
08-21-2026 20:00:05 RAM 4308/15389MB (lfb 1153x4MB) SWAP 0/7694MB (cached 0MB) CPU [0%@883,0%@883,0%@883,0%@1984,0%@1267,50%@1267,0%@1267,0%@1267] EMC_FREQ 0% GR3D_FREQ 23% GR3D2_FREQ 23%@0 CV0@55.687C CPU@58.468C SOC2@56.843C SOC0@57.75C CV1@55.75C GPU@56.125C tj@59.093C SOC1@59.093C CV2@55.812C
08-21-2026 20:00:05 RAM 4308/15389MB (lfb 1153x4MB) SWAP 0/7694MB (cached 0MB) CPU [0%@1984,0%@1984,0%@1984,66%@1984,0%@1651,0%@1651,0%@1651,0%@1651] EMC_FREQ 0% GR3D_FREQ 0% GR3D2_FREQ 0%@0 CV0@55.718C CPU@58.593C SOC2@56.687C SOC0@57.656C CV1@55.656C GPU@56.25C tj@59.062C SOC1@59.093C CV2@56.031C
08-21-2026 20:00:05 RAM 4308/15389MB (lfb 1153x4MB) SWAP 0/7694MB (cached 0MB) CPU [0%@806,50%@806,50%@806,0%@806,0%@1420,0%@1420,0%@1420,0%@1420] EMC_FREQ 0% GR3D_FREQ 22% GR3D2_FREQ 22%@0 CV0@55.562C CPU@58.468C SOC2@56.843C SOC0@57.75C CV1@55.75C GPU@56.468C tj@59.093C SOC1@59.093C CV2@55.968C
08-21-2026 20:00:05 RAM 4308/15389MB (lfb 1153x4MB) SWAP 0/7694MB (cached 0MB) CPU [50%@883,33%@883,0%@883,0%@883,0%@1420,0%@1420,50%@1420,0%@1420] EMC_FREQ 0% GR3D_FREQ 22% GR3D2_FREQ 22%@0 CV0@55.718C CPU@58.5C SOC2@56.843C SOC0@57.593C CV1@55.531C GPU@56.437C tj@59.062C SOC1@59.062C CV2@56C
08-21-2026 20:00:05 RAM 4308/15389MB (lfb 1153x4MB) SWAP 0/7694MB (cached 0MB) CPU [0%@1984,0%@1984,100%@1984,0%@1984,0%@1344,0%@1344,50%@1344,0%@1344] EMC_FREQ 0% GR3D_FREQ 22% GR3D2_FREQ 22%@0 CV0@55.593C CPU@58.437C SOC2@56.906C SOC0@57.656C CV1@55.875C GPU@56.25C tj@59.062C SOC1@59.062C CV2@56C
08-21-2026 20:00:05 RAM 4308/15389MB (lfb 1153x4MB) SWAP 0/7694MB (cached 0MB) CPU [0%@1984,0%@1984,0%@1984,0%@1984,0%@1574,0%@1574,0%@1574,0%@1574] EMC_FREQ 0% GR3D_FREQ 0% GR3D2_FREQ 0%@0 CV0@55.625C CPU@58.375C SOC2@56.75C SOC0@57.687C CV1@55.75C GPU@56.156C tj@58.968C SOC1@58.968C CV2@55.937C
08-21-2026 20:00:05 RAM 4308/15389MB (lfb 1153x4MB) SWAP 0/7694MB (cached 0MB) CPU [0%@806,0%@806,50%@806,0%@806,0%@1267,0%@1267,50%@1267,0%@1267] EMC_FREQ 0% GR3D_FREQ 23% GR3D2_FREQ 23%@0 CV0@55.687C CPU@58.5C SOC2@56.937C SOC0@57.687C CV1@55.812C GPU@56.343C tj@59.062C SOC1@59.062C CV2@55.968C
08-21-2026 20:00:05 RAM 4308/15389MB (lfb 1153x4MB) SWAP 0/7694MB (cached 0MB) CPU [0%@883,0%@883,50%@883,0%@883,0%@1344,0%@1344,0%@1420,0%@1420] EMC_FREQ 0% GR3D_FREQ 23% GR3D2_FREQ 23%@0 CV0@55.781C CPU@58.5C SOC2@56.75C SOC0@57.562C CV1@55.812C GPU@56.531C tj@59.187C SOC1@59.187C CV2@56C
08-21-2026 20:00:05 RAM 4308/15389MB (lfb 1153x4MB) SWAP 0/7694MB (cached 0MB) CPU [0%@806,0%@806,0%@806,50%@806,0%@1344,0%@1344,0%@1344,0%@1344] EMC_FREQ 0% GR3D_FREQ 18% GR3D2_FREQ 18%@0 CV0@55.718C CPU@58.468C SOC2@56.843C SOC0@57.593C CV1@55.75C GPU@56.312C tj@59.187C SOC1@59.187C CV2@55.968C
08-21-2026 20:00:05 RAM 4308/15389MB (lfb 1153x4MB) SWAP 0/7694MB (cached 0MB) CPU [0%@1984,0%@1984,0%@1984,0%@1984,0%@1420,0%@1420,50%@1420,0%@1420] EMC_FREQ 0% GR3D_FREQ 4% GR3D2_FREQ 4%@0 CV0@55.656C CPU@58.468C SOC2@56.718C SOC0@57.75C CV1@55.687C GPU@56.25C tj@59.187C SOC1@59.187C CV2@55.75C
08-21-2026 20:00:05 RAM 4308/15389MB (lfb 1153x4MB) SWAP 0/7694MB (cached 0MB) CPU [50%@1984,0%@1984,0%@1984,0%@1984,0%@1344,0%@1344,50%@1344,0%@1344] EMC_FREQ 0% GR3D_FREQ 19% GR3D2_FREQ 19%@0 CV0@55.718C CPU@58.562C SOC2@56.781C SOC0@57.687C CV1@55.687C GPU@56.375C tj@59.156C SOC1@59.156C CV2@56C
08-21-2026 20:00:05 RAM 4308/15389MB (lfb 1153x4MB) SWAP 0/7694MB (cached 0MB) CPU [0%@1984,50%@1984,50%@1984,0%@1984,0%@1344,0%@1344,0%@1344,0%@1344] EMC_FREQ 0% GR3D_FREQ 19% GR3D2_FREQ 19%@0 CV0@55.687C CPU@58.468C SOC2@56.687C SOC0@57.656C CV1@55.625C GPU@56.125C tj@59.125C SOC1@59.125C CV2@56.062C
08-21-2026 20:00:05 RAM 4308/15389MB (lfb 1153x4MB) SWAP 0/7694MB (cached 0MB) CPU [0%@1984,0%@1984,50%@1984,50%@1984,50%@1420,0%@1420,0%@1420,0%@1420] EMC_FREQ 0% GR3D_FREQ 0% GR3D2_FREQ 0%@0 CV0@55.531C CPU@58.5C SOC2@56.937C SOC0@57.687C CV1@55.656C GPU@56.312C tj@59.156C SOC1@59.156C CV2@56.093C
08-21-2026 20:00:05 RAM 4308/15389MB (lfb 1153x4MB) SWAP 0/7694MB (cached 0MB) CPU [0%@1984,0%@1984,0%@1984,0%@1984,0%@1344,0%@1344,50%@1344,0%@1344] EMC_FREQ 0% GR3D_FREQ 23% GR3D2_FREQ 23%@0 CV0@55.75C CPU@58.562C SOC2@56.75C SOC0@57.687C CV1@55.687C GPU@56.343C tj@59.125C SOC1@59.125C CV2@56.062C
08-21-2026 20:00:05 RAM 4308/15389MB (lfb 1153x4MB) SWAP 0/7694MB (cached 0MB) CPU [50%@729,0%@729,0%@729,0%@729,0%@1344,50%@1344,0%@1344,0%@1344] EMC_FREQ 0% GR3D_FREQ 6% GR3D2_FREQ 6%@0 CV0@55.531C CPU@58.625C SOC2@56.843C SOC0@57.593C CV1@55.75C GPU@56.468C tj@59.062C SOC1@59.062C CV2@56C
08-21-2026 20:00:05 RAM 4308/15389MB (lfb 1153x4MB) SWAP 0/7694MB (cached 0MB) CPU [0%@883,0%@883,50%@883,0%@883,0%@1344,0%@1344,0%@1344,0%@1344] EMC_FREQ 0% GR3D_FREQ 6% GR3D2_FREQ 6%@0 CV0@55.718C CPU@58.562C SOC2@56.875C SOC0@57.656C CV1@55.781C GPU@56.25C tj@59.093C SOC1@59.093C CV2@55.968C
08-21-2026 20:00:05 RAM 4308/15389MB (lfb 1153x4MB) SWAP 0/7694MB (cached 0MB) CPU [50%@1984,0%@1984,0%@1984,0%@1984,100%@1267,0%@1267,0%@1267,0%@1267] EMC_FREQ 0% GR3D_FREQ 16% GR3D2_FREQ 16%@0 CV0@55.718C CPU@58.593C SOC2@56.906C SOC0@57.593C CV1@55.718C GPU@56.375C tj@58.937C SOC1@58.937C CV2@55.875C
08-21-2026 20:00:05 RAM 4308/15389MB (lfb 1153x4MB) SWAP 0/7694MB (cached 0MB) CPU [0%@806,0%@806,0%@806,0%@806,0%@1420,0%@1420,0%@1420,0%@1420] EMC_FREQ 0% GR3D_FREQ 19% GR3D2_FREQ 19%@0 CV0@55.687C CPU@58.687C SOC2@56.75C SOC0@57.718C CV1@55.75C GPU@56.406C tj@58.937C SOC1@58.937C CV2@55.812C
08-21-2026 20:00:05 RAM 4308/15389MB (lfb 1153x4MB) SWAP 0/7694MB (cached 0MB) CPU [0%@1984,0%@1984,50%@1984,0%@1984,100%@1190,0%@1190,0%@1190,0%@1190] EMC_FREQ 0% GR3D_FREQ 19% GR3D2_FREQ 19%@0 CV0@55.75C CPU@58.656C SOC2@56.812C SOC0@57.656C CV1@55.781C GPU@56.281C tj@59C SOC1@59C CV2@56C
08-21-2026 20:00:05 RAM 4308/15389MB (lfb 1153x4MB) SWAP 0/7694MB (cached 0MB) CPU [0%@806,50%@806,0%@806,0%@806,50%@1420,0%@1420,0%@1420,0%@1420] EMC_FREQ 0% GR3D_FREQ 0% GR3D2_FREQ 0%@0 CV0@55.75C CPU@58.5C SOC2@56.812C SOC0@57.562C CV1@55.562C GPU@56.281C tj@59.25C SOC1@59.25C CV2@55.968C
08-21-2026 20:00:05 RAM 4308/15389MB (lfb 1153x4MB) SWAP 0/7694MB (cached 0MB) CPU [0%@883,0%@883,0%@883,0%@883,0%@1344,0%@1344,0%@1344,50%@1344] EMC_FREQ 0% GR3D_FREQ 22% GR3D2_FREQ 22%@0 CV0@55.562C CPU@58.406C SOC2@56.843C SOC0@57.718C CV1@55.687C GPU@56.5C tj@59.062C SOC1@59.062C CV2@55.968C
08-21-2026 20:00:05 RAM 4308/15389MB (lfb 1153x4MB) SWAP 0/7694MB (cached 0MB) CPU [50%@1984,0%@1984,100%@1984,50%@1984,100%@1344,0%@1344,0%@1344,0%@1344] EMC_FREQ 0% GR3D_FREQ 11% GR3D2_FREQ 11%@0 CV0@55.625C CPU@58.75C SOC2@56.875C SOC0@57.718C CV1@55.718C GPU@56.437C tj@59C SOC1@59C CV2@56C
08-21-2026 20:00:05 RAM 4308/15389MB (lfb 1153x4MB) SWAP 0/7694MB (cached 0MB) CPU [0%@1113,0%@1113,50%@1113,50%@1113,50%@1420,0%@1420,0%@1420,0%@1420] EMC_FREQ 0% GR3D_FREQ 11% GR3D2_FREQ 11%@0 CV0@55.656C CPU@58.687C SOC2@56.843C SOC0@57.593C CV1@55.781C GPU@56.156C tj@59.156C SOC1@59.156C CV2@56C
08-21-2026 20:00:05 RAM 4308/15389MB (lfb 1153x4MB) SWAP 0/7694MB (cached 0MB) CPU [0%@1036,0%@1036,0%@1036,0%@1036,0%@1420,0%@1420,0%@1420,0%@1420] EMC_FREQ 0% GR3D_FREQ 11% GR3D2_FREQ 11%@0 CV0@55.75C CPU@58.625C SOC2@56.843C SOC0@57.656C CV1@55.781C GPU@56.406C tj@59C SOC1@59C CV2@55.875C
08-21-2026 20:00:05 RAM 4308/15389MB (lfb 1153x4MB) SWAP 0/7694MB (cached 0MB) CPU [0%@883,0%@883,0%@883,0%@883,0%@1267,0%@1267,33%@1267,50%@1267] EMC_FREQ 0% GR3D_FREQ 23% GR3D2_FREQ 23%@0 CV0@55.75C CPU@58.625C SOC2@56.843C SOC0@57.656C CV1@55.781C GPU@56.187C tj@59C SOC1@59C CV2@55.906C
08-21-2026 20:00:05 RAM 4308/15389MB (lfb 1153x4MB) SWAP 0/7694MB (cached 0MB) CPU [0%@960,0%@960,0%@960,0%@960,100%@1344,0%@1344,0%@1344,0%@1344] EMC_FREQ 0% GR3D_FREQ 0% GR3D2_FREQ 0%@0 CV0@55.781C CPU@58.468C SOC2@56.75C SOC0@57.531C CV1@55.718C GPU@56.5C tj@59.281C SOC1@59.281C CV2@55.937C
08-21-2026 20:00:05 RAM 4308/15389MB (lfb 1153x4MB) SWAP 0/7694MB (cached 0MB) CPU [0%@1984,50%@1984,0%@1984,0%@1984,0%@1420,0%@1420,0%@1420,0%@1420] EMC_FREQ 0% GR3D_FREQ 0% GR3D2_FREQ 0%@0 CV0@55.687C CPU@58.593C SOC2@56.781C SOC0@57.656C CV1@55.593C GPU@56.25C tj@59.187C SOC1@59.187C CV2@56C
08-21-2026 20:00:05 RAM 4308/15389MB (lfb 1153x4MB) SWAP 0/7694MB (cached 0MB) CPU [0%@1984,0%@1984,0%@1984,0%@1984,100%@1344,0%@1344,0%@1344,0%@1344] EMC_FREQ 0% GR3D_FREQ 19% GR3D2_FREQ 19%@0 CV0@55.656C CPU@58.343C SOC2@56.843C SOC0@57.75C CV1@55.656C GPU@56.468C tj@59.093C SOC1@59.093C CV2@55.906C
08-21-2026 20:00:05 RAM 4308/15389MB (lfb 1153x4MB) SWAP 0/7694MB (cached 0MB) CPU [0%@1984,50%@1984,0%@1984,50%@1984,0%@1344,0%@1344,0%@1344,0%@1344] EMC_FREQ 0% GR3D_FREQ 20% GR3D2_FREQ 20%@0 CV0@55.625C CPU@58.406C SOC2@56.937C SOC0@57.687C CV1@55.687C GPU@56.218C tj@59.125C SOC1@59.125C CV2@55.843C
08-21-2026 20:00:05 RAM 4308/15389MB (lfb 1153x4MB) SWAP 0/7694MB (cached 0MB) CPU [0%@1984,0%@1984,0%@1984,0%@1984,50%@1267,0%@1267,0%@1267,0%@1267] EMC_FREQ 0% GR3D_FREQ 20% GR3D2_FREQ 20%@0 CV0@55.593C CPU@58.343C SOC2@56.906C SOC0@57.656C CV1@55.593C GPU@56.312C tj@59C SOC1@59C CV2@55.906C
08-21-2026 20:00:05 RAM 4308/15389MB (lfb 1153x4MB) SWAP 0/7694MB (cached 0MB) CPU [50%@1984,0%@1984,0%@1984,100%@1984,0%@1420,0%@1420,0%@1420,0%@1420] EMC_FREQ 0% GR3D_FREQ 0% GR3D2_FREQ 0%@0 CV0@55.687C CPU@58.375C SOC2@56.812C SOC0@57.531C CV1@55.75C GPU@56.343C tj@58.968C SOC1@58.968C CV2@56C
08-21-2026 20:00:05 RAM 4308/15389MB (lfb 1153x4MB) SWAP 0/7694MB (cached 0MB) CPU [0%@1984,0%@1984,0%@1984,0%@1984,0%@1190,0%@1190,0%@1190,0%@1190] EMC_FREQ 0% GR3D_FREQ 19% GR3D2_FREQ 19%@0 CV0@55.593C CPU@58.718C SOC2@56.781C SOC0@57.656C CV1@55.75C GPU@56.125C tj@59C SOC1@59C CV2@55.968C
08-21-2026 20:00:05 RAM 4308/15389MB (lfb 1153x4MB) SWAP 0/7694MB (cached 0MB) CPU [50%@1984,0%@1984,0%@1984,50%@1984,50%@1420,0%@1420,50%@1420,0%@1420] EMC_FREQ 0% GR3D_FREQ 17% GR3D2_FREQ 17%@0 CV0@55.812C CPU@58.5C SOC2@56.718C SOC0@57.562C CV1@55.656C GPU@56.187C tj@59.031C SOC1@59.031C CV2@55.937C
08-21-2026 20:00:05 RAM 4308/15389MB (lfb 1153x4MB) SWAP 0/7694MB (cached 0MB) CPU [50%@960,0%@960,0%@960,50%@960,50%@1267,0%@1267,0%@1267,0%@1267] EMC_FREQ 0% GR3D_FREQ 17% GR3D2_FREQ 17%@0 CV0@55.812C CPU@58.5C SOC2@56.812C SOC0@57.812C CV1@55.75C GPU@56.25C tj@59.031C SOC1@59.031C CV2@56C
08-21-2026 20:00:05 RAM 4308/15389MB (lfb 1153x4MB) SWAP 0/7694MB (cached 0MB) CPU [0%@1036,0%@1036,0%@1036,0%@1036,100%@1344,0%@1344,0%@1344,0%@1344] EMC_FREQ 0% GR3D_FREQ 5% GR3D2_FREQ 5%@0 CV0@55.843C CPU@58.375C SOC2@56.843C SOC0@57.75C CV1@55.687C GPU@56.406C tj@58.937C SOC1@58.937C CV2@56.031C
08-21-2026 20:00:05 RAM 4308/15389MB (lfb 1153x4MB) SWAP 0/7694MB (cached 0MB) CPU [0%@1984,0%@1984,0%@1984,50%@1984,0%@1420,0%@1420,0%@1420,50%@1420] EMC_FREQ 0% GR3D_FREQ 22% GR3D2_FREQ 22%@0 CV0@55.718C CPU@58.375C SOC2@56.812C SOC0@57.75C CV1@55.781C GPU@56.125C tj@59.218C SOC1@59.218C CV2@56C
08-21-2026 20:00:05 RAM 4308/15389MB (lfb 1153x4MB) SWAP 0/7694MB (cached 0MB) CPU [0%@1984,0%@1984,0%@1984,0%@1984,100%@1344,0%@1344,0%@1344,0%@1344] EMC_FREQ 0% GR3D_FREQ 0% GR3D2_FREQ 0%@0 CV0@55.718C CPU@58.437C SOC2@56.75C SOC0@57.562C CV1@55.718C GPU@56.187C tj@59.25C SOC1@59.25C CV2@55.906C
08-21-2026 20:00:05 RAM 4308/15389MB (lfb 1153x4MB) SWAP 0/7694MB (cached 0MB) CPU [0%@960,0%@960,0%@960,0%@960,0%@1344,0%@1344,0%@1344,0%@1344] EMC_FREQ 0% GR3D_FREQ 0% GR3D2_FREQ 0%@0 CV0@55.687C CPU@58.375C SOC2@56.843C SOC0@57.625C CV1@55.656C GPU@56.281C tj@59.093C SOC1@59.093C CV2@56C
08-21-2026 20:00:05 RAM 4308/15389MB (lfb 1153x4MB) SWAP 0/7694MB (cached 0MB) CPU [0%@960,0%@960,0%@960,0%@1984,50%@1574,0%@1574,0%@1574,0%@1574] EMC_FREQ 0% GR3D_FREQ 22% GR3D2_FREQ 22%@0 CV0@55.687C CPU@58.343C SOC2@56.906C SOC0@57.593C CV1@55.812C GPU@56.5C tj@59.062C SOC1@59.062C CV2@56.031C
08-21-2026 20:00:05 RAM 4308/15389MB (lfb 1153x4MB) SWAP 0/7694MB (cached 0MB) CPU [0%@883,0%@883,0%@883,50%@883,100%@1344,0%@1344,0%@1344,0%@1344] EMC_FREQ 0% GR3D_FREQ 20% GR3D2_FREQ 20%@0 CV0@55.625C CPU@58.312C SOC2@56.75C SOC0@57.593C CV1@55.812C GPU@56.218C tj@59.218C SOC1@59.218C CV2@56C
08-21-2026 20:00:05 RAM 4308/15389MB (lfb 1153x4MB) SWAP 0/7694MB (cached 0MB) CPU [0%@806,0%@806,0%@806,50%@806,0%@1267,0%@1267,33%@1267,0%@1267] EMC_FREQ 0% GR3D_FREQ 0% GR3D2_FREQ 0%@0 CV0@55.593C CPU@58.406C SOC2@56.812C SOC0@57.625C CV1@55.812C GPU@56.187C tj@59.031C SOC1@59.031C CV2@55.906C
08-21-2026 20:00:05 RAM 4308/15389MB (lfb 1153x4MB) SWAP 0/7694MB (cached 0MB) CPU [0%@1984,0%@1984,0%@1984,50%@1984,0%@1420,33%@1420,0%@1420,0%@1420] EMC_FREQ 0% GR3D_FREQ 0% GR3D2_FREQ 0%@0 CV0@55.718C CPU@58.781C SOC2@56.781C SOC0@57.625C CV1@55.812C GPU@56.375C tj@58.937C SOC1@58.937C CV2@56C
08-21-2026 20:00:05 RAM 4308/15389MB (lfb 1153x4MB) SWAP 0/7694MB (cached 0MB) CPU [50%@1984,0%@1984,0%@1984,0%@1984,100%@1420,0%@1420,0%@1420,0%@1420] EMC_FREQ 0% GR3D_FREQ 19% GR3D2_FREQ 19%@0 CV0@55.843C CPU@58.593C SOC2@56.875C SOC0@57.625C CV1@55.718C GPU@56.156C tj@59.093C SOC1@59.093C CV2@56C
08-21-2026 20:00:05 RAM 4308/15389MB (lfb 1153x4MB) SWAP 0/7694MB (cached 0MB) CPU [0%@729,0%@729,0%@729,0%@729,0%@1497,0%@1497,0%@1497,0%@1497] EMC_FREQ 0% GR3D_FREQ 22% GR3D2_FREQ 22%@0 CV0@55.656C CPU@58.468C SOC2@56.812C SOC0@57.75C CV1@55.781C GPU@56.312C tj@59.25C SOC1@59.25C CV2@55.968C
08-21-2026 20:00:05 RAM 4308/15389MB (lfb 1153x4MB) SWAP 0/7694MB (cached 0MB) CPU [0%@1984,0%@1984,0%@1984,50%@1984,50%@1420,0%@1420,0%@1420,0%@1420] EMC_FREQ 0% GR3D_FREQ 22% GR3D2_FREQ 22%@0 CV0@55.781C CPU@58.437C SOC2@56.781C SOC0@57.687C CV1@55.625C GPU@56.468C tj@59.156C SOC1@59.156C CV2@55.875C
08-21-2026 20:00:05 RAM 4308/15389MB (lfb 1153x4MB) SWAP 0/7694MB (cached 0MB) CPU [66%@1984,50%@1984,0%@1984,0%@1984,0%@1420,0%@1420,0%@1420,0%@1420] EMC_FREQ 0% GR3D_FREQ 0% GR3D2_FREQ 0%@0 CV0@55.562C CPU@58.5C SOC2@56.812C SOC0@57.781C CV1@55.656C GPU@56.5C tj@59.093C SOC1@59.093C CV2@56C
08-21-2026 20:00:05 RAM 4308/15389MB (lfb 1153x4MB) SWAP 0/7694MB (cached 0MB) CPU [0%@1984,0%@1984,0%@1984,50%@1984,50%@1420,50%@1267,0%@1267,0%@1267] EMC_FREQ 0% GR3D_FREQ 23% GR3D2_FREQ 23%@0 CV0@55.687C CPU@58.437C SOC2@56.843C SOC0@57.687C CV1@55.625C GPU@56.218C tj@59.093C SOC1@59.093C CV2@55.937C
08-21-2026 20:00:05 RAM 4308/15389MB (lfb 1153x4MB) SWAP 0/7694MB (cached 0MB) CPU [0%@1984,0%@1984,0%@1984,0%@1984,0%@1420,0%@1420,0%@1420,0%@1420] EMC_FREQ 0% GR3D_FREQ 6% GR3D2_FREQ 6%@0 CV0@55.656C CPU@58.562C SOC2@56.812C SOC0@57.625C CV1@55.75C GPU@56.406C tj@59.093C SOC1@59.093C CV2@55.875C
08-21-2026 20:00:05 RAM 4308/15389MB (lfb 1153x4MB) SWAP 0/7694MB (cached 0MB) CPU [0%@883,0%@883,0%@883,0%@1984,50%@1420,0%@1420,0%@1420,0%@1420] EMC_FREQ 0% GR3D_FREQ 6% GR3D2_FREQ 6%@0 CV0@55.593C CPU@58.625C SOC2@56.781C SOC0@57.656C CV1@55.781C GPU@56.125C tj@59.031C SOC1@59.031C CV2@55.937C
08-21-2026 20:00:05 RAM 4308/15389MB (lfb 1153x4MB) SWAP 0/7694MB (cached 0MB) CPU [0%@1984,33%@1984,0%@1984,0%@1984,100%@1420,0%@1420,0%@1420,0%@1420] EMC_FREQ 0% GR3D_FREQ 14% GR3D2_FREQ 14%@0 CV0@55.75C CPU@58.531C SOC2@56.781C SOC0@57.625C CV1@55.781C GPU@56.281C tj@59.062C SOC1@59.062C CV2@55.906C
08-21-2026 20:00:05 RAM 4308/15389MB (lfb 1153x4MB) SWAP 0/7694MB (cached 0MB) CPU [0%@1984,0%@1984,0%@1984,50%@1984,0%@1344,0%@1344,0%@1344,0%@1344] EMC_FREQ 0% GR3D_FREQ 23% GR3D2_FREQ 23%@0 CV0@55.781C CPU@58.468C SOC2@56.718C SOC0@57.593C CV1@55.781C GPU@56.281C tj@59.218C SOC1@59.218C CV2@55.906C
08-21-2026 20:00:05 RAM 4308/15389MB (lfb 1153x4MB) SWAP 0/7694MB (cached 0MB) CPU [0%@1984,0%@1984,0%@1984,100%@1984,0%@1267,0%@1267,0%@1267,50%@1267] EMC_FREQ 0% GR3D_FREQ 23% GR3D2_FREQ 23%@0 CV0@55.75C CPU@58.406C SOC2@56.781C SOC0@57.687C CV1@55.656C GPU@56.437C tj@59.375C SOC1@59.375C CV2@55.875C
08-21-2026 20:00:05 RAM 4308/15389MB (lfb 1153x4MB) SWAP 0/7694MB (cached 0MB) CPU [0%@883,0%@883,0%@883,0%@883,100%@1344,0%@1344,50%@1344,0%@1344] EMC_FREQ 0% GR3D_FREQ 0% GR3D2_FREQ 0%@0 CV0@55.687C CPU@58.593C SOC2@56.781C SOC0@57.75C CV1@55.718C GPU@56.25C tj@59.156C SOC1@59.156C CV2@55.968C
08-21-2026 20:00:06 RAM 4308/15389MB (lfb 1153x4MB) SWAP 0/7694MB (cached 0MB) CPU [50%@729,0%@729,50%@729,50%@729,50%@1344,0%@1344,0%@1344,0%@1344] EMC_FREQ 0% GR3D_FREQ 22% GR3D2_FREQ 22%@0 CV0@55.656C CPU@58.5C SOC2@56.812C SOC0@57.75C CV1@55.656C GPU@56.25C tj@59.093C SOC1@59.093C CV2@56.031C
08-21-2026 20:00:06 RAM 4308/15389MB (lfb 1153x4MB) SWAP 0/7694MB (cached 0MB) CPU [0%@883,0%@883,0%@883,0%@883,100%@1420,0%@1420,0%@1420,0%@1420] EMC_FREQ 0% GR3D_FREQ 18% GR3D2_FREQ 18%@0 CV0@55.687C CPU@58.656C SOC2@56.718C SOC0@57.687C CV1@55.687C GPU@56.281C tj@59.125C SOC1@59.125C CV2@56C
08-21-2026 20:00:06 RAM 4308/15389MB (lfb 1153x4MB) SWAP 0/7694MB (cached 0MB) CPU [0%@1984,50%@1984,0%@1984,100%@1984,0%@1420,0%@1420,0%@1420,0%@1420] EMC_FREQ 0% GR3D_FREQ 18% GR3D2_FREQ 18%@0 CV0@55.562C CPU@58.687C SOC2@56.937C SOC0@57.687C CV1@55.812C GPU@56.125C tj@59.125C SOC1@59.125C CV2@56C
08-21-2026 20:00:06 RAM 4309/15389MB (lfb 1153x4MB) SWAP 0/7694MB (cached 0MB) CPU [0%@960,0%@960,0%@960,0%@960,50%@1420,0%@1420,0%@1420,0%@1420] EMC_FREQ 0% GR3D_FREQ 4% GR3D2_FREQ 4%@0 CV0@55.625C CPU@58.625C SOC2@56.875C SOC0@57.687C CV1@55.812C GPU@56.187C tj@59.062C SOC1@59.062C CV2@55.968C
08-21-2026 20:00:06 RAM 4309/15389MB (lfb 1153x4MB) SWAP 0/7694MB (cached 0MB) CPU [50%@960,0%@960,0%@960,50%@960,0%@1267,50%@1267,0%@1267,0%@1267] EMC_FREQ 0% GR3D_FREQ 22% GR3D2_FREQ 22%@0 CV0@55.781C CPU@58.593C SOC2@56.812C SOC0@57.625C CV1@55.718C GPU@56.25C tj@59.093C SOC1@59.093C CV2@55.937C
08-21-2026 20:00:06 RAM 4309/15389MB (lfb 1153x4MB) SWAP 0/7694MB (cached 0MB) CPU [0%@1984,0%@1984,0%@1984,0%@1984,100%@1497,0%@1497,0%@1497,0%@1497] EMC_FREQ 0% GR3D_FREQ 5% GR3D2_FREQ 5%@0 CV0@55.75C CPU@58.562C SOC2@56.843C SOC0@57.593C CV1@55.718C GPU@56.375C tj@59.156C SOC1@59.156C CV2@56C
08-21-2026 20:00:06 RAM 4309/15389MB (lfb 1153x4MB) SWAP 0/7694MB (cached 0MB) CPU [0%@960,0%@960,0%@960,50%@960,0%@1344,0%@1344,0%@1344,0%@1344] EMC_FREQ 0% GR3D_FREQ 5% GR3D2_FREQ 5%@0 CV0@55.843C CPU@58.593C SOC2@56.906C SOC0@57.656C CV1@55.781C GPU@56.312C tj@58.968C SOC1@58.968C CV2@56C
08-21-2026 20:00:06 RAM 4309/15389MB (lfb 1153x4MB) SWAP 0/7694MB (cached 0MB) CPU [0%@1984,0%@1984,0%@1984,0%@1984,0%@1420,50%@1420,50%@1420,0%@1420] EMC_FREQ 0% GR3D_FREQ 14% GR3D2_FREQ 14%@0 CV0@55.781C CPU@58.5C SOC2@56.812C SOC0@57.593C CV1@55.718C GPU@56.125C tj@59.281C SOC1@59.281C CV2@55.968C
08-21-2026 20:00:06 RAM 4308/15389MB (lfb 1153x4MB) SWAP 0/7694MB (cached 0MB) CPU [50%@883,0%@1984,0%@1984,0%@1984,0%@1728,0%@1728,0%@1728,0%@1728] EMC_FREQ 0% GR3D_FREQ 23% GR3D2_FREQ 23%@0 CV0@55.75C CPU@58.531C SOC2@56.843C SOC0@57.75C CV1@55.718C GPU@56.312C tj@59.25C SOC1@59.25C CV2@55.968C
08-21-2026 20:00:06 RAM 4308/15389MB (lfb 1153x4MB) SWAP 0/7694MB (cached 0MB) CPU [0%@960,0%@960,0%@960,100%@960,0%@1344,0%@1344,50%@1344,0%@1344] EMC_FREQ 0% GR3D_FREQ 0% GR3D2_FREQ 0%@0 CV0@55.812C CPU@58.406C SOC2@56.75C SOC0@57.718C CV1@55.593C GPU@56.5C tj@59.218C SOC1@59.218C CV2@56C
08-21-2026 20:00:06 RAM 4308/15389MB (lfb 1153x4MB) SWAP 0/7694MB (cached 0MB) CPU [0%@883,50%@883,0%@883,0%@883,0%@1497,0%@1497,100%@1497,0%@1497] EMC_FREQ 0% GR3D_FREQ 0% GR3D2_FREQ 0%@0 CV0@55.562C CPU@58.5C SOC2@56.687C SOC0@57.687C CV1@55.625C GPU@56.5C tj@59.031C SOC1@59.031C CV2@55.937C
08-21-2026 20:00:06 RAM 4308/15389MB (lfb 1153x4MB) SWAP 0/7694MB (cached 0MB) CPU [0%@960,0%@960,50%@960,0%@960,0%@1420,0%@1420,50%@1420,0%@1420] EMC_FREQ 0% GR3D_FREQ 19% GR3D2_FREQ 19%@0 CV0@55.656C CPU@58.75C SOC2@56.875C SOC0@57.593C CV1@55.562C GPU@56.125C tj@59.062C SOC1@59.062C CV2@56.093C
08-21-2026 20:00:06 RAM 4309/15389MB (lfb 1153x4MB) SWAP 0/7694MB (cached 0MB) CPU [0%@729,0%@729,0%@729,0%@729,0%@1497,0%@1497,0%@1497,0%@1497] EMC_FREQ 0% GR3D_FREQ 18% GR3D2_FREQ 18%@0 CV0@55.531C CPU@58.687C SOC2@56.906C SOC0@57.687C CV1@55.687C GPU@56.343C tj@59.093C SOC1@59.093C CV2@56C
08-21-2026 20:00:06 RAM 4309/15389MB (lfb 1153x4MB) SWAP 0/7694MB (cached 0MB) CPU [0%@883,0%@883,0%@883,0%@883,0%@1420,0%@1420,50%@1420,0%@1420] EMC_FREQ 0% GR3D_FREQ 4% GR3D2_FREQ 4%@0 CV0@55.656C CPU@58.593C SOC2@56.937C SOC0@57.687C CV1@55.75C GPU@56.281C tj@59C SOC1@59C CV2@55.968C
08-21-2026 20:00:06 RAM 4309/15389MB (lfb 1153x4MB) SWAP 0/7694MB (cached 0MB) CPU [0%@1984,0%@1984,0%@1984,50%@1984,0%@1420,0%@1420,0%@1420,50%@1420] EMC_FREQ 0% GR3D_FREQ 4% GR3D2_FREQ 4%@0 CV0@55.625C CPU@58.656C SOC2@56.906C SOC0@57.593C CV1@55.812C GPU@56.187C tj@59.156C SOC1@59.156C CV2@56C
08-21-2026 20:00:06 RAM 4309/15389MB (lfb 1153x4MB) SWAP 0/7694MB (cached 0MB) CPU [50%@806,50%@806,0%@806,0%@1984,50%@1497,0%@1497,0%@1497,0%@1497] EMC_FREQ 0% GR3D_FREQ 22% GR3D2_FREQ 22%@0 CV0@55.843C CPU@58.687C SOC2@56.718C SOC0@57.562C CV1@55.718C GPU@56.312C tj@59.156C SOC1@59.156C CV2@56.062C
08-21-2026 20:00:06 RAM 4309/15389MB (lfb 1153x4MB) SWAP 0/7694MB (cached 0MB) CPU [0%@806,0%@806,0%@806,50%@806,0%@1420,0%@1420,0%@1420,0%@1420] EMC_FREQ 0% GR3D_FREQ 0% GR3D2_FREQ 0%@0 CV0@55.718C CPU@58.468C SOC2@56.906C SOC0@57.656C CV1@55.781C GPU@56.187C tj@59.093C SOC1@59.093C CV2@56C
08-21-2026 20:00:06 RAM 4309/15389MB (lfb 1153x4MB) SWAP 0/7694MB (cached 0MB) CPU [0%@729,0%@729,0%@729,50%@729,0%@1497,50%@1497,0%@1497,0%@1497] EMC_FREQ 0% GR3D_FREQ 23% GR3D2_FREQ 23%@0 CV0@55.812C CPU@58.5C SOC2@56.812C SOC0@57.75C CV1@55.812C GPU@56.468C tj@59.093C SOC1@59.093C CV2@56C
08-21-2026 20:00:06 RAM 4309/15389MB (lfb 1153x4MB) SWAP 0/7694MB (cached 0MB) CPU [50%@729,0%@729,0%@729,0%@729,0%@1651,100%@1651,0%@1651,0%@1651] EMC_FREQ 0% GR3D_FREQ 23% GR3D2_FREQ 23%@0 CV0@55.718C CPU@58.531C SOC2@56.875C SOC0@57.531C CV1@55.812C GPU@56.343C tj@59.312C SOC1@59.312C CV2@55.937C
08-21-2026 20:00:06 RAM 4309/15389MB (lfb 1153x4MB) SWAP 0/7694MB (cached 0MB) CPU [0%@1984,0%@1984,0%@1984,0%@1984,0%@1344,0%@1344,0%@1344,0%@1344] EMC_FREQ 0% GR3D_FREQ 23% GR3D2_FREQ 23%@0 CV0@55.656C CPU@58.531C SOC2@56.812C SOC0@57.75C CV1@55.718C GPU@56.156C tj@59.281C SOC1@59.281C CV2@55.875C
08-21-2026 20:00:06 RAM 4309/15389MB (lfb 1153x4MB) SWAP 0/7694MB (cached 0MB) CPU [0%@729,0%@729,0%@729,50%@729,0%@1344,0%@1344,0%@1344,50%@1344] EMC_FREQ 0% GR3D_FREQ 0% GR3D2_FREQ 0%@0 CV0@55.718C CPU@58.531C SOC2@56.843C SOC0@57.75C CV1@55.656C GPU@56.25C tj@59.125C SOC1@59.125C CV2@55.968C
08-21-2026 20:00:06 RAM 4309/15389MB (lfb 1153x4MB) SWAP 0/7694MB (cached 0MB) CPU [50%@1984,0%@1984,0%@1984,0%@1984,50%@1420,0%@1420,0%@1420,0%@1420] EMC_FREQ 0% GR3D_FREQ 22% GR3D2_FREQ 22%@0 CV0@55.718C CPU@58.406C SOC2@56.812C SOC0@57.656C CV1@55.718C GPU@56.281C tj@59.062C SOC1@59.062C CV2@56.093C
08-21-2026 20:00:06 RAM 4309/15389MB (lfb 1153x4MB) SWAP 0/7694MB (cached 0MB) CPU [0%@1984,0%@1984,0%@1984,100%@1984,0%@1344,33%@1344,0%@1344,0%@1344] EMC_FREQ 0% GR3D_FREQ 22% GR3D2_FREQ 22%@0 CV0@55.625C CPU@58.375C SOC2@56.968C SOC0@57.656C CV1@55.656C GPU@56.468C tj@59.093C SOC1@59.093C CV2@56.031C
08-21-2026 20:00:06 RAM 4308/15389MB (lfb 1153x4MB) SWAP 0/7694MB (cached 0MB) CPU [0%@1984,0%@1984,0%@1984,50%@1984,0%@1344,0%@1344,50%@1344,0%@1344] EMC_FREQ 0% GR3D_FREQ 4% GR3D2_FREQ 4%@0 CV0@55.687C CPU@58.718C SOC2@56.875C SOC0@57.656C CV1@55.593C GPU@56.218C tj@59.062C SOC1@59.062C CV2@56.031C
08-21-2026 20:00:06 RAM 4308/15389MB (lfb 1153x4MB) SWAP 0/7694MB (cached 0MB) CPU [0%@1267,0%@1267,50%@1267,0%@1267,0%@729,0%@729,0%@729,0%@729] EMC_FREQ 0% GR3D_FREQ 18% GR3D2_FREQ 18%@0 CV0@55.562C CPU@58.687C SOC2@56.843C SOC0@57.625C CV1@55.75C GPU@56.156C tj@59.156C SOC1@59.156C CV2@56.031C
08-21-2026 20:00:06 RAM 4308/15389MB (lfb 1153x4MB) SWAP 0/7694MB (cached 0MB) CPU [0%@1036,0%@1036,0%@1036,0%@1036,50%@1420,0%@1420,0%@1420,50%@1420] EMC_FREQ 0% GR3D_FREQ 22% GR3D2_FREQ 22%@0 CV0@55.781C CPU@58.593C SOC2@56.968C SOC0@57.593C CV1@55.687C GPU@56.312C tj@59.187C SOC1@59.187C CV2@56C
08-21-2026 20:00:06 RAM 4308/15389MB (lfb 1153x4MB) SWAP 0/7694MB (cached 0MB) CPU [0%@1984,0%@1984,0%@1984,0%@1984,0%@1267,0%@1267,0%@1267,0%@1267] EMC_FREQ 0% GR3D_FREQ 22% GR3D2_FREQ 22%@0 CV0@55.843C CPU@58.531C SOC2@56.75C SOC0@57.562C CV1@55.687C GPU@56.5C tj@59.031C SOC1@59.031C CV2@56C
08-21-2026 20:00:06 RAM 4309/15389MB (lfb 1153x4MB) SWAP 0/7694MB (cached 0MB) CPU [0%@960,0%@960,0%@960,50%@960,100%@1344,0%@1344,33%@1344,0%@1344] EMC_FREQ 0% GR3D_FREQ 0% GR3D2_FREQ 0%@0 CV0@55.656C CPU@58.531C SOC2@56.843C SOC0@57.625C CV1@55.75C GPU@56.468C tj@59.093C SOC1@59.093C CV2@55.937C
08-21-2026 20:00:06 RAM 4309/15389MB (lfb 1153x4MB) SWAP 0/7694MB (cached 0MB) CPU [0%@1984,0%@1984,50%@1984,50%@1984,0%@1420,0%@1420,0%@1420,0%@1420] EMC_FREQ 0% GR3D_FREQ 22% GR3D2_FREQ 22%@0 CV0@55.718C CPU@58.437C SOC2@56.906C SOC0@57.593C CV1@55.687C GPU@56.187C tj@59.25C SOC1@59.25C CV2@55.906C
08-21-2026 20:00:06 RAM 4309/15389MB (lfb 1153x4MB) SWAP 0/7694MB (cached 0MB) CPU [0%@1984,0%@1984,0%@1984,0%@1984,100%@1420,0%@1420,0%@1420,0%@1420] EMC_FREQ 0% GR3D_FREQ 1% GR3D2_FREQ 1%@0 CV0@55.562C CPU@58.593C SOC2@56.687C SOC0@57.687C CV1@55.687C GPU@56.406C tj@59.312C SOC1@59.312C CV2@55.906C
08-21-2026 20:00:06 RAM 4309/15389MB (lfb 1153x4MB) SWAP 0/7694MB (cached 0MB) CPU [0%@1984,0%@1984,0%@1984,0%@1984,0%@1344,0%@1344,0%@1344,0%@1344] EMC_FREQ 0% GR3D_FREQ 1% GR3D2_FREQ 1%@0 CV0@55.687C CPU@58.406C SOC2@56.843C SOC0@57.593C CV1@55.562C GPU@56.125C tj@59.218C SOC1@59.156C CV2@55.937C
08-21-2026 20:00:06 RAM 4309/15389MB (lfb 1153x4MB) SWAP 0/7694MB (cached 0MB) CPU [66%@1984,0%@1984,0%@1984,100%@1984,66%@1267,0%@1267,0%@1267,0%@1267] EMC_FREQ 0% GR3D_FREQ 21% GR3D2_FREQ 21%@0 CV0@55.687C CPU@58.5C SOC2@56.781C SOC0@57.593C CV1@55.718C GPU@56.125C tj@58.968C SOC1@58.968C CV2@56C
08-21-2026 20:00:06 RAM 4309/15389MB (lfb 1153x4MB) SWAP 0/7694MB (cached 0MB) CPU [0%@1036,0%@1036,50%@1036,0%@1036,0%@1344,0%@1344,0%@1344,0%@1344] EMC_FREQ 0% GR3D_FREQ 13% GR3D2_FREQ 13%@0 CV0@55.75C CPU@58.625C SOC2@57C SOC0@57.656C CV1@55.75C GPU@56.218C tj@58.937C SOC1@59.062C CV2@56.031C
08-21-2026 20:00:06 RAM 4309/15389MB (lfb 1153x4MB) SWAP 0/7694MB (cached 0MB) CPU [0%@1984,0%@1984,0%@1984,0%@1984,0%@1344,0%@1344,0%@1344,0%@1344] EMC_FREQ 0% GR3D_FREQ 9% GR3D2_FREQ 9%@0 CV0@55.531C CPU@58.656C SOC2@56.875C SOC0@57.656C CV1@55.75C GPU@56.437C tj@59.156C SOC1@59.156C CV2@56C
08-21-2026 20:00:06 RAM 4309/15389MB (lfb 1153x4MB) SWAP 0/7694MB (cached 0MB) CPU [50%@1984,0%@1984,0%@1984,0%@1984,100%@1344,0%@1344,0%@1344,0%@1344] EMC_FREQ 0% GR3D_FREQ 9% GR3D2_FREQ 9%@0 CV0@55.781C CPU@58.718C SOC2@56.875C SOC0@57.656C CV1@55.843C GPU@56.218C tj@59.125C SOC1@59.062C CV2@55.968C
08-21-2026 20:00:06 RAM 4309/15389MB (lfb 1153x4MB) SWAP 0/7694MB (cached 0MB) CPU [0%@729,0%@729,0%@729,66%@729,0%@1344,0%@1344,0%@1344,0%@1344] EMC_FREQ 0% GR3D_FREQ 23% GR3D2_FREQ 23%@0 CV0@55.781C CPU@58.625C SOC2@56.781C SOC0@57.687C CV1@55.781C GPU@56.187C tj@58.968C SOC1@58.968C CV2@55.968C
08-21-2026 20:00:06 RAM 4309/15389MB (lfb 1153x4MB) SWAP 0/7694MB (cached 0MB) CPU [0%@960,0%@960,0%@960,50%@960,0%@1267,50%@1267,50%@1267,0%@1267] EMC_FREQ 0% GR3D_FREQ 0% GR3D2_FREQ 0%@0 CV0@55.75C CPU@58.5C SOC2@56.812C SOC0@57.75C CV1@55.656C GPU@56.375C tj@59.031C SOC1@59.031C CV2@56C
08-21-2026 20:00:06 RAM 4309/15389MB (lfb 1153x4MB) SWAP 0/7694MB (cached 0MB) CPU [0%@806,0%@806,0%@806,0%@806,0%@1420,0%@1420,0%@1420,0%@1420] EMC_FREQ 0% GR3D_FREQ 0% GR3D2_FREQ 0%@0 CV0@55.781C CPU@58.656C SOC2@56.812C SOC0@57.75C CV1@55.656C GPU@56.156C tj@59.093C SOC1@59.093C CV2@55.906C
08-21-2026 20:00:06 RAM 4309/15389MB (lfb 1153x4MB) SWAP 0/7694MB (cached 0MB) CPU [0%@1984,0%@1984,33%@729,0%@729,100%@1497,0%@1497,0%@1497,0%@1497] EMC_FREQ 0% GR3D_FREQ 22% GR3D2_FREQ 22%@0 CV0@55.75C CPU@58.468C SOC2@56.812C SOC0@57.75C CV1@55.781C GPU@56.5C tj@58.937C SOC1@58.937C CV2@55.937C
08-21-2026 20:00:06 RAM 4309/15389MB (lfb 1153x4MB) SWAP 0/7694MB (cached 0MB) CPU [0%@1984,0%@1984,0%@1984,0%@1984,50%@1344,0%@1344,0%@1344,0%@1344] EMC_FREQ 0% GR3D_FREQ 23% GR3D2_FREQ 23%@0 CV0@55.812C CPU@58.5C SOC2@56.843C SOC0@57.718C CV1@55.625C GPU@56.218C tj@59.125C SOC1@59.125C CV2@55.875C
08-21-2026 20:00:06 RAM 4309/15389MB (lfb 1153x4MB) SWAP 0/7694MB (cached 0MB) CPU [0%@1984,0%@1984,0%@1984,0%@1984,50%@1344,0%@1344,0%@1344,0%@1344] EMC_FREQ 0% GR3D_FREQ 0% GR3D2_FREQ 0%@0 CV0@55.687C CPU@58.375C SOC2@56.843C SOC0@57.656C CV1@55.625C GPU@56.468C tj@59.218C SOC1@59.218C CV2@56.093C
08-21-2026 20:00:06 RAM 4309/15389MB (lfb 1153x4MB) SWAP 0/7694MB (cached 0MB) CPU [0%@1984,0%@1984,50%@1984,100%@1984,0%@1344,0%@1344,0%@1344,0%@1344] EMC_FREQ 0% GR3D_FREQ 0% GR3D2_FREQ 0%@0 CV0@55.781C CPU@58.812C SOC2@56.937C SOC0@57.593C CV1@55.812C GPU@56.187C tj@59.156C SOC1@59.156C CV2@56.062C
08-21-2026 20:00:06 RAM 4309/15389MB (lfb 1153x4MB) SWAP 0/7694MB (cached 0MB) CPU [0%@1984,0%@1984,0%@1984,50%@1984,100%@1344,0%@1344,0%@1267,0%@1267] EMC_FREQ 0% GR3D_FREQ 19% GR3D2_FREQ 19%@0 CV0@55.718C CPU@58.75C SOC2@56.843C SOC0@57.593C CV1@55.843C GPU@56.406C tj@59.031C SOC1@59.031C CV2@56.031C
08-21-2026 20:00:06 RAM 4309/15389MB (lfb 1153x4MB) SWAP 0/7694MB (cached 0MB) CPU [50%@806,0%@806,0%@806,50%@806,0%@1420,0%@1420,0%@1420,0%@1420] EMC_FREQ 0% GR3D_FREQ 23% GR3D2_FREQ 23%@0 CV0@55.781C CPU@58.718C SOC2@56.937C SOC0@57.687C CV1@55.843C GPU@56.218C tj@59.031C SOC1@59.031C CV2@55.875C
08-21-2026 20:00:06 RAM 4309/15389MB (lfb 1153x4MB) SWAP 0/7694MB (cached 0MB) CPU [0%@1984,0%@1984,50%@1984,0%@1984,50%@1344,0%@1344,50%@1344,0%@1344] EMC_FREQ 0% GR3D_FREQ 0% GR3D2_FREQ 0%@0 CV0@55.781C CPU@58.531C SOC2@56.875C SOC0@57.656C CV1@55.812C GPU@56.156C tj@59.031C SOC1@59.093C CV2@55.906C
08-21-2026 20:00:06 RAM 4309/15389MB (lfb 1153x4MB) SWAP 0/7694MB (cached 0MB) CPU [0%@729,0%@729,0%@1984,0%@1984,100%@1497,0%@1497,0%@1497,0%@1497] EMC_FREQ 0% GR3D_FREQ 0% GR3D2_FREQ 0%@0 CV0@55.75C CPU@58.625C SOC2@56.906C SOC0@57.75C CV1@55.75C GPU@56.25C tj@59.062C SOC1@59.062C CV2@55.875C
08-21-2026 20:00:06 RAM 4309/15389MB (lfb 1153x4MB) SWAP 0/7694MB (cached 0MB) CPU [0%@1984,0%@1984,0%@1984,100%@1984,0%@1344,0%@1344,0%@1344,0%@1344] EMC_FREQ 0% GR3D_FREQ 22% GR3D2_FREQ 22%@0 CV0@55.781C CPU@58.406C SOC2@56.75C SOC0@57.656C CV1@55.656C GPU@56.187C tj@59.343C SOC1@59.343C CV2@56C
08-21-2026 20:00:06 RAM 4309/15389MB (lfb 1153x4MB) SWAP 0/7694MB (cached 0MB) CPU [0%@960,0%@960,0%@960,0%@960,0%@1420,50%@1420,0%@1420,0%@1420] EMC_FREQ 0% GR3D_FREQ 3% GR3D2_FREQ 3%@0 CV0@55.75C CPU@58.312C SOC2@56.812C SOC0@57.75C CV1@55.625C GPU@56.375C tj@59.187C SOC1@59.187C CV2@55.968C
08-21-2026 20:00:06 RAM 4309/15389MB (lfb 1153x4MB) SWAP 0/7694MB (cached 0MB) CPU [50%@1984,0%@1984,0%@1984,50%@1984,0%@1267,0%@1267,0%@1267,0%@1267] EMC_FREQ 0% GR3D_FREQ 3% GR3D2_FREQ 3%@0 CV0@55.625C CPU@58.406C SOC2@56.75C SOC0@57.656C CV1@55.593C GPU@56.218C tj@59.062C SOC1@59.062C CV2@55.906C
08-21-2026 20:00:06 RAM 4309/15389MB (lfb 1153x4MB) SWAP 0/7694MB (cached 0MB) CPU [0%@1984,0%@1984,0%@1984,0%@1984,0%@1420,0%@1420,0%@1420,0%@1420] EMC_FREQ 0% GR3D_FREQ 19% GR3D2_FREQ 19%@0 CV0@55.781C CPU@58.25C SOC2@56.812C SOC0@57.593C CV1@55.625C GPU@56.281C tj@59.031C SOC1@59.031C CV2@56.031C
08-21-2026 20:00:06 RAM 4309/15389MB (lfb 1153x4MB) SWAP 0/7694MB (cached 0MB) CPU [0%@883,0%@883,0%@883,0%@883,0%@1344,50%@1344,0%@1344,0%@1344] EMC_FREQ 0% GR3D_FREQ 23% GR3D2_FREQ 23%@0 CV0@55.625C CPU@58.375C SOC2@56.968C SOC0@57.75C CV1@55.875C GPU@56.125C tj@59.156C SOC1@59.156C CV2@56C
08-21-2026 20:00:06 RAM 4309/15389MB (lfb 1153x4MB) SWAP 0/7694MB (cached 0MB) CPU [0%@1984,50%@1984,0%@1984,100%@1984,0%@1267,100%@1267,0%@1267,0%@1267] EMC_FREQ 0% GR3D_FREQ 0% GR3D2_FREQ 0%@0 CV0@55.687C CPU@58.281C SOC2@56.875C SOC0@57.687C CV1@55.812C GPU@56.468C tj@59.156C SOC1@59.156C CV2@56C
08-21-2026 20:00:06 RAM 4309/15389MB (lfb 1153x4MB) SWAP 0/7694MB (cached 0MB) CPU [0%@1984,0%@1984,33%@1984,0%@1984,0%@1497,0%@1497,0%@1497,0%@1497] EMC_FREQ 0% GR3D_FREQ 0% GR3D2_FREQ 0%@0 CV0@55.687C CPU@58.531C SOC2@56.781C SOC0@57.656C CV1@55.781C GPU@56.187C tj@59.093C SOC1@59.093C CV2@55.937C
08-21-2026 20:00:06 RAM 4309/15389MB (lfb 1153x4MB) SWAP 0/7694MB (cached 0MB) CPU [0%@1984,0%@1984,0%@1984,0%@1984,0%@1344,0%@1344,50%@1344,0%@1344] EMC_FREQ 0% GR3D_FREQ 23% GR3D2_FREQ 23%@0 CV0@55.687C CPU@58.562C SOC2@56.812C SOC0@57.625C CV1@55.781C GPU@56.406C tj@59.187C SOC1@59.187C CV2@55.906C
08-21-2026 20:00:06 RAM 4309/15389MB (lfb 1153x4MB) SWAP 0/7694MB (cached 0MB) CPU [0%@883,0%@883,0%@883,100%@1984,0%@1420,0%@1420,50%@1420,50%@1420] EMC_FREQ 0% GR3D_FREQ 12% GR3D2_FREQ 12%@0 CV0@55.75C CPU@58.375C SOC2@56.75C SOC0@57.718C CV1@55.562C GPU@56.156C tj@59.218C SOC1@59.218C CV2@55.968C
08-21-2026 20:00:06 RAM 4309/15389MB (lfb 1153x4MB) SWAP 0/7694MB (cached 0MB) CPU [0%@806,0%@806,0%@806,50%@806,50%@1267,0%@1267,0%@1267,50%@1267] EMC_FREQ 0% GR3D_FREQ 12% GR3D2_FREQ 12%@0 CV0@55.562C CPU@58.375C SOC2@56.843C SOC0@57.687C CV1@55.656C GPU@56.125C tj@59.25C SOC1@59.25C CV2@55.875C
08-21-2026 20:00:06 RAM 4309/15389MB (lfb 1153x4MB) SWAP 0/7694MB (cached 0MB) CPU [33%@1984,0%@1984,50%@1984,0%@1984,0%@1344,0%@1344,100%@1344,0%@1344] EMC_FREQ 0% GR3D_FREQ 10% GR3D2_FREQ 10%@0 CV0@55.75C CPU@58.5C SOC2@56.843C SOC0@57.625C CV1@55.781C GPU@56.25C tj@59.125C SOC1@59.125C CV2@56.093C
08-21-2026 20:00:06 RAM 4309/15389MB (lfb 1153x4MB) SWAP 0/7694MB (cached 0MB) CPU [0%@1036,0%@1036,0%@1036,0%@1036,0%@1344,0%@1344,0%@1344,0%@1344] EMC_FREQ 0% GR3D_FREQ 23% GR3D2_FREQ 23%@0 CV0@55.625C CPU@58.406C SOC2@56.75C SOC0@57.687C CV1@55.687C GPU@56.468C tj@59.062C SOC1@59.062C CV2@56.062C
08-21-2026 20:00:06 RAM 4309/15389MB (lfb 1153x4MB) SWAP 0/7694MB (cached 0MB) CPU [50%@883,0%@883,0%@883,0%@883,0%@1344,0%@1344,100%@1344,0%@1344] EMC_FREQ 0% GR3D_FREQ 0% GR3D2_FREQ 0%@0 CV0@55.656C CPU@58.406C SOC2@56.906C SOC0@57.625C CV1@55.718C GPU@56.125C tj@59.156C SOC1@59.093C CV2@56C
08-21-2026 20:00:06 RAM 4309/15389MB (lfb 1153x4MB) SWAP 0/7694MB (cached 0MB) CPU [0%@806,0%@806,50%@806,0%@806,0%@1267,0%@1267,0%@1267,0%@1267] EMC_FREQ 0% GR3D_FREQ 0% GR3D2_FREQ 0%@0 CV0@55.687C CPU@58.343C SOC2@56.875C SOC0@57.593C CV1@55.781C GPU@56.25C tj@59.125C SOC1@59.125C CV2@56C
08-21-2026 20:00:06 RAM 4309/15389MB (lfb 1153x4MB) SWAP 0/7694MB (cached 0MB) CPU [0%@883,0%@883,0%@883,0%@883,0%@1267,0%@1267,0%@1267,0%@1267] EMC_FREQ 0% GR3D_FREQ 20% GR3D2_FREQ 20%@0 CV0@55.75C CPU@58.375C SOC2@56.875C SOC0@57.625C CV1@55.75C GPU@56.406C tj@59.125C SOC1@59.125C CV2@56C
08-21-2026 20:00:06 RAM 4309/15389MB (lfb 1153x4MB) SWAP 0/7694MB (cached 0MB) CPU [0%@1984,0%@1984,50%@1984,0%@1984,0%@1344,0%@1344,0%@1344,0%@1344] EMC_FREQ 0% GR3D_FREQ 22% GR3D2_FREQ 22%@0 CV0@55.718C CPU@58.343C SOC2@56.781C SOC0@57.656C CV1@55.656C GPU@56.187C tj@59.093C SOC1@59.093C CV2@55.937C
08-21-2026 20:00:06 RAM 4309/15389MB (lfb 1153x4MB) SWAP 0/7694MB (cached 0MB) CPU [0%@883,0%@883,0%@883,0%@883,0%@1344,0%@1344,0%@1344,50%@1344] EMC_FREQ 0% GR3D_FREQ 0% GR3D2_FREQ 0%@0 CV0@55.843C CPU@58.468C SOC2@56.781C SOC0@57.625C CV1@55.656C GPU@56.062C tj@59.156C SOC1@59.156C CV2@55.906C
08-21-2026 20:00:06 RAM 4309/15389MB (lfb 1153x4MB) SWAP 0/7694MB (cached 0MB) CPU [50%@1984,0%@1984,100%@1984,0%@1984,50%@1344,0%@1344,0%@1344,100%@1344] EMC_FREQ 0% GR3D_FREQ 0% GR3D2_FREQ 22%@0 CV0@55.75C CPU@58.5C SOC2@56.875C SOC0@57.593C CV1@55.718C GPU@56.25C tj@59.281C SOC1@59.281C CV2@56C
08-21-2026 20:00:06 RAM 4309/15389MB (lfb 1153x4MB) SWAP 0/7694MB (cached 0MB) CPU [50%@883,0%@883,0%@883,0%@883,50%@1420,0%@1420,0%@1420,0%@1420] EMC_FREQ 0% GR3D_FREQ 22% GR3D2_FREQ 22%@0 CV0@55.656C CPU@58.375C SOC2@56.812C SOC0@57.687C CV1@55.625C GPU@56.437C tj@59.25C SOC1@59.25C CV2@55.906C
08-21-2026 20:00:06 RAM 4309/15389MB (lfb 1153x4MB) SWAP 0/7694MB (cached 0MB) CPU [50%@806,0%@806,50%@806,0%@806,0%@1344,50%@1344,0%@1344,50%@1344] EMC_FREQ 0% GR3D_FREQ 10% GR3D2_FREQ 10%@0 CV0@55.718C CPU@58.5C SOC2@56.812C SOC0@57.687C CV1@55.687C GPU@56.437C tj@59.156C SOC1@59.156C CV2@56C
08-21-2026 20:00:06 RAM 4309/15389MB (lfb 1153x4MB) SWAP 0/7694MB (cached 0MB) CPU [0%@1984,0%@1984,0%@1984,0%@1984,0%@1420,0%@1420,0%@1420,50%@1420] EMC_FREQ 0% GR3D_FREQ 12% GR3D2_FREQ 12%@0 CV0@55.781C CPU@58.375C SOC2@56.812C SOC0@57.656C CV1@55.687C GPU@56.125C tj@59.187C SOC1@59.187C CV2@55.968C
08-21-2026 20:00:06 RAM 4309/15389MB (lfb 1153x4MB) SWAP 0/7694MB (cached 0MB) CPU [0%@729,50%@729,50%@729,0%@729,0%@1420,0%@1420,0%@1420,0%@1420] EMC_FREQ 0% GR3D_FREQ 12% GR3D2_FREQ 12%@0 CV0@55.656C CPU@58.468C SOC2@56.718C SOC0@57.656C CV1@55.625C GPU@56.312C tj@59.031C SOC1@59.031C CV2@56.062C
08-21-2026 20:00:06 RAM 4309/15389MB (lfb 1153x4MB) SWAP 0/7694MB (cached 0MB) CPU [0%@729,0%@729,0%@729,50%@729,0%@1420,0%@1420,0%@1420,50%@1420] EMC_FREQ 0% GR3D_FREQ 25% GR3D2_FREQ 25%@0 CV0@55.718C CPU@58.5C SOC2@56.937C SOC0@57.593C CV1@55.718C GPU@56.25C tj@59.125C SOC1@59.125C CV2@56.093C
08-21-2026 20:00:06 RAM 4309/15389MB (lfb 1153x4MB) SWAP 0/7694MB (cached 0MB) CPU [0%@1984,0%@1984,0%@1984,0%@1984,0%@1344,0%@1344,0%@1344,100%@1344] EMC_FREQ 0% GR3D_FREQ 0% GR3D2_FREQ 0%@0 CV0@55.656C CPU@58.406C SOC2@56.781C SOC0@57.656C CV1@55.75C GPU@56.5C tj@58.968C SOC1@58.968C CV2@55.968C
08-21-2026 20:00:06 RAM 4309/15389MB (lfb 1153x4MB) SWAP 0/7694MB (cached 0MB) CPU [0%@1984,0%@1984,100%@1984,0%@1984,50%@1420,0%@1420,0%@1420,0%@1420] EMC_FREQ 0% GR3D_FREQ 22% GR3D2_FREQ 22%@0 CV0@55.593C CPU@58.375C SOC2@56.843C SOC0@57.593C CV1@55.718C GPU@56.218C tj@59.093C SOC1@59.093C CV2@55.906C
08-21-2026 20:00:06 RAM 4309/15389MB (lfb 1153x4MB) SWAP 0/7694MB (cached 0MB) CPU [0%@729,0%@729,0%@729,33%@729,0%@1344,0%@1344,0%@1344,100%@1344] EMC_FREQ 0% GR3D_FREQ 22% GR3D2_FREQ 22%@0 CV0@55.812C CPU@58.531C SOC2@56.781C SOC0@57.593C CV1@55.75C GPU@56.187C tj@58.937C SOC1@58.937C CV2@55.906C
08-21-2026 20:00:06 RAM 4309/15389MB (lfb 1153x4MB) SWAP 0/7694MB (cached 0MB) CPU [0%@1984,0%@1984,50%@1984,0%@1984,0%@1420,0%@1420,0%@1420,0%@1420] EMC_FREQ 0% GR3D_FREQ 22% GR3D2_FREQ 22%@0 CV0@55.718C CPU@58.593C SOC2@56.75C SOC0@57.656C CV1@55.593C GPU@56.375C tj@58.906C SOC1@58.906C CV2@55.843C
08-21-2026 20:00:06 RAM 4309/15389MB (lfb 1153x4MB) SWAP 0/7694MB (cached 0MB) CPU [0%@960,0%@960,0%@960,0%@960,50%@1344,0%@1344,0%@1344,0%@1344] EMC_FREQ 0% GR3D_FREQ 0% GR3D2_FREQ 0%@0 CV0@55.781C CPU@58.531C SOC2@56.843C SOC0@57.718C CV1@55.687C GPU@56.187C tj@59.031C SOC1@59.031C CV2@55.906C
08-21-2026 20:00:06 RAM 4309/15389MB (lfb 1153x4MB) SWAP 0/7694MB (cached 0MB) CPU [0%@729,0%@729,0%@729,0%@729,0%@1574,0%@1574,0%@1574,0%@1574] EMC_FREQ 0% GR3D_FREQ 20% GR3D2_FREQ 20%@0 CV0@55.656C CPU@58.593C SOC2@56.812C SOC0@57.781C CV1@55.718C GPU@56.25C tj@59.125C SOC1@59.125C CV2@55.875C
08-21-2026 20:00:06 RAM 4309/15389MB (lfb 1153x4MB) SWAP 0/7694MB (cached 0MB) CPU [0%@1036,0%@1036,100%@1036,0%@1036,0%@1344,50%@1344,66%@1344,50%@1344] EMC_FREQ 0% GR3D_FREQ 20% GR3D2_FREQ 20%@0 CV0@55.531C CPU@58.593C SOC2@56.812C SOC0@57.687C CV1@55.656C GPU@56.281C tj@59.218C SOC1@59.218C CV2@55.937C
08-21-2026 20:00:06 RAM 4309/15389MB (lfb 1153x4MB) SWAP 0/7694MB (cached 0MB) CPU [0%@960,0%@960,0%@960,0%@960,0%@1497,0%@1497,50%@1497,0%@1497] EMC_FREQ 0% GR3D_FREQ 1% GR3D2_FREQ 1%@0 CV0@55.656C CPU@58.5C SOC2@56.75C SOC0@57.687C CV1@55.656C GPU@56.468C tj@59.218C SOC1@59.218C CV2@56C
08-21-2026 20:00:07 RAM 4309/15389MB (lfb 1153x4MB) SWAP 0/7694MB (cached 0MB) CPU [0%@1984,0%@1984,0%@1984,0%@1984,0%@1267,0%@1267,0%@1267,0%@1267] EMC_FREQ 0% GR3D_FREQ 21% GR3D2_FREQ 21%@0 CV0@55.531C CPU@58.468C SOC2@56.843C SOC0@57.687C CV1@55.625C GPU@56.343C tj@59.156C SOC1@59.156C CV2@56C
08-21-2026 20:00:07 RAM 4309/15389MB (lfb 1152x4MB) SWAP 0/7694MB (cached 0MB) CPU [0%@1984,0%@883,0%@883,0%@883,0%@1420,0%@1420,0%@1420,100%@1420] EMC_FREQ 0% GR3D_FREQ 21% GR3D2_FREQ 21%@0 CV0@55.687C CPU@58.437C SOC2@56.937C SOC0@57.687C CV1@55.812C GPU@56.187C tj@59.093C SOC1@59.093C CV2@56C
08-21-2026 20:00:07 RAM 4309/15389MB (lfb 1152x4MB) SWAP 0/7694MB (cached 0MB) CPU [50%@1984,0%@1984,50%@1984,0%@1984,0%@1267,50%@1267,0%@1267,0%@1267] EMC_FREQ 0% GR3D_FREQ 21% GR3D2_FREQ 21%@0 CV0@55.593C CPU@58.593C SOC2@56.906C SOC0@57.687C CV1@55.781C GPU@56.281C tj@58.937C SOC1@58.937C CV2@55.968C
08-21-2026 20:00:07 RAM 4309/15389MB (lfb 1152x4MB) SWAP 0/7694MB (cached 0MB) CPU [50%@1984,0%@1984,100%@1984,0%@1984,50%@1344,0%@1344,0%@1344,50%@1344] EMC_FREQ 0% GR3D_FREQ 1% GR3D2_FREQ 1%@0 CV0@55.656C CPU@58.5C SOC2@56.843C SOC0@57.687C CV1@55.718C GPU@56.187C tj@59C SOC1@59C CV2@56C
08-21-2026 20:00:07 RAM 4309/15389MB (lfb 1152x4MB) SWAP 0/7694MB (cached 0MB) CPU [0%@1984,50%@1984,0%@1984,0%@1984,0%@1267,0%@1267,0%@1267,0%@1267] EMC_FREQ 0% GR3D_FREQ 20% GR3D2_FREQ 20%@0 CV0@55.687C CPU@58.562C SOC2@56.906C SOC0@57.656C CV1@55.75C GPU@56.25C tj@59.031C SOC1@59.031C CV2@55.843C
08-21-2026 20:00:07 RAM 4309/15389MB (lfb 1152x4MB) SWAP 0/7694MB (cached 0MB) CPU [0%@883,0%@883,50%@883,0%@883,0%@1267,0%@1267,0%@1267,50%@1267] EMC_FREQ 0% GR3D_FREQ 20% GR3D2_FREQ 20%@0 CV0@55.718C CPU@58.468C SOC2@56.906C SOC0@57.843C CV1@55.718C GPU@56.25C tj@59.156C SOC1@59.156C CV2@55.812C
08-21-2026 20:00:07 RAM 4309/15389MB (lfb 1152x4MB) SWAP 0/7694MB (cached 0MB) CPU [0%@1984,0%@1984,0%@1984,0%@1984,0%@1420,50%@1420,0%@1420,100%@1420] EMC_FREQ 0% GR3D_FREQ 0% GR3D2_FREQ 0%@0 CV0@55.656C CPU@58.562C SOC2@56.781C SOC0@57.718C CV1@55.625C GPU@56.375C tj@59.343C SOC1@59.343C CV2@56C
08-21-2026 20:00:07 RAM 4309/15389MB (lfb 1152x4MB) SWAP 0/7694MB (cached 0MB) CPU [0%@883,0%@883,50%@1984,0%@1984,0%@1344,0%@1344,0%@1344,0%@1344] EMC_FREQ 0% GR3D_FREQ 22% GR3D2_FREQ 22%@0 CV0@55.593C CPU@58.468C SOC2@56.875C SOC0@57.625C CV1@55.656C GPU@56.187C tj@59.156C SOC1@59.156C CV2@56.062C
08-21-2026 20:00:07 RAM 4309/15389MB (lfb 1152x4MB) SWAP 0/7694MB (cached 0MB) CPU [0%@883,0%@883,0%@883,0%@883,0%@1344,0%@1344,0%@1344,100%@1344] EMC_FREQ 0% GR3D_FREQ 13% GR3D2_FREQ 13%@0 CV0@55.75C CPU@58.625C SOC2@56.812C SOC0@57.593C CV1@55.531C GPU@56.312C tj@59.093C SOC1@59.093C CV2@56.031C
08-21-2026 20:00:07 RAM 4309/15389MB (lfb 1152x4MB) SWAP 0/7694MB (cached 0MB) CPU [0%@960,0%@960,100%@960,0%@960,0%@1267,0%@1267,0%@1267,0%@1267] EMC_FREQ 0% GR3D_FREQ 13% GR3D2_FREQ 13%@0 CV0@55.625C CPU@58.718C SOC2@56.937C SOC0@57.625C CV1@55.625C GPU@56.312C tj@59.156C SOC1@59.187C CV2@55.968C
08-21-2026 20:00:07 RAM 4309/15389MB (lfb 1152x4MB) SWAP 0/7694MB (cached 0MB) CPU [0%@1984,0%@1984,0%@1984,50%@1984,0%@1420,0%@1420,0%@1420,50%@1420] EMC_FREQ 0% GR3D_FREQ 9% GR3D2_FREQ 9%@0 CV0@55.562C CPU@58.625C SOC2@56.906C SOC0@57.781C CV1@55.843C GPU@56.5C tj@59.062C SOC1@59.062C CV2@55.937C
08-21-2026 20:00:07 RAM 4309/15389MB (lfb 1152x4MB) SWAP 0/7694MB (cached 0MB) CPU [0%@1984,0%@1984,0%@1984,0%@1984,0%@1420,0%@1420,0%@1420,0%@1420] EMC_FREQ 0% GR3D_FREQ 22% GR3D2_FREQ 22%@0 CV0@55.843C CPU@58.562C SOC2@56.812C SOC0@57.562C CV1@55.718C GPU@56.25C tj@59.062C SOC1@59.062C CV2@56C
08-21-2026 20:00:07 RAM 4309/15389MB (lfb 1152x4MB) SWAP 0/7694MB (cached 0MB) CPU [0%@1984,0%@1984,0%@1984,0%@1984,0%@1344,0%@1344,0%@1344,100%@1344] EMC_FREQ 0% GR3D_FREQ 1% GR3D2_FREQ 1%@0 CV0@55.781C CPU@58.656C SOC2@56.968C SOC0@57.562C CV1@55.718C GPU@56.312C tj@59.031C SOC1@59.031C CV2@55.937C
08-21-2026 20:00:07 RAM 4309/15389MB (lfb 1152x4MB) SWAP 0/7694MB (cached 0MB) CPU [0%@1984,0%@1984,0%@1984,0%@1984,0%@1497,0%@1497,0%@1497,0%@1497] EMC_FREQ 0% GR3D_FREQ 1% GR3D2_FREQ 1%@0 CV0@55.718C CPU@58.687C SOC2@56.75C SOC0@57.781C CV1@55.718C GPU@56.343C tj@58.937C SOC1@58.937C CV2@56C
08-21-2026 20:00:07 RAM 4309/15389MB (lfb 1152x4MB) SWAP 0/7694MB (cached 0MB) CPU [0%@1984,50%@1984,50%@1984,0%@1984,0%@1267,33%@1267,0%@1267,50%@1267] EMC_FREQ 0% GR3D_FREQ 21% GR3D2_FREQ 21%@0 CV0@55.75C CPU@58.531C SOC2@56.781C SOC0@57.718C CV1@55.75C GPU@56.187C tj@59.031C SOC1@59.031C CV2@55.968C
08-21-2026 20:00:07 RAM 4309/15389MB (lfb 1152x4MB) SWAP 0/7694MB (cached 0MB) CPU [0%@883,0%@883,0%@883,0%@883,0%@1497,0%@1497,0%@1497,0%@1497] EMC_FREQ 0% GR3D_FREQ 22% GR3D2_FREQ 22%@0 CV0@55.718C CPU@58.5C SOC2@56.906C SOC0@57.656C CV1@55.656C GPU@56.281C tj@59.187C SOC1@59.187C CV2@55.906C
08-21-2026 20:00:07 RAM 4309/15389MB (lfb 1152x4MB) SWAP 0/7694MB (cached 0MB) CPU [50%@883,0%@883,100%@883,0%@883,50%@1190,50%@1190,0%@1190,0%@1190] EMC_FREQ 0% GR3D_FREQ 22% GR3D2_FREQ 0%@0 CV0@55.687C CPU@58.5C SOC2@56.75C SOC0@57.656C CV1@55.687C GPU@56.125C tj@59.218C SOC1@59.218C CV2@56C
08-21-2026 20:00:07 RAM 4309/15389MB (lfb 1152x4MB) SWAP 0/7694MB (cached 0MB) CPU [50%@883,50%@883,0%@883,0%@883,0%@1420,0%@1420,0%@1420,0%@1420] EMC_FREQ 0% GR3D_FREQ 0% GR3D2_FREQ 0%@0 CV0@55.656C CPU@58.781C SOC2@56.781C SOC0@57.656C CV1@55.593C GPU@56.343C tj@59.093C SOC1@59.156C CV2@56.031C
08-21-2026 20:00:07 RAM 4309/15389MB (lfb 1152x4MB) SWAP 0/7694MB (cached 0MB) CPU [0%@1984,0%@1984,0%@1984,0%@1984,0%@1267,0%@1267,0%@1267,0%@1267] EMC_FREQ 0% GR3D_FREQ 23% GR3D2_FREQ 23%@0 CV0@55.625C CPU@58.687C SOC2@56.843C SOC0@57.718C CV1@55.75C GPU@56.156C tj@59.156C SOC1@59.156C CV2@56.031C
08-21-2026 20:00:07 RAM 4309/15389MB (lfb 1152x4MB) SWAP 0/7694MB (cached 0MB) CPU [0%@1984,0%@1984,0%@1984,0%@1984,66%@1420,0%@1420,0%@1420,0%@1420] EMC_FREQ 0% GR3D_FREQ 7% GR3D2_FREQ 7%@0 CV0@55.625C CPU@58.718C SOC2@56.937C SOC0@57.625C CV1@55.875C GPU@56.375C tj@59.156C SOC1@59.156C CV2@55.968C
08-21-2026 20:00:07 RAM 4309/15389MB (lfb 1152x4MB) SWAP 0/7694MB (cached 0MB) CPU [0%@1984,0%@1984,50%@1984,0%@1984,50%@1420,0%@1420,0%@1420,0%@1420] EMC_FREQ 0% GR3D_FREQ 7% GR3D2_FREQ 7%@0 CV0@55.812C CPU@58.562C SOC2@56.781C SOC0@57.593C CV1@55.781C GPU@56.281C tj@59C SOC1@59C CV2@55.875C
08-21-2026 20:00:07 RAM 4309/15389MB (lfb 1152x4MB) SWAP 0/7694MB (cached 0MB) CPU [33%@883,0%@883,0%@883,0%@883,0%@1344,0%@1344,0%@1344,0%@1344] EMC_FREQ 0% GR3D_FREQ 15% GR3D2_FREQ 15%@0 CV0@55.781C CPU@58.5C SOC2@56.781C SOC0@57.531C CV1@55.625C GPU@56.156C tj@59.125C SOC1@59.125C CV2@55.906C
08-21-2026 20:00:07 RAM 4309/15389MB (lfb 1152x4MB) SWAP 0/7694MB (cached 0MB) CPU [0%@729,0%@729,0%@729,0%@729,0%@1267,0%@1267,0%@1267,0%@1267] EMC_FREQ 0% GR3D_FREQ 22% GR3D2_FREQ 22%@0 CV0@55.687C CPU@58.437C SOC2@56.875C SOC0@57.718C CV1@55.75C GPU@56.281C tj@59.093C SOC1@59.093C CV2@56C
08-21-2026 20:00:07 RAM 4309/15389MB (lfb 1152x4MB) SWAP 0/7694MB (cached 0MB) CPU [0%@1984,0%@1984,50%@1984,0%@1984,50%@1420,0%@1420,0%@1420,0%@1420] EMC_FREQ 0% GR3D_FREQ 0% GR3D2_FREQ 0%@0 CV0@55.781C CPU@58.625C SOC2@56.781C SOC0@57.75C CV1@55.718C GPU@56.25C tj@58.968C SOC1@58.968C CV2@55.937C
08-21-2026 20:00:07 RAM 4309/15389MB (lfb 1152x4MB) SWAP 0/7694MB (cached 0MB) CPU [0%@1984,0%@1984,0%@1984,0%@1984,50%@1344,0%@1344,0%@1344,0%@1344] EMC_FREQ 0% GR3D_FREQ 0% GR3D2_FREQ 0%@0 CV0@55.687C CPU@58.468C SOC2@56.812C SOC0@57.656C CV1@55.687C GPU@56.406C tj@59.25C SOC1@59.25C CV2@55.968C
08-21-2026 20:00:07 RAM 4309/15389MB (lfb 1152x4MB) SWAP 0/7694MB (cached 0MB) CPU [0%@1984,50%@1984,100%@1984,0%@1984,0%@1344,0%@1344,0%@1344,0%@1344] EMC_FREQ 0% GR3D_FREQ 23% GR3D2_FREQ 23%@0 CV0@55.812C CPU@58.531C SOC2@56.843C SOC0@57.75C CV1@55.781C GPU@56.375C tj@59.156C SOC1@59.156C CV2@55.968C
08-21-2026 20:00:07 RAM 4309/15389MB (lfb 1152x4MB) SWAP 0/7694MB (cached 0MB) CPU [50%@729,0%@729,0%@729,0%@729,0%@1344,0%@1344,0%@1344,50%@1344] EMC_FREQ 0% GR3D_FREQ 19% GR3D2_FREQ 19%@0 CV0@55.656C CPU@58.531C SOC2@56.843C SOC0@57.75C CV1@55.718C GPU@56.125C tj@59.218C SOC1@59.218C CV2@55.937C
08-21-2026 20:00:07 RAM 4309/15389MB (lfb 1152x4MB) SWAP 0/7694MB (cached 0MB) CPU [0%@1984,0%@1984,50%@1984,0%@1984,100%@1420,0%@1420,0%@1420,0%@1420] EMC_FREQ 0% GR3D_FREQ 0% GR3D2_FREQ 0%@0 CV0@55.562C CPU@58.843C SOC2@56.812C SOC0@57.75C CV1@55.593C GPU@56.218C tj@59.093C SOC1@59.093C CV2@55.968C
08-21-2026 20:00:07 RAM 4309/15389MB (lfb 1152x4MB) SWAP 0/7694MB (cached 0MB) CPU [50%@1984,0%@1984,0%@1984,0%@1984,0%@1344,0%@1344,0%@1344,0%@1344] EMC_FREQ 0% GR3D_FREQ 0% GR3D2_FREQ 19%@0 CV0@55.718C CPU@58.718C SOC2@56.906C SOC0@57.656C CV1@55.625C GPU@56.218C tj@59.187C SOC1@59.187C CV2@56.031C
08-21-2026 20:00:07 RAM 4309/15389MB (lfb 1152x4MB) SWAP 0/7694MB (cached 0MB) CPU [0%@960,0%@960,0%@960,0%@960,50%@1420,0%@1420,50%@1420,0%@1420] EMC_FREQ 0% GR3D_FREQ 19% GR3D2_FREQ 19%@0 CV0@55.625C CPU@58.75C SOC2@56.812C SOC0@57.625C CV1@55.781C GPU@56.375C tj@58.937C SOC1@58.937C CV2@56.062C
08-21-2026 20:00:07 RAM 4309/15389MB (lfb 1152x4MB) SWAP 0/7694MB (cached 0MB) CPU [0%@806,0%@806,50%@806,0%@806,0%@1420,0%@1420,0%@1420,0%@1420] EMC_FREQ 0% GR3D_FREQ 10% GR3D2_FREQ 10%@0 CV0@55.687C CPU@58.656C SOC2@56.75C SOC0@57.593C CV1@55.75C GPU@56.218C tj@58.937C SOC1@58.937C CV2@55.968C
08-21-2026 20:00:07 RAM 4309/15389MB (lfb 1152x4MB) SWAP 0/7694MB (cached 0MB) CPU [50%@1984,0%@1984,0%@1984,0%@1984,100%@1267,0%@1267,50%@1267,0%@1267] EMC_FREQ 0% GR3D_FREQ 12% GR3D2_FREQ 12%@0 CV0@55.625C CPU@58.593C SOC2@56.906C SOC0@57.687C CV1@55.812C GPU@56.156C tj@59.031C SOC1@59.031C CV2@55.906C
08-21-2026 20:00:07 RAM 4309/15389MB (lfb 1152x4MB) SWAP 0/7694MB (cached 0MB) CPU [0%@883,0%@883,50%@883,0%@883,50%@1420,0%@1420,0%@1420,0%@1420] EMC_FREQ 0% GR3D_FREQ 12% GR3D2_FREQ 12%@0 CV0@55.718C CPU@58.531C SOC2@56.812C SOC0@57.656C CV1@55.75C GPU@56.281C tj@58.937C SOC1@58.937C CV2@55.875C
08-21-2026 20:00:07 RAM 4309/15389MB (lfb 1152x4MB) SWAP 0/7694MB (cached 0MB) CPU [0%@960,0%@960,0%@960,0%@960,0%@1420,0%@1420,0%@1420,0%@1420] EMC_FREQ 0% GR3D_FREQ 22% GR3D2_FREQ 22%@0 CV0@55.812C CPU@58.5C SOC2@56.75C SOC0@57.656C CV1@55.656C GPU@56.562C tj@58.937C SOC1@58.937C CV2@55.937C
08-21-2026 20:00:07 RAM 4309/15389MB (lfb 1152x4MB) SWAP 0/7694MB (cached 0MB) CPU [0%@729,0%@729,100%@729,0%@729,100%@1497,0%@1497,0%@1497,0%@1497] EMC_FREQ 0% GR3D_FREQ 4% GR3D2_FREQ 4%@0 CV0@55.843C CPU@58.5C SOC2@56.812C SOC0@57.75C CV1@55.75C GPU@56.281C tj@59.281C SOC1@58.968C CV2@55.968C
08-21-2026 20:00:07 RAM 4309/15389MB (lfb 1152x4MB) SWAP 0/7694MB (cached 0MB) CPU [0%@1984,0%@1984,0%@1984,0%@1984,0%@1420,0%@1420,50%@1420,0%@1420] EMC_FREQ 0% GR3D_FREQ 18% GR3D2_FREQ 18%@0 CV0@55.781C CPU@58.562C SOC2@56.781C SOC0@57.718C CV1@55.75C GPU@56.187C tj@59.093C SOC1@59.093C CV2@55.906C
08-21-2026 20:00:07 RAM 4309/15389MB (lfb 1152x4MB) SWAP 0/7694MB (cached 0MB) CPU [0%@1984,50%@1984,50%@1984,0%@1984,0%@1420,50%@1420,0%@1420,50%@1420] EMC_FREQ 0% GR3D_FREQ 18% GR3D2_FREQ 18%@0 CV0@55.625C CPU@58.406C SOC2@56.812C SOC0@57.687C CV1@55.593C GPU@56.406C tj@58.937C SOC1@58.937C CV2@56.062C
08-21-2026 20:00:07 RAM 4309/15389MB (lfb 1152x4MB) SWAP 0/7694MB (cached 0MB) CPU [0%@1984,0%@1984,0%@1984,0%@1984,0%@1420,0%@1420,0%@1420,0%@1420] EMC_FREQ 0% GR3D_FREQ 23% GR3D2_FREQ 23%@0 CV0@55.718C CPU@58.375C SOC2@56.937C SOC0@57.687C CV1@55.687C GPU@56.218C tj@59.093C SOC1@59.093C CV2@56.031C
08-21-2026 20:00:07 RAM 4309/15389MB (lfb 1152x4MB) SWAP 0/7694MB (cached 0MB) CPU [0%@883,0%@883,0%@883,0%@883,50%@1420,0%@1420,0%@1420,0%@1420] EMC_FREQ 0% GR3D_FREQ 0% GR3D2_FREQ 0%@0 CV0@55.562C CPU@58.687C SOC2@56.843C SOC0@57.562C CV1@55.781C GPU@56.343C tj@59.031C SOC1@59.031C CV2@55.968C
08-21-2026 20:00:07 RAM 4309/15389MB (lfb 1152x4MB) SWAP 0/7694MB (cached 0MB) CPU [0%@729,0%@729,0%@729,0%@729,0%@1267,0%@1267,0%@1267,0%@1267] EMC_FREQ 0% GR3D_FREQ 23% GR3D2_FREQ 23%@0 CV0@55.843C CPU@58.718C SOC2@56.843C SOC0@57.625C CV1@55.75C GPU@56.156C tj@59C SOC1@59C CV2@56C
08-21-2026 20:00:07 RAM 4309/15389MB (lfb 1152x4MB) SWAP 0/7694MB (cached 0MB) CPU [0%@883,0%@883,100%@883,0%@883,100%@1420,0%@1420,0%@1420,0%@1420] EMC_FREQ 0% GR3D_FREQ 23% GR3D2_FREQ 23%@0 CV0@55.687C CPU@58.656C SOC2@56.812C SOC0@57.687C CV1@55.75C GPU@56.437C tj@59C SOC1@59C CV2@55.937C
08-21-2026 20:00:07 RAM 4309/15389MB (lfb 1152x4MB) SWAP 0/7694MB (cached 0MB) CPU [0%@1984,0%@1984,50%@1984,0%@1984,50%@1420,0%@1420,0%@1420,0%@1420] EMC_FREQ 0% GR3D_FREQ 19% GR3D2_FREQ 19%@0 CV0@55.906C CPU@58.562C SOC2@56.875C SOC0@57.625C CV1@55.781C GPU@56.218C tj@59.062C SOC1@59.062C CV2@55.968C
08-21-2026 20:00:07 RAM 4309/15389MB (lfb 1152x4MB) SWAP 0/7694MB (cached 0MB) CPU [0%@806,50%@806,0%@806,0%@806,0%@1344,0%@1344,0%@1344,50%@1344] EMC_FREQ 0% GR3D_FREQ 0% GR3D2_FREQ 0%@0 CV0@55.687C CPU@58.593C SOC2@56.812C SOC0@57.75C CV1@55.718C GPU@56.406C tj@59.25C SOC1@59.25C CV2@55.906C
08-21-2026 20:00:07 RAM 4309/15389MB (lfb 1152x4MB) SWAP 0/7694MB (cached 0MB) CPU [0%@1984,0%@1984,50%@1984,0%@1984,0%@1420,0%@1420,0%@1420,0%@1420] EMC_FREQ 0% GR3D_FREQ 0% GR3D2_FREQ 22%@0 CV0@55.625C CPU@58.5C SOC2@56.812C SOC0@57.687C CV1@55.656C GPU@56.406C tj@59.312C SOC1@59.312C CV2@55.875C
08-21-2026 20:00:07 RAM 4310/15389MB (lfb 1152x4MB) SWAP 0/7694MB (cached 0MB) CPU [50%@1984,0%@1984,0%@1984,0%@1984,50%@1344,0%@1344,0%@1344,0%@1344] EMC_FREQ 0% GR3D_FREQ 22% GR3D2_FREQ 22%@0 CV0@55.718C CPU@58.375C SOC2@56.781C SOC0@57.656C CV1@55.625C GPU@56.156C tj@59.125C SOC1@59.125C CV2@55.937C
08-21-2026 20:00:07 RAM 4310/15389MB (lfb 1152x4MB) SWAP 0/7694MB (cached 0MB) CPU [50%@960,0%@960,0%@960,0%@960,100%@1497,0%@1497,0%@1497,0%@1497] EMC_FREQ 0% GR3D_FREQ 2% GR3D2_FREQ 2%@0 CV0@55.718C CPU@58.437C SOC2@56.843C SOC0@57.75C CV1@55.687C GPU@56.312C tj@59.093C SOC1@59.093C CV2@56.062C
08-21-2026 20:00:07 RAM 4310/15389MB (lfb 1152x4MB) SWAP 0/7694MB (cached 0MB) CPU [0%@883,50%@883,0%@883,0%@1984,0%@1267,0%@1267,0%@1267,0%@1267] EMC_FREQ 0% GR3D_FREQ 17% GR3D2_FREQ 17%@0 CV0@55.625C CPU@58.468C SOC2@56.843C SOC0@57.687C CV1@55.687C GPU@56.5C tj@59.062C SOC1@59.062C CV2@55.937C
08-21-2026 20:00:07 RAM 4310/15389MB (lfb 1152x4MB) SWAP 0/7694MB (cached 0MB) CPU [0%@1984,0%@1984,50%@1984,0%@1984,0%@1497,0%@1497,0%@1497,0%@1497] EMC_FREQ 0% GR3D_FREQ 17% GR3D2_FREQ 17%@0 CV0@55.656C CPU@58.343C SOC2@56.875C SOC0@57.656C CV1@55.812C GPU@56.187C tj@59.125C SOC1@59.125C CV2@56C
08-21-2026 20:00:07 RAM 4310/15389MB (lfb 1152x4MB) SWAP 0/7694MB (cached 0MB) CPU [50%@1984,0%@1984,0%@1984,0%@1984,0%@1420,0%@1420,0%@1420,0%@1420] EMC_FREQ 0% GR3D_FREQ 20% GR3D2_FREQ 20%@0 CV0@55.781C CPU@58.687C SOC2@56.875C SOC0@57.531C CV1@55.843C GPU@56.093C tj@59.093C SOC1@59.093C CV2@56C
08-21-2026 20:00:07 RAM 4310/15389MB (lfb 1152x4MB) SWAP 0/7694MB (cached 0MB) CPU [0%@1984,0%@1984,0%@1984,0%@1984,0%@1420,100%@1420,0%@1420,0%@1420] EMC_FREQ 0% GR3D_FREQ 0% GR3D2_FREQ 0%@0 CV0@55.687C CPU@58.531C SOC2@56.75C SOC0@57.687C CV1@55.75C GPU@56.375C tj@59.25C SOC1@59.25C CV2@55.906C
08-21-2026 20:00:07 RAM 4310/15389MB (lfb 1152x4MB) SWAP 0/7694MB (cached 0MB) CPU [0%@729,50%@729,50%@729,0%@729,0%@1420,50%@1420,0%@1420,0%@1420] EMC_FREQ 0% GR3D_FREQ 23% GR3D2_FREQ 23%@0 CV0@55.75C CPU@58.531C SOC2@56.968C SOC0@57.781C CV1@55.75C GPU@56.125C tj@59.281C SOC1@59.281C CV2@55.937C
08-21-2026 20:00:07 RAM 4310/15389MB (lfb 1152x4MB) SWAP 0/7694MB (cached 0MB) CPU [50%@1984,0%@1984,100%@1984,50%@1984,50%@1344,0%@1344,50%@1344,0%@1344] EMC_FREQ 0% GR3D_FREQ 23% GR3D2_FREQ 23%@0 CV0@55.625C CPU@58.406C SOC2@56.875C SOC0@57.781C CV1@55.656C GPU@56.343C tj@59.25C SOC1@59.25C CV2@55.812C
08-21-2026 20:00:07 RAM 4310/15389MB (lfb 1152x4MB) SWAP 0/7694MB (cached 0MB) CPU [0%@1984,0%@1984,0%@1984,0%@1984,0%@1497,0%@1497,50%@1497,0%@1497] EMC_FREQ 0% GR3D_FREQ 3% GR3D2_FREQ 3%@0 CV0@55.718C CPU@58.343C SOC2@56.812C SOC0@57.656C CV1@55.625C GPU@56.5C tj@59.218C SOC1@59.218C CV2@56C
08-21-2026 20:00:07 RAM 4310/15389MB (lfb 1152x4MB) SWAP 0/7694MB (cached 0MB) CPU [0%@883,0%@883,50%@883,0%@883,0%@1420,0%@1420,0%@1420,0%@1420] EMC_FREQ 0% GR3D_FREQ 16% GR3D2_FREQ 16%@0 CV0@55.687C CPU@58.312C SOC2@56.906C SOC0@57.625C CV1@55.687C GPU@56.468C tj@59.187C SOC1@59.187C CV2@56C
08-21-2026 20:00:07 RAM 4309/15389MB (lfb 1152x4MB) SWAP 0/7694MB (cached 0MB) CPU [0%@1984,0%@1984,0%@1984,0%@1984,0%@1497,0%@1497,100%@1497,0%@1497] EMC_FREQ 0% GR3D_FREQ 16% GR3D2_FREQ 16%@0 CV0@55.656C CPU@58.343C SOC2@56.781C SOC0@57.593C CV1@55.718C GPU@56.281C tj@59.156C SOC1@59.156C CV2@56C
08-21-2026 20:00:07 RAM 4309/15389MB (lfb 1152x4MB) SWAP 0/7694MB (cached 0MB) CPU [0%@1984,0%@1984,50%@1984,0%@1984,0%@1267,0%@1267,0%@1267,0%@1267] EMC_FREQ 0% GR3D_FREQ 22% GR3D2_FREQ 22%@0 CV0@55.687C CPU@58.531C SOC2@56.843C SOC0@57.687C CV1@55.812C GPU@56.343C tj@59.093C SOC1@59.093C CV2@55.968C
08-21-2026 20:00:07 RAM 4309/15389MB (lfb 1152x4MB) SWAP 0/7694MB (cached 0MB) CPU [0%@1984,0%@1984,0%@1984,0%@1984,0%@1420,0%@1420,0%@1420,0%@1420] EMC_FREQ 0% GR3D_FREQ 0% GR3D2_FREQ 0%@0 CV0@55.843C CPU@58.625C SOC2@56.906C SOC0@57.593C CV1@55.875C GPU@56.125C tj@59.062C SOC1@59.062C CV2@56C
08-21-2026 20:00:07 RAM 4309/15389MB (lfb 1152x4MB) SWAP 0/7694MB (cached 0MB) CPU [0%@1984,0%@1984,33%@1984,0%@1984,0%@1267,0%@1267,0%@1267,50%@1267] EMC_FREQ 0% GR3D_FREQ 23% GR3D2_FREQ 23%@0 CV0@55.656C CPU@58.562C SOC2@56.843C SOC0@57.593C CV1@55.781C GPU@56.281C tj@59.25C SOC1@59.25C CV2@55.968C
08-21-2026 20:00:07 RAM 4309/15389MB (lfb 1152x4MB) SWAP 0/7694MB (cached 0MB) CPU [0%@806,0%@806,0%@806,0%@806,0%@1420,0%@1420,100%@1420,0%@1420] EMC_FREQ 0% GR3D_FREQ 23% GR3D2_FREQ 23%@0 CV0@55.75C CPU@58.531C SOC2@56.906C SOC0@57.75C CV1@55.718C GPU@56.312C tj@59.218C SOC1@59.218C CV2@55.968C
08-21-2026 20:00:07 RAM 4309/15389MB (lfb 1152x4MB) SWAP 0/7694MB (cached 0MB) CPU [0%@1984,0%@1984,50%@1984,0%@1984,0%@1267,0%@1267,0%@1267,0%@1267] EMC_FREQ 0% GR3D_FREQ 22% GR3D2_FREQ 22%@0 CV0@55.718C CPU@58.5C SOC2@56.875C SOC0@57.687C CV1@55.593C GPU@56.437C tj@59.281C SOC1@59.281C CV2@55.968C
08-21-2026 20:00:07 RAM 4309/15389MB (lfb 1152x4MB) SWAP 0/7694MB (cached 0MB) CPU [0%@1984,0%@1984,0%@1984,0%@1984,0%@1344,0%@1344,0%@1344,0%@1344] EMC_FREQ 0% GR3D_FREQ 0% GR3D2_FREQ 0%@0 CV0@55.687C CPU@58.593C SOC2@56.812C SOC0@57.718C CV1@55.75C GPU@56.25C tj@59.093C SOC1@59.093C CV2@56.031C
08-21-2026 20:00:07 RAM 4309/15389MB (lfb 1152x4MB) SWAP 0/7694MB (cached 0MB) CPU [50%@1984,0%@1984,50%@1984,0%@1984,0%@1344,0%@1344,66%@1344,0%@1344] EMC_FREQ 0% GR3D_FREQ 0% GR3D2_FREQ 0%@0 CV0@55.75C CPU@58.718C SOC2@56.937C SOC0@57.593C CV1@55.593C GPU@56.343C tj@59.125C SOC1@59.062C CV2@56C
08-21-2026 20:00:07 RAM 4309/15389MB (lfb 1152x4MB) SWAP 0/7694MB (cached 0MB) CPU [0%@1984,50%@1984,0%@1984,0%@1984,0%@1344,0%@1344,0%@1344,0%@1344] EMC_FREQ 0% GR3D_FREQ 19% GR3D2_FREQ 19%@0 CV0@55.593C CPU@58.625C SOC2@56.812C SOC0@57.625C CV1@55.656C GPU@56.312C tj@59C SOC1@59C CV2@55.968C
08-21-2026 20:00:07 RAM 4309/15389MB (lfb 1152x4MB) SWAP 0/7694MB (cached 0MB) CPU [50%@1984,0%@1984,50%@1984,0%@1984,0%@1420,0%@1420,100%@1420,0%@1420] EMC_FREQ 0% GR3D_FREQ 16% GR3D2_FREQ 16%@0 CV0@55.656C CPU@58.593C SOC2@56.781C SOC0@57.593C CV1@55.781C GPU@56.187C tj@59.062C SOC1@59.062C CV2@56.031C
08-21-2026 20:00:07 RAM 4309/15389MB (lfb 1152x4MB) SWAP 0/7694MB (cached 0MB) CPU [0%@1984,0%@1984,0%@1984,0%@1984,0%@1344,0%@1344,50%@1344,0%@1344] EMC_FREQ 0% GR3D_FREQ 3% GR3D2_FREQ 3%@0 CV0@55.75C CPU@58.656C SOC2@56.843C SOC0@57.562C CV1@55.656C GPU@56.25C tj@59.031C SOC1@59.031C CV2@55.937C
08-21-2026 20:00:07 RAM 4309/15389MB (lfb 1152x4MB) SWAP 0/7694MB (cached 0MB) CPU [0%@1984,0%@1984,0%@1984,0%@1984,0%@1344,0%@1344,0%@1344,0%@1344] EMC_FREQ 0% GR3D_FREQ 3% GR3D2_FREQ 3%@0 CV0@55.687C CPU@58.531C SOC2@56.781C SOC0@57.75C CV1@55.656C GPU@56.468C tj@59.062C SOC1@59.062C CV2@56C
08-21-2026 20:00:07 RAM 4309/15389MB (lfb 1152x4MB) SWAP 0/7694MB (cached 0MB) CPU [0%@1984,0%@1984,50%@1984,0%@1984,0%@1344,0%@1344,50%@1344,0%@1344] EMC_FREQ 0% GR3D_FREQ 19% GR3D2_FREQ 19%@0 CV0@55.625C CPU@58.656C SOC2@56.781C SOC0@57.75C CV1@55.656C GPU@56.406C tj@59.156C SOC1@59.156C CV2@55.875C
08-21-2026 20:00:07 RAM 4309/15389MB (lfb 1152x4MB) SWAP 0/7694MB (cached 0MB) CPU [50%@1113,0%@1113,0%@1113,0%@1113,0%@1420,0%@1420,100%@1420,0%@1420] EMC_FREQ 0% GR3D_FREQ 5% GR3D2_FREQ 5%@0 CV0@55.656C CPU@58.562C SOC2@56.781C SOC0@57.75C CV1@55.625C GPU@56.281C tj@59.156C SOC1@59.156C CV2@56C
08-21-2026 20:00:07 RAM 4310/15389MB (lfb 1152x4MB) SWAP 0/7694MB (cached 0MB) CPU [0%@1036,0%@1036,0%@1036,50%@1036,50%@1267,0%@1267,0%@1267,0%@1267] EMC_FREQ 0% GR3D_FREQ 17% GR3D2_FREQ 17%@0 CV0@55.656C CPU@58.437C SOC2@56.781C SOC0@57.718C CV1@55.593C GPU@56.343C tj@59.218C SOC1@59.218C CV2@56C
08-21-2026 20:00:07 RAM 4310/15389MB (lfb 1152x4MB) SWAP 0/7694MB (cached 0MB) CPU [0%@960,0%@960,0%@960,0%@960,0%@1344,0%@1344,100%@1344,0%@1344] EMC_FREQ 0% GR3D_FREQ 17% GR3D2_FREQ 17%@0 CV0@55.625C CPU@58.5C SOC2@56.906C SOC0@57.656C CV1@55.625C GPU@56.281C tj@59.093C SOC1@59.093C CV2@56C
08-21-2026 20:00:07 RAM 4310/15389MB (lfb 1152x4MB) SWAP 0/7694MB (cached 0MB) CPU [100%@1984,0%@1984,0%@1984,0%@1984,0%@1267,0%@1267,0%@1267,0%@1267] EMC_FREQ 0% GR3D_FREQ 22% GR3D2_FREQ 22%@0 CV0@55.687C CPU@58.781C SOC2@56.843C SOC0@57.593C CV1@55.843C GPU@56.531C tj@58.937C SOC1@58.937C CV2@56C
08-21-2026 20:00:07 RAM 4310/15389MB (lfb 1152x4MB) SWAP 0/7694MB (cached 0MB) CPU [0%@960,0%@960,0%@960,0%@960,33%@1267,0%@1267,50%@1267,0%@1267] EMC_FREQ 0% GR3D_FREQ 0% GR3D2_FREQ 0%@0 CV0@55.562C CPU@58.718C SOC2@56.906C SOC0@57.687C CV1@55.812C GPU@56.187C tj@59.125C SOC1@59.125C CV2@56C
08-21-2026 20:00:07 RAM 4310/15389MB (lfb 1152x4MB) SWAP 0/7694MB (cached 0MB) CPU [0%@1984,0%@1984,0%@1984,0%@1984,50%@1344,50%@1344,50%@1344,50%@1344] EMC_FREQ 0% GR3D_FREQ 0% GR3D2_FREQ 0%@0 CV0@55.718C CPU@58.593C SOC2@56.812C SOC0@57.687C CV1@55.718C GPU@56.375C tj@59.093C SOC1@59.093C CV2@56C
08-21-2026 20:00:07 RAM 4310/15389MB (lfb 1152x4MB) SWAP 0/7694MB (cached 0MB) CPU [0%@1984,0%@1984,0%@1984,0%@1984,0%@1190,50%@1190,100%@1190,0%@1190] EMC_FREQ 0% GR3D_FREQ 19% GR3D2_FREQ 19%@0 CV0@55.843C CPU@58.593C SOC2@56.937C SOC0@57.625C CV1@55.812C GPU@56.218C tj@59.156C SOC1@59.156C CV2@56C
08-21-2026 20:00:07 RAM 4310/15389MB (lfb 1152x4MB) SWAP 0/7694MB (cached 0MB) CPU [0%@1984,33%@1984,0%@1984,0%@1984,0%@1574,0%@1574,0%@1574,0%@1574] EMC_FREQ 0% GR3D_FREQ 7% GR3D2_FREQ 7%@0 CV0@55.812C CPU@58.437C SOC2@56.75C SOC0@57.687C CV1@55.687C GPU@56.406C tj@59.281C SOC1@59.281C CV2@55.968C
08-21-2026 20:00:07 RAM 4310/15389MB (lfb 1152x4MB) SWAP 0/7694MB (cached 0MB) CPU [50%@1984,0%@1984,0%@1984,50%@1984,50%@1497,0%@1497,0%@1497,0%@1497] EMC_FREQ 0% GR3D_FREQ 14% GR3D2_FREQ 14%@0 CV0@55.656C CPU@58.437C SOC2@56.75C SOC0@57.656C CV1@55.593C GPU@56.281C tj@59.25C SOC1@59.25C CV2@55.968C
08-21-2026 20:00:07 RAM 4310/15389MB (lfb 1152x4MB) SWAP 0/7694MB (cached 0MB) CPU [50%@729,0%@729,0%@729,0%@729,0%@1420,0%@1420,0%@1420,0%@1420] EMC_FREQ 0% GR3D_FREQ 14% GR3D2_FREQ 14%@0 CV0@55.718C CPU@58.468C SOC2@56.843C SOC0@57.687C CV1@55.718C GPU@56.562C tj@59.093C SOC1@59.218C CV2@56.156C
08-21-2026 20:00:07 RAM 4310/15389MB (lfb 1152x4MB) SWAP 0/7694MB (cached 0MB) CPU [0%@1984,0%@1984,0%@1984,50%@1984,0%@1267,66%@1267,0%@1267,50%@1267] EMC_FREQ 0% GR3D_FREQ 22% GR3D2_FREQ 22%@0 CV0@55.75C CPU@58.375C SOC2@56.906C SOC0@57.625C CV1@55.718C GPU@56.156C tj@59.062C SOC1@59.062C CV2@56.062C
08-21-2026 20:00:08 RAM 4310/15389MB (lfb 1152x4MB) SWAP 0/7694MB (cached 0MB) CPU [0%@1984,0%@1984,0%@1984,0%@1984,0%@1420,0%@1420,0%@1420,0%@1420] EMC_FREQ 0% GR3D_FREQ 0% GR3D2_FREQ 0%@0 CV0@55.687C CPU@58.468C SOC2@56.75C SOC0@57.656C CV1@55.75C GPU@56.437C tj@59.125C SOC1@59.125C CV2@55.968C
08-21-2026 20:00:08 RAM 4310/15389MB (lfb 1152x4MB) SWAP 0/7694MB (cached 0MB) CPU [0%@1984,0%@1984,0%@1984,0%@1984,50%@1420,100%@1420,50%@1420,50%@1420] EMC_FREQ 0% GR3D_FREQ 0% GR3D2_FREQ 0%@0 CV0@55.687C CPU@58.406C SOC2@56.781C SOC0@57.625C CV1@55.781C GPU@56.312C tj@59.218C SOC1@59.218C CV2@56.031C
08-21-2026 20:00:08 RAM 4310/15389MB (lfb 1152x4MB) SWAP 0/7694MB (cached 0MB) CPU [0%@1984,33%@1984,0%@1984,0%@1984,100%@1267,0%@1267,0%@1267,0%@1267] EMC_FREQ 0% GR3D_FREQ 22% GR3D2_FREQ 22%@0 CV0@55.75C CPU@58.718C SOC2@56.687C SOC0@57.593C CV1@55.75C GPU@56.187C tj@59.062C SOC1@59.062C CV2@55.968C
08-21-2026 20:00:08 RAM 4309/15389MB (lfb 1152x4MB) SWAP 0/7694MB (cached 0MB) CPU [0%@1984,0%@1984,0%@1984,0%@1984,0%@1497,0%@1497,0%@1497,0%@1497] EMC_FREQ 0% GR3D_FREQ 18% GR3D2_FREQ 18%@0 CV0@55.781C CPU@58.593C SOC2@56.843C SOC0@57.593C CV1@55.812C GPU@56.312C tj@59.25C SOC1@59.25C CV2@55.937C
08-21-2026 20:00:08 RAM 4309/15389MB (lfb 1152x4MB) SWAP 0/7694MB (cached 0MB) CPU [0%@1984,50%@1984,0%@1984,0%@1984,0%@1344,0%@1344,0%@1344,0%@1344] EMC_FREQ 0% GR3D_FREQ 1% GR3D2_FREQ 1%@0 CV0@55.656C CPU@58.531C SOC2@56.812C SOC0@57.75C CV1@55.812C GPU@56.468C tj@59.375C SOC1@59.375C CV2@55.968C
08-21-2026 20:00:08 RAM 4309/15389MB (lfb 1152x4MB) SWAP 0/7694MB (cached 0MB) CPU [0%@729,0%@729,0%@1984,0%@1984,0%@1497,0%@1497,0%@1497,0%@1497] EMC_FREQ 0% GR3D_FREQ 1% GR3D2_FREQ 1%@0 CV0@55.718C CPU@58.531C SOC2@56.843C SOC0@57.718C CV1@55.812C GPU@56.281C tj@59.125C SOC1@59.125C CV2@55.968C
08-21-2026 20:00:08 RAM 4309/15389MB (lfb 1152x4MB) SWAP 0/7694MB (cached 0MB) CPU [0%@1984,0%@1984,0%@1984,0%@1984,50%@1267,50%@1267,50%@1267,0%@1267] EMC_FREQ 0% GR3D_FREQ 22% GR3D2_FREQ 22%@0 CV0@55.687C CPU@58.343C SOC2@56.812C SOC0@57.75C CV1@55.687C GPU@56.187C tj@59.031C SOC1@59.031C CV2@56.062C
08-21-2026 20:00:08 RAM 4309/15389MB (lfb 1152x4MB) SWAP 0/7694MB (cached 0MB) CPU [0%@1984,0%@1984,0%@1984,0%@1984,100%@1497,50%@1497,0%@1497,0%@1497] EMC_FREQ 0% GR3D_FREQ 9% GR3D2_FREQ 9%@0 CV0@55.656C CPU@58.5C SOC2@56.937C SOC0@57.687C CV1@55.718C GPU@56.406C tj@59.125C SOC1@59.125C CV2@55.968C
08-21-2026 20:00:08 RAM 4309/15389MB (lfb 1152x4MB) SWAP 0/7694MB (cached 0MB) CPU [0%@1984,0%@1984,0%@1984,0%@1984,0%@1267,0%@1267,33%@1267,0%@1267] EMC_FREQ 0% GR3D_FREQ 9% GR3D2_FREQ 13%@0 CV0@55.625C CPU@58.468C SOC2@56.812C SOC0@57.687C CV1@55.875C GPU@56.156C tj@58.968C SOC1@58.968C CV2@55.937C
08-21-2026 20:00:08 RAM 4309/15389MB (lfb 1152x4MB) SWAP 0/7694MB (cached 0MB) CPU [0%@729,0%@729,0%@729,0%@729,50%@1344,50%@1344,0%@1344,0%@1344] EMC_FREQ 0% GR3D_FREQ 13% GR3D2_FREQ 13%@0 CV0@55.812C CPU@58.531C SOC2@56.875C SOC0@57.593C CV1@55.781C GPU@56.25C tj@59.125C SOC1@59.125C CV2@56.031C
08-21-2026 20:00:08 RAM 4309/15389MB (lfb 1152x4MB) SWAP 0/7694MB (cached 0MB) CPU [0%@1984,50%@1984,0%@1984,0%@1984,0%@1344,0%@1344,50%@1344,0%@1344] EMC_FREQ 0% GR3D_FREQ 22% GR3D2_FREQ 22%@0 CV0@55.812C CPU@58.656C SOC2@56.906C SOC0@57.625C CV1@55.812C GPU@56.218C tj@59.031C SOC1@59.031C CV2@55.937C
08-21-2026 20:00:08 RAM 4309/15389MB (lfb 1152x4MB) SWAP 0/7694MB (cached 0MB) CPU [0%@1984,0%@1984,0%@1984,33%@1984,100%@1344,0%@1344,0%@1344,0%@1344] EMC_FREQ 0% GR3D_FREQ 0% GR3D2_FREQ 0%@0 CV0@55.75C CPU@58.5C SOC2@56.781C SOC0@57.625C CV1@55.781C GPU@56.5C tj@59.25C SOC1@59.25C CV2@55.875C
08-21-2026 20:00:08 RAM 4309/15389MB (lfb 1152x4MB) SWAP 0/7694MB (cached 0MB) CPU [50%@1984,0%@1984,0%@1984,0%@1984,0%@1497,50%@1497,0%@1497,0%@1497] EMC_FREQ 0% GR3D_FREQ 0% GR3D2_FREQ 0%@0 CV0@55.687C CPU@58.531C SOC2@56.781C SOC0@57.656C CV1@55.656C GPU@56.156C tj@59.25C SOC1@59.25C CV2@55.906C
08-21-2026 20:00:08 RAM 4309/15389MB (lfb 1152x4MB) SWAP 0/7694MB (cached 0MB) CPU [0%@1984,0%@1984,0%@1984,0%@1984,0%@1344,0%@1344,0%@1344,0%@1344] EMC_FREQ 0% GR3D_FREQ 20% GR3D2_FREQ 20%@0 CV0@55.75C CPU@58.437C SOC2@56.812C SOC0@57.625C CV1@55.781C GPU@56.406C tj@59.25C SOC1@59.25C CV2@56C
08-21-2026 20:00:08 RAM 4309/15389MB (lfb 1152x4MB) SWAP 0/7694MB (cached 0MB) CPU [0%@1984,0%@1984,0%@1984,0%@1984,100%@1651,0%@1651,0%@1651,0%@1651] EMC_FREQ 0% GR3D_FREQ 19% GR3D2_FREQ 19%@0 CV0@55.687C CPU@58.718C SOC2@56.812C SOC0@57.656C CV1@55.656C GPU@56.218C tj@59C SOC1@59C CV2@56.093C
08-21-2026 20:00:08 RAM 4309/15389MB (lfb 1152x4MB) SWAP 0/7694MB (cached 0MB) CPU [0%@1984,0%@1984,0%@1984,0%@1984,0%@1420,50%@1420,0%@1420,0%@1420] EMC_FREQ 0% GR3D_FREQ 19% GR3D2_FREQ 3%@0 CV0@55.593C CPU@58.812C SOC2@56.906C SOC0@57.718C CV1@55.812C GPU@56.25C tj@59.156C SOC1@59.156C CV2@56C
08-21-2026 20:00:08 RAM 4309/15389MB (lfb 1152x4MB) SWAP 0/7694MB (cached 0MB) CPU [0%@729,0%@729,0%@729,0%@729,0%@1420,100%@1420,50%@1420,0%@1420] EMC_FREQ 0% GR3D_FREQ 3% GR3D2_FREQ 3%@0 CV0@55.656C CPU@58.656C SOC2@56.843C SOC0@57.531C CV1@55.75C GPU@56.062C tj@58.968C SOC1@58.968C CV2@56C
08-21-2026 20:00:08 RAM 4309/15389MB (lfb 1152x4MB) SWAP 0/7694MB (cached 0MB) CPU [0%@1984,0%@1984,0%@1984,0%@1984,0%@1344,0%@1344,100%@1344,0%@1344] EMC_FREQ 0% GR3D_FREQ 23% GR3D2_FREQ 23%@0 CV0@55.656C CPU@58.625C SOC2@56.843C SOC0@57.562C CV1@55.718C GPU@56.5C tj@59.031C SOC1@59.031C CV2@56C
08-21-2026 20:00:08 RAM 4310/15389MB (lfb 1152x4MB) SWAP 0/7694MB (cached 0MB) CPU [0%@1984,0%@1984,0%@1984,0%@1984,0%@1344,100%@1344,0%@1344,0%@1344] EMC_FREQ 0% GR3D_FREQ 0% GR3D2_FREQ 0%@0 CV0@55.781C CPU@58.687C SOC2@56.781C SOC0@57.593C CV1@55.687C GPU@56.156C tj@59.187C SOC1@59.187C CV2@55.843C
08-21-2026 20:00:08 RAM 4310/15389MB (lfb 1152x4MB) SWAP 0/7694MB (cached 0MB) CPU [0%@1984,0%@1984,0%@1984,0%@1984,0%@1420,0%@1420,33%@1420,50%@1420] EMC_FREQ 0% GR3D_FREQ 0% GR3D2_FREQ 0%@0 CV0@55.625C CPU@58.656C SOC2@56.843C SOC0@57.75C CV1@55.687C GPU@56.437C tj@59.156C SOC1@59.156C CV2@55.968C
08-21-2026 20:00:08 RAM 4310/15389MB (lfb 1152x4MB) SWAP 0/7694MB (cached 0MB) CPU [0%@1984,0%@1984,0%@1984,50%@1984,0%@1344,66%@1344,0%@1344,0%@1344] EMC_FREQ 0% GR3D_FREQ 22% GR3D2_FREQ 22%@0 CV0@55.656C CPU@58.437C SOC2@56.656C SOC0@57.656C CV1@55.625C GPU@56.218C tj@59.125C SOC1@59.125C CV2@55.875C
08-21-2026 20:00:08 RAM 4310/15389MB (lfb 1152x4MB) SWAP 0/7694MB (cached 0MB) CPU [0%@1984,0%@1984,0%@1984,0%@1984,0%@1420,0%@1420,0%@1420,0%@1420] EMC_FREQ 0% GR3D_FREQ 19% GR3D2_FREQ 19%@0 CV0@55.531C CPU@58.437C SOC2@56.781C SOC0@57.718C CV1@55.687C GPU@56.343C tj@59.031C SOC1@59.031C CV2@56C
08-21-2026 20:00:08 RAM 4310/15389MB (lfb 1152x4MB) SWAP 0/7694MB (cached 0MB) CPU [0%@1984,0%@1984,0%@1984,0%@1984,0%@1420,0%@1420,0%@1420,0%@1420] EMC_FREQ 0% GR3D_FREQ 19% GR3D2_FREQ 19%@0 CV0@55.656C CPU@58.343C SOC2@56.906C SOC0@57.593C CV1@55.875C GPU@56.125C tj@59C SOC1@59C CV2@56C
08-21-2026 20:00:08 RAM 4310/15389MB (lfb 1152x4MB) SWAP 0/7694MB (cached 0MB) CPU [0%@1984,0%@1984,0%@1984,0%@1984,33%@1497,100%@1497,66%@1497,0%@1497] EMC_FREQ 0% GR3D_FREQ 0% GR3D2_FREQ 0%@0 CV0@55.75C CPU@58.343C SOC2@56.843C SOC0@57.656C CV1@55.781C GPU@56.5C tj@59.125C SOC1@59.125C CV2@56.031C
08-21-2026 20:00:08 RAM 4310/15389MB (lfb 1152x4MB) SWAP 0/7694MB (cached 0MB) CPU [0%@1984,0%@1984,0%@1984,0%@1984,0%@1420,0%@1420,0%@1420,0%@1420] EMC_FREQ 0% GR3D_FREQ 22% GR3D2_FREQ 22%@0 CV0@55.656C CPU@58.718C SOC2@56.718C SOC0@57.625C CV1@55.687C GPU@56.25C tj@59.093C SOC1@59.093C CV2@55.875C
08-21-2026 20:00:08 RAM 4310/15389MB (lfb 1152x4MB) SWAP 0/7694MB (cached 0MB) CPU [50%@1984,0%@1984,0%@1984,0%@1984,0%@1984,0%@1984,100%@1984,33%@1984] EMC_FREQ 0% GR3D_FREQ 19% GR3D2_FREQ 19%@0 CV0@55.781C CPU@58.5C SOC2@56.843C SOC0@57.562C CV1@55.718C GPU@56.468C tj@59.218C SOC1@59.218C CV2@55.906C
08-21-2026 20:00:08 RAM 4310/15389MB (lfb 1152x4MB) SWAP 0/7694MB (cached 0MB) CPU [50%@1984,0%@1984,0%@1984,0%@1984,0%@1984,0%@1984,0%@1984,0%@1984] EMC_FREQ 0% GR3D_FREQ 19% GR3D2_FREQ 19%@0 CV0@55.781C CPU@58.406C SOC2@56.843C SOC0@57.656C CV1@55.781C GPU@56.187C tj@59.156C SOC1@59.343C CV2@56C
08-21-2026 20:00:08 RAM 4310/15389MB (lfb 1152x4MB) SWAP 0/7694MB (cached 0MB) CPU [0%@729,0%@729,50%@729,0%@729,0%@1984,0%@1984,50%@1984,0%@1984] EMC_FREQ 0% GR3D_FREQ 3% GR3D2_FREQ 3%@0 CV0@55.687C CPU@58.437C SOC2@56.875C SOC0@57.718C CV1@55.718C GPU@56.375C tj@59.281C SOC1@59.281C CV2@56C
08-21-2026 20:00:08 RAM 4310/15389MB (lfb 1152x4MB) SWAP 0/7694MB (cached 0MB) CPU [0%@1984,0%@1984,0%@1984,0%@1984,0%@1497,0%@1497,50%@1497,0%@1497] EMC_FREQ 0% GR3D_FREQ 23% GR3D2_FREQ 23%@0 CV0@55.656C CPU@58.468C SOC2@56.781C SOC0@57.625C CV1@55.656C GPU@56.281C tj@59.125C SOC1@59.125C CV2@56.062C
08-21-2026 20:00:08 RAM 4310/15389MB (lfb 1152x4MB) SWAP 0/7694MB (cached 0MB) CPU [0%@1984,0%@1984,0%@1984,0%@1984,0%@1497,50%@1497,0%@1497,50%@1497] EMC_FREQ 0% GR3D_FREQ 23% GR3D2_FREQ 23%@0 CV0@55.687C CPU@58.531C SOC2@56.968C SOC0@57.656C CV1@55.812C GPU@56.5C tj@59.031C SOC1@59.031C CV2@56C
08-21-2026 20:00:08 RAM 4310/15389MB (lfb 1152x4MB) SWAP 0/7694MB (cached 0MB) CPU [50%@1984,0%@1984,0%@1984,0%@1984,0%@1574,0%@1574,0%@1574,0%@1574] EMC_FREQ 0% GR3D_FREQ 17% GR3D2_FREQ 17%@0 CV0@55.718C CPU@58.468C SOC2@56.906C SOC0@57.687C CV1@55.843C GPU@56.375C tj@59.156C SOC1@59.156C CV2@55.968C
08-21-2026 20:00:08 RAM 4310/15389MB (lfb 1152x4MB) SWAP 0/7694MB (cached 0MB) CPU [0%@1984,0%@1984,0%@1984,0%@1984,50%@1420,50%@1420,50%@1420,0%@1420] EMC_FREQ 0% GR3D_FREQ 6% GR3D2_FREQ 6%@0 CV0@55.593C CPU@58.5C SOC2@56.781C SOC0@57.656C CV1@55.781C GPU@56.437C tj@59.093C SOC1@59.125C CV2@56C
08-21-2026 20:00:08 RAM 4310/15389MB (lfb 1152x4MB) SWAP 0/7694MB (cached 0MB) CPU [0%@1984,0%@1984,0%@1984,0%@1984,0%@1497,0%@1497,0%@1497,100%@1497] EMC_FREQ 0% GR3D_FREQ 22% GR3D2_FREQ 22%@0 CV0@55.781C CPU@58.656C SOC2@56.781C SOC0@57.593C CV1@55.656C GPU@56.406C tj@59.062C SOC1@59.062C CV2@56C
08-21-2026 20:00:08 RAM 4310/15389MB (lfb 1152x4MB) SWAP 0/7694MB (cached 0MB) CPU [0%@1984,0%@1984,0%@1984,0%@1984,0%@1420,0%@1420,0%@1420,50%@1420] EMC_FREQ 0% GR3D_FREQ 22% GR3D2_FREQ 22%@0 CV0@55.718C CPU@58.562C SOC2@56.718C SOC0@57.75C CV1@55.656C GPU@56.187C tj@59.281C SOC1@59.281C CV2@55.937C
08-21-2026 20:00:08 RAM 4310/15389MB (lfb 1152x4MB) SWAP 0/7694MB (cached 0MB) CPU [0%@1984,0%@1984,0%@1984,0%@1984,0%@1420,0%@1420,0%@1420,50%@1420] EMC_FREQ 0% GR3D_FREQ 0% GR3D2_FREQ 0%@0 CV0@55.718C CPU@58.625C SOC2@56.937C SOC0@57.718C CV1@55.75C GPU@56.281C tj@59.281C SOC1@59.281C CV2@56.031C
08-21-2026 20:00:08 RAM 4310/15389MB (lfb 1152x4MB) SWAP 0/7694MB (cached 0MB) CPU [0%@1984,0%@1984,0%@1984,0%@1984,0%@1420,0%@1420,0%@1420,0%@1420] EMC_FREQ 0% GR3D_FREQ 22% GR3D2_FREQ 22%@0 CV0@55.687C CPU@58.562C SOC2@56.843C SOC0@57.718C CV1@55.718C GPU@56.531C tj@59.031C SOC1@59.031C CV2@56.031C
08-21-2026 20:00:08 RAM 4310/15389MB (lfb 1152x4MB) SWAP 0/7694MB (cached 0MB) CPU [0%@729,0%@729,0%@729,50%@729,0%@1344,50%@1344,50%@1344,0%@1344] EMC_FREQ 0% GR3D_FREQ 22% GR3D2_FREQ 22%@0 CV0@55.656C CPU@58.687C SOC2@56.906C SOC0@57.625C CV1@55.687C GPU@56.187C tj@59.187C SOC1@59.187C CV2@56.062C
08-21-2026 20:00:08 RAM 4310/15389MB (lfb 1152x4MB) SWAP 0/7694MB (cached 0MB) CPU [0%@1984,0%@1984,0%@1984,0%@1984,0%@1420,0%@1420,0%@1420,0%@1420] EMC_FREQ 0% GR3D_FREQ 14% GR3D2_FREQ 14%@0 CV0@55.625C CPU@58.718C SOC2@56.875C SOC0@57.593C CV1@55.75C GPU@56.5C tj@59C SOC1@59C CV2@56.031C
08-21-2026 20:00:08 RAM 4310/15389MB (lfb 1152x4MB) SWAP 0/7694MB (cached 0MB) CPU [0%@1984,0%@1984,0%@1984,0%@1984,0%@1190,0%@1190,0%@1190,0%@1190] EMC_FREQ 0% GR3D_FREQ 8% GR3D2_FREQ 8%@0 CV0@55.75C CPU@58.656C SOC2@56.968C SOC0@57.562C CV1@55.812C GPU@56.5C tj@59.093C SOC1@59.093C CV2@56.031C
08-21-2026 20:00:08 RAM 4310/15389MB (lfb 1152x4MB) SWAP 0/7694MB (cached 0MB) CPU [0%@1984,0%@1984,0%@1984,50%@1984,0%@883,100%@883,0%@883,0%@883] EMC_FREQ 0% GR3D_FREQ 0% GR3D2_FREQ 0%@0 CV0@55.781C CPU@58.625C SOC2@56.718C SOC0@57.593C CV1@55.656C GPU@56.25C tj@58.937C SOC1@58.937C CV2@55.906C
08-21-2026 20:00:08 RAM 4310/15389MB (lfb 1152x4MB) SWAP 0/7694MB (cached 0MB) CPU [0%@1984,0%@1984,0%@1984,0%@1984,0%@883,0%@883,0%@883,0%@883] EMC_FREQ 0% GR3D_FREQ 0% GR3D2_FREQ 0%@0 CV0@55.687C CPU@58.625C SOC2@56.937C SOC0@57.562C CV1@55.718C GPU@56.218C tj@59.312C SOC1@59.312C CV2@55.968C
08-21-2026 20:00:08 RAM 4310/15389MB (lfb 1152x4MB) SWAP 0/7694MB (cached 0MB) CPU [0%@1984,0%@1984,0%@1984,0%@1984,0%@806,50%@806,0%@806,0%@806] EMC_FREQ 0% GR3D_FREQ 0% GR3D2_FREQ 0%@0 CV0@55.718C CPU@58.468C SOC2@56.812C SOC0@57.781C CV1@55.687C GPU@56.5C tj@59.25C SOC1@59.25C CV2@55.937C
08-21-2026 20:00:08 RAM 4310/15389MB (lfb 1152x4MB) SWAP 0/7694MB (cached 0MB) CPU [50%@1984,0%@1984,0%@1984,0%@1984,0%@806,0%@806,0%@806,0%@806] EMC_FREQ 0% GR3D_FREQ 0% GR3D2_FREQ 0%@0 CV0@55.625C CPU@58.437C SOC2@56.75C SOC0@57.718C CV1@55.656C GPU@56.218C tj@59.125C SOC1@59.125C CV2@55.875C
08-21-2026 20:00:08 RAM 4310/15389MB (lfb 1152x4MB) SWAP 0/7694MB (cached 0MB) CPU [0%@729,0%@729,0%@1984,0%@1984,0%@729,0%@729,0%@729,0%@729] EMC_FREQ 0% GR3D_FREQ 0% GR3D2_FREQ 0%@0 CV0@55.562C CPU@58.5C SOC2@56.75C SOC0@57.656C CV1@55.687C GPU@56.375C tj@59.187C SOC1@59.187C CV2@55.968C
08-21-2026 20:00:08 RAM 4310/15389MB (lfb 1152x4MB) SWAP 0/7694MB (cached 0MB) CPU [50%@1984,0%@1984,50%@1984,50%@1984,0%@729,0%@729,0%@729,0%@729] EMC_FREQ 0% GR3D_FREQ 0% GR3D2_FREQ 0%@0 CV0@55.625C CPU@58.437C SOC2@56.843C SOC0@57.562C CV1@55.843C GPU@56.375C tj@59.218C SOC1@59.218C CV2@56C
08-21-2026 20:00:08 RAM 4310/15389MB (lfb 1152x4MB) SWAP 0/7694MB (cached 0MB) CPU [0%@1984,0%@1984,0%@1984,0%@1984,0%@806,100%@806,50%@806,50%@806] EMC_FREQ 0% GR3D_FREQ 0% GR3D2_FREQ 0%@0 CV0@55.718C CPU@58.687C SOC2@56.937C SOC0@57.625C CV1@55.843C GPU@56.156C tj@59.062C SOC1@59.062C CV2@56C
08-21-2026 20:00:08 RAM 4310/15389MB (lfb 1152x4MB) SWAP 0/7694MB (cached 0MB) CPU [0%@1984,0%@1984,0%@1984,0%@1984,0%@806,100%@806,0%@806,0%@806] EMC_FREQ 0% GR3D_FREQ 0% GR3D2_FREQ 0%@0 CV0@55.687C CPU@58.5C SOC2@56.781C SOC0@57.593C CV1@55.656C GPU@56.25C tj@59.093C SOC1@59.093C CV2@56C
08-21-2026 20:00:08 RAM 4310/15389MB (lfb 1152x4MB) SWAP 0/7694MB (cached 0MB) CPU [0%@1984,0%@1984,0%@1984,0%@1984,0%@806,50%@806,0%@806,0%@806] EMC_FREQ 0% GR3D_FREQ 0% GR3D2_FREQ 0%@0 CV0@55.687C CPU@58.375C SOC2@56.781C SOC0@57.593C CV1@55.718C GPU@56.093C tj@59.218C SOC1@59.218C CV2@55.968C
08-21-2026 20:00:08 RAM 4310/15389MB (lfb 1152x4MB) SWAP 0/7694MB (cached 0MB) CPU [0%@1984,0%@1984,0%@1984,0%@1984,0%@806,50%@806,0%@806,0%@806] EMC_FREQ 0% GR3D_FREQ 0% GR3D2_FREQ 0%@0 CV0@55.75C CPU@58.5C SOC2@56.906C SOC0@57.625C CV1@55.656C GPU@56.187C tj@59.218C SOC1@59.218C CV2@55.937C
08-21-2026 20:00:08 RAM 4310/15389MB (lfb 1152x4MB) SWAP 0/7694MB (cached 0MB) CPU [0%@1984,0%@1984,0%@1984,0%@1984,0%@883,50%@883,0%@883,0%@883] EMC_FREQ 0% GR3D_FREQ 0% GR3D2_FREQ 0%@0 CV0@55.656C CPU@58.406C SOC2@56.718C SOC0@57.718C CV1@55.625C GPU@56.406C tj@59.125C SOC1@59.125C CV2@55.968C
08-21-2026 20:00:08 RAM 4310/15389MB (lfb 1152x4MB) SWAP 0/7694MB (cached 0MB) CPU [0%@1984,0%@1984,0%@1984,0%@1984,0%@729,0%@729,0%@729,0%@729] EMC_FREQ 0% GR3D_FREQ 0% GR3D2_FREQ 0%@0 CV0@55.625C CPU@58.5C SOC2@56.75C SOC0@57.562C CV1@55.593C GPU@56.343C tj@59.125C SOC1@59.125C CV2@56C
08-21-2026 20:00:08 RAM 4310/15389MB (lfb 1152x4MB) SWAP 0/7694MB (cached 0MB) CPU [0%@1984,0%@1984,0%@1984,0%@1984,0%@806,0%@806,0%@806,0%@806] EMC_FREQ 0% GR3D_FREQ 0% GR3D2_FREQ 0%@0 CV0@55.656C CPU@58.468C SOC2@56.812C SOC0@57.687C CV1@55.687C GPU@56.062C tj@59C SOC1@59C CV2@55.937C
08-21-2026 20:00:08 RAM 4310/15389MB (lfb 1152x4MB) SWAP 0/7694MB (cached 0MB) CPU [0%@1984,0%@1984,0%@1984,0%@1984,0%@729,0%@729,0%@729,0%@729] EMC_FREQ 0% GR3D_FREQ 0% GR3D2_FREQ 0%@0 CV0@55.562C CPU@58.625C SOC2@56.781C SOC0@57.593C CV1@55.718C GPU@56.187C tj@59C SOC1@59C CV2@55.937C
08-21-2026 20:00:08 RAM 4310/15389MB (lfb 1152x4MB) SWAP 0/7694MB (cached 0MB) CPU [0%@1984,33%@1984,0%@1984,0%@1984,0%@806,50%@806,0%@806,50%@806] EMC_FREQ 0% GR3D_FREQ 0% GR3D2_FREQ 0%@0 CV0@55.75C CPU@58.562C SOC2@56.875C SOC0@57.656C CV1@55.781C GPU@56C tj@59.031C SOC1@59.031C CV2@55.937C
08-21-2026 20:00:08 RAM 4310/15389MB (lfb 1152x4MB) SWAP 0/7694MB (cached 0MB) CPU [0%@1984,0%@1984,0%@1984,0%@1984,0%@806,100%@806,0%@806,0%@806] EMC_FREQ 0% GR3D_FREQ 0% GR3D2_FREQ 0%@0 CV0@55.718C CPU@58.593C SOC2@56.843C SOC0@57.593C CV1@55.75C GPU@56.125C tj@59.312C SOC1@59.312C CV2@56C
08-21-2026 20:00:08 RAM 4310/15389MB (lfb 1152x4MB) SWAP 0/7694MB (cached 0MB) CPU [50%@1984,0%@1984,0%@1984,0%@1984,0%@883,50%@883,0%@883,0%@883] EMC_FREQ 0% GR3D_FREQ 0% GR3D2_FREQ 0%@0 CV0@55.593C CPU@58.531C SOC2@56.875C SOC0@57.75C CV1@55.687C GPU@56.375C tj@59.156C SOC1@59.156C CV2@55.906C
08-21-2026 20:00:08 RAM 4310/15389MB (lfb 1152x4MB) SWAP 0/7694MB (cached 0MB) CPU [50%@1984,0%@1984,0%@1984,0%@1984,0%@883,50%@883,0%@883,0%@883] EMC_FREQ 0% GR3D_FREQ 0% GR3D2_FREQ 0%@0 CV0@55.625C CPU@58.468C SOC2@56.718C SOC0@57.625C CV1@55.781C GPU@56.125C tj@59.093C SOC1@59.093C CV2@55.937C
08-21-2026 20:00:08 RAM 4310/15389MB (lfb 1152x4MB) SWAP 0/7694MB (cached 0MB) CPU [50%@1984,0%@1984,0%@1984,0%@1984,0%@806,0%@806,0%@806,0%@806] EMC_FREQ 0% GR3D_FREQ 0% GR3D2_FREQ 0%@0 CV0@55.625C CPU@58.718C SOC2@56.812C SOC0@57.625C CV1@55.656C GPU@56.062C tj@59C SOC1@59C CV2@55.968C
08-21-2026 20:00:08 RAM 4310/15389MB (lfb 1152x4MB) SWAP 0/7694MB (cached 0MB) CPU [0%@1984,0%@1984,0%@1984,0%@1984,0%@806,100%@806,0%@806,0%@806] EMC_FREQ 0% GR3D_FREQ 0% GR3D2_FREQ 0%@0 CV0@55.656C CPU@58.687C SOC2@56.843C SOC0@57.656C CV1@55.781C GPU@56.218C tj@59.187C SOC1@59.187C CV2@56.031C
08-21-2026 20:00:08 RAM 4310/15389MB (lfb 1152x4MB) SWAP 0/7694MB (cached 0MB) CPU [0%@1984,0%@1984,0%@1984,0%@1984,0%@729,0%@729,66%@729,0%@729] EMC_FREQ 0% GR3D_FREQ 0% GR3D2_FREQ 0%@0 CV0@55.656C CPU@58.625C SOC2@56.843C SOC0@57.687C CV1@55.75C GPU@56.125C tj@59.062C SOC1@59.062C CV2@56C
08-21-2026 20:00:08 RAM 4310/15389MB (lfb 1152x4MB) SWAP 0/7694MB (cached 0MB) CPU [0%@1984,0%@1984,0%@1984,0%@1984,0%@806,50%@806,0%@806,0%@806] EMC_FREQ 0% GR3D_FREQ 0% GR3D2_FREQ 0%@0 CV0@55.625C CPU@58.656C SOC2@56.75C SOC0@57.562C CV1@55.625C GPU@56.125C tj@58.937C SOC1@58.937C CV2@55.812C
08-21-2026 20:00:08 RAM 4310/15389MB (lfb 1152x4MB) SWAP 0/7694MB (cached 0MB) CPU [0%@1984,0%@1984,0%@1984,0%@1984,0%@806,0%@806,0%@806,0%@806] EMC_FREQ 0% GR3D_FREQ 0% GR3D2_FREQ 0%@0 CV0@55.718C CPU@58.406C SOC2@56.875C SOC0@57.75C CV1@55.656C GPU@56.312C tj@59.312C SOC1@59.312C CV2@56.031C
08-21-2026 20:00:08 RAM 4310/15389MB (lfb 1152x4MB) SWAP 0/7694MB (cached 0MB) CPU [0%@1984,0%@1984,0%@1984,0%@1984,0%@806,50%@806,0%@806,0%@806] EMC_FREQ 0% GR3D_FREQ 0% GR3D2_FREQ 0%@0 CV0@55.593C CPU@58.312C SOC2@56.781C SOC0@57.781C CV1@55.718C GPU@56.125C tj@59.25C SOC1@59.25C CV2@55.937C
08-21-2026 20:00:08 RAM 4310/15389MB (lfb 1152x4MB) SWAP 0/7694MB (cached 0MB) CPU [0%@1984,0%@1984,0%@1984,0%@1984,0%@806,0%@806,0%@806,0%@806] EMC_FREQ 0% GR3D_FREQ 0% GR3D2_FREQ 0%@0 CV0@55.593C CPU@58.375C SOC2@56.781C SOC0@57.656C CV1@55.687C GPU@56.218C tj@59.156C SOC1@59.156C CV2@56C
08-21-2026 20:00:08 RAM 4310/15389MB (lfb 1152x4MB) SWAP 0/7694MB (cached 0MB) CPU [0%@1984,0%@1984,0%@1984,0%@1984,0%@806,100%@806,0%@806,0%@806] EMC_FREQ 0% GR3D_FREQ 0% GR3D2_FREQ 0%@0 CV0@55.531C CPU@58.25C SOC2@56.906C SOC0@57.75C CV1@55.687C GPU@56.312C tj@59.125C SOC1@59.125C CV2@56C
08-21-2026 20:00:08 RAM 4310/15389MB (lfb 1152x4MB) SWAP 0/7694MB (cached 0MB) CPU [0%@1984,0%@1984,0%@1984,0%@1984,0%@806,50%@806,0%@806,0%@806] EMC_FREQ 0% GR3D_FREQ 0% GR3D2_FREQ 0%@0 CV0@55.531C CPU@58.5C SOC2@56.75C SOC0@57.718C CV1@55.718C GPU@56.093C tj@58.937C SOC1@58.937C CV2@55.906C
08-21-2026 20:00:08 RAM 4310/15389MB (lfb 1152x4MB) SWAP 0/7694MB (cached 0MB) CPU [0%@1984,0%@1984,0%@1984,0%@1984,0%@806,0%@806,0%@806,0%@806] EMC_FREQ 0% GR3D_FREQ 0% GR3D2_FREQ 0%@0 CV0@55.812C CPU@58.375C SOC2@56.718C SOC0@57.625C CV1@55.718C GPU@56.281C tj@59.031C SOC1@59.031C CV2@55.968C
08-21-2026 20:00:08 RAM 4310/15389MB (lfb 1152x4MB) SWAP 0/7694MB (cached 0MB) CPU [50%@1984,0%@1984,0%@1984,0%@1984,0%@729,0%@729,0%@729,0%@729] EMC_FREQ 0% GR3D_FREQ 0% GR3D2_FREQ 0%@0 CV0@55.687C CPU@58.437C SOC2@56.75C SOC0@57.531C CV1@55.718C GPU@56.343C tj@58.937C SOC1@59.031C CV2@55.875C
08-21-2026 20:00:08 RAM 4310/15389MB (lfb 1152x4MB) SWAP 0/7694MB (cached 0MB) CPU [0%@1984,0%@1984,0%@1984,0%@1984,0%@729,100%@729,0%@729,0%@729] EMC_FREQ 0% GR3D_FREQ 0% GR3D2_FREQ 0%@0 CV0@55.656C CPU@58.406C SOC2@56.75C SOC0@57.781C CV1@55.687C GPU@56.093C tj@59.093C SOC1@59.093C CV2@55.906C
08-21-2026 20:00:08 RAM 4310/15389MB (lfb 1152x4MB) SWAP 0/7694MB (cached 0MB) CPU [50%@1984,0%@1984,0%@1984,0%@1984,0%@729,0%@729,0%@729,0%@729] EMC_FREQ 0% GR3D_FREQ 0% GR3D2_FREQ 0%@0 CV0@55.718C CPU@58.343C SOC2@56.75C SOC0@57.75C CV1@55.718C GPU@56.312C tj@59.125C SOC1@59.125C CV2@55.937C
08-21-2026 20:00:08 RAM 4310/15389MB (lfb 1152x4MB) SWAP 0/7694MB (cached 0MB) CPU [50%@1984,0%@1984,0%@1984,0%@1984,0%@729,50%@729,0%@729,0%@729] EMC_FREQ 0% GR3D_FREQ 0% GR3D2_FREQ 0%@0 CV0@55.687C CPU@58.312C SOC2@56.656C SOC0@57.625C CV1@55.562C GPU@56.187C tj@59.187C SOC1@59.187C CV2@56.062C
08-21-2026 20:00:08 RAM 4310/15389MB (lfb 1152x4MB) SWAP 0/7694MB (cached 0MB) CPU [0%@1984,0%@1984,0%@1984,0%@1984,0%@729,0%@729,0%@729,0%@729] EMC_FREQ 0% GR3D_FREQ 0% GR3D2_FREQ 0%@0 CV0@55.625C CPU@58.343C SOC2@56.843C SOC0@57.531C CV1@55.687C GPU@56.125C tj@59.093C SOC1@59.093C CV2@56.125C
08-21-2026 20:00:08 RAM 4310/15389MB (lfb 1152x4MB) SWAP 0/7694MB (cached 0MB) CPU [0%@1984,50%@1984,0%@1984,0%@1984,0%@729,0%@729,0%@729,0%@729] EMC_FREQ 0% GR3D_FREQ 0% GR3D2_FREQ 0%@0 CV0@55.562C CPU@58.593C SOC2@56.875C SOC0@57.656C CV1@55.781C GPU@56.156C tj@59.031C SOC1@59.031C CV2@55.968C
08-21-2026 20:00:08 RAM 4310/15389MB (lfb 1152x4MB) SWAP 0/7694MB (cached 0MB) CPU [0%@1984,0%@1984,0%@1984,0%@1984,0%@729,100%@729,0%@729,0%@729] EMC_FREQ 0% GR3D_FREQ 0% GR3D2_FREQ 0%@0 CV0@55.687C CPU@58.531C SOC2@56.718C SOC0@57.687C CV1@55.687C GPU@56.406C tj@59.125C SOC1@59.125C CV2@55.843C
08-21-2026 20:00:08 RAM 4310/15389MB (lfb 1152x4MB) SWAP 0/7694MB (cached 0MB) CPU [0%@1984,0%@1984,0%@1984,0%@1984,0%@960,100%@960,0%@960,0%@960] EMC_FREQ 0% GR3D_FREQ 0% GR3D2_FREQ 0%@0 CV0@55.656C CPU@58.531C SOC2@56.781C SOC0@57.656C CV1@55.687C GPU@56.093C tj@58.937C SOC1@58.937C CV2@55.906C
08-21-2026 20:00:08 RAM 4310/15389MB (lfb 1152x4MB) SWAP 0/7694MB (cached 0MB) CPU [0%@1984,0%@1984,0%@1984,0%@1984,0%@729,0%@729,0%@729,0%@729] EMC_FREQ 0% GR3D_FREQ 0% GR3D2_FREQ 0%@0 CV0@55.625C CPU@58.593C SOC2@56.843C SOC0@57.781C CV1@55.656C GPU@56.312C tj@59.187C SOC1@58.968C CV2@55.937C
08-21-2026 20:00:08 RAM 4310/15389MB (lfb 1152x4MB) SWAP 0/7694MB (cached 0MB) CPU [0%@1984,0%@1984,0%@1984,0%@1984,0%@883,50%@883,50%@883,0%@883] EMC_FREQ 0% GR3D_FREQ 0% GR3D2_FREQ 0%@0 CV0@55.625C CPU@58.531C SOC2@56.75C SOC0@57.718C CV1@55.593C GPU@56.062C tj@59.218C SOC1@59.218C CV2@55.843C
08-21-2026 20:00:08 RAM 4310/15389MB (lfb 1152x4MB) SWAP 0/7694MB (cached 0MB) CPU [0%@1984,0%@1984,0%@1984,0%@1984,0%@883,0%@883,0%@883,50%@883] EMC_FREQ 0% GR3D_FREQ 0% GR3D2_FREQ 0%@0 CV0@55.656C CPU@58.406C SOC2@56.781C SOC0@57.75C CV1@55.656C GPU@56.093C tj@59.125C SOC1@59.125C CV2@55.968C
08-21-2026 20:00:08 RAM 4310/15389MB (lfb 1152x4MB) SWAP 0/7694MB (cached 0MB) CPU [0%@1984,0%@1984,0%@1984,50%@1984,0%@1344,100%@1344,0%@1344,0%@1344] EMC_FREQ 0% GR3D_FREQ 0% GR3D2_FREQ 0%@0 CV0@55.593C CPU@58.75C SOC2@56.843C SOC0@57.562C CV1@55.562C GPU@56.218C tj@59.093C SOC1@59.093C CV2@55.968C
08-21-2026 20:00:08 RAM 4310/15389MB (lfb 1152x4MB) SWAP 0/7694MB (cached 0MB) CPU [0%@1984,0%@1984,0%@1984,0%@1984,0%@729,0%@729,0%@729,0%@729] EMC_FREQ 0% GR3D_FREQ 0% GR3D2_FREQ 0%@0 CV0@55.625C CPU@58.781C SOC2@56.75C SOC0@57.625C CV1@55.812C GPU@56.406C tj@59.125C SOC1@59.125C CV2@56C
08-21-2026 20:00:09 RAM 4310/15389MB (lfb 1152x4MB) SWAP 0/7694MB (cached 0MB) CPU [0%@1984,0%@1984,0%@1984,0%@1984,0%@729,50%@729,0%@729,0%@729] EMC_FREQ 0% GR3D_FREQ 0% GR3D2_FREQ 0%@0 CV0@55.687C CPU@58.531C SOC2@56.781C SOC0@57.718C CV1@55.75C GPU@56.062C tj@59.062C SOC1@59.062C CV2@56C
08-21-2026 20:00:09 RAM 4310/15389MB (lfb 1152x4MB) SWAP 0/7694MB (cached 0MB) CPU [0%@1984,50%@1984,0%@1984,0%@1984,0%@729,0%@729,0%@729,0%@729] EMC_FREQ 0% GR3D_FREQ 0% GR3D2_FREQ 0%@0 CV0@55.718C CPU@58.406C SOC2@56.75C SOC0@57.75C CV1@55.593C GPU@56.343C tj@58.968C SOC1@58.968C CV2@56C
08-21-2026 20:00:09 RAM 4310/15389MB (lfb 1152x4MB) SWAP 0/7694MB (cached 0MB) CPU [0%@1984,0%@1984,0%@1984,0%@1984,0%@729,0%@729,0%@729,0%@729] EMC_FREQ 0% GR3D_FREQ 0% GR3D2_FREQ 0%@0 CV0@55.656C CPU@58.343C SOC2@56.781C SOC0@57.75C CV1@55.687C GPU@56.062C tj@59.343C SOC1@59.343C CV2@55.906C
08-21-2026 20:00:09 RAM 4310/15389MB (lfb 1152x4MB) SWAP 0/7694MB (cached 0MB) CPU [0%@806,0%@806,0%@806,0%@1984,0%@729,0%@729,0%@729,0%@729] EMC_FREQ 0% GR3D_FREQ 0% GR3D2_FREQ 0%@0 CV0@55.687C CPU@58.312C SOC2@56.75C SOC0@57.718C CV1@55.562C GPU@56.187C tj@59.25C SOC1@59.25C CV2@56.062C
08-21-2026 20:00:09 RAM 4310/15389MB (lfb 1152x4MB) SWAP 0/7694MB (cached 0MB) CPU [0%@883,100%@883,0%@883,0%@883,0%@729,0%@729,0%@729,0%@729] EMC_FREQ 0% GR3D_FREQ 0% GR3D2_FREQ 0%@0 CV0@55.625C CPU@58.468C SOC2@56.718C SOC0@57.687C CV1@55.593C GPU@56.25C tj@59.062C SOC1@59.062C CV2@56C
08-21-2026 20:00:09 RAM 4310/15389MB (lfb 1152x4MB) SWAP 0/7694MB (cached 0MB) CPU [0%@883,0%@883,0%@883,0%@883,0%@729,0%@729,0%@729,0%@729] EMC_FREQ 0% GR3D_FREQ 0% GR3D2_FREQ 0%@0 CV0@55.625C CPU@58.375C SOC2@56.843C SOC0@57.593C CV1@55.593C GPU@56.468C tj@59.125C SOC1@59.125C CV2@56.031C
08-21-2026 20:00:09 RAM 4310/15389MB (lfb 1152x4MB) SWAP 0/7694MB (cached 0MB) CPU [50%@806,50%@806,0%@806,0%@806,50%@1036,0%@1036,0%@1036,0%@1036] EMC_FREQ 0% GR3D_FREQ 0% GR3D2_FREQ 0%@0 CV0@55.593C CPU@58.281C SOC2@56.875C SOC0@57.656C CV1@55.812C GPU@56.125C tj@59.156C SOC1@58.968C CV2@56C
08-21-2026 20:00:09 RAM 4310/15389MB (lfb 1152x4MB) SWAP 0/7694MB (cached 0MB) CPU [0%@806,50%@806,0%@806,50%@806,0%@1651,0%@1651,0%@1651,0%@1651] EMC_FREQ 0% GR3D_FREQ 0% GR3D2_FREQ 0%@0 CV0@55.656C CPU@58.312C SOC2@56.843C SOC0@57.625C CV1@55.75C GPU@56.125C tj@59.093C SOC1@59.093C CV2@56.031C
08-21-2026 20:00:09 RAM 4310/15389MB (lfb 1152x4MB) SWAP 0/7694MB (cached 0MB) CPU [0%@1984,0%@1984,0%@1984,0%@1984,0%@1267,0%@1267,0%@1267,0%@1267] EMC_FREQ 0% GR3D_FREQ 0% GR3D2_FREQ 0%@0 CV0@55.687C CPU@58.437C SOC2@56.718C SOC0@57.593C CV1@55.687C GPU@56.312C tj@58.968C SOC1@58.968C CV2@55.875C
08-21-2026 20:00:09 RAM 4310/15389MB (lfb 1152x4MB) SWAP 0/7694MB (cached 0MB) CPU [0%@883,0%@883,50%@883,0%@883,0%@1113,0%@1113,0%@1113,0%@1113] EMC_FREQ 0% GR3D_FREQ 0% GR3D2_FREQ 0%@0 CV0@55.625C CPU@58.375C SOC2@56.75C SOC0@57.625C CV1@55.687C GPU@56.062C tj@58.906C SOC1@58.906C CV2@55.906C
08-21-2026 20:00:09 RAM 4310/15389MB (lfb 1152x4MB) SWAP 0/7694MB (cached 0MB) CPU [0%@1984,0%@1984,0%@1984,0%@1984,0%@806,0%@806,0%@806,0%@806] EMC_FREQ 0% GR3D_FREQ 0% GR3D2_FREQ 0%@0 CV0@55.625C CPU@58.281C SOC2@56.812C SOC0@57.687C CV1@55.593C GPU@56.218C tj@59.343C SOC1@59.343C CV2@56C
08-21-2026 20:00:09 RAM 4310/15389MB (lfb 1152x4MB) SWAP 0/7694MB (cached 0MB) CPU [0%@1984,0%@1984,50%@1984,0%@1984,0%@729,0%@729,0%@729,0%@729] EMC_FREQ 0% GR3D_FREQ 0% GR3D2_FREQ 0%@0 CV0@55.75C CPU@58.375C SOC2@56.718C SOC0@57.687C CV1@55.562C GPU@56.5C tj@59.062C SOC1@59.062C CV2@56C
08-21-2026 20:00:09 RAM 4310/15389MB (lfb 1152x4MB) SWAP 0/7694MB (cached 0MB) CPU [0%@883,0%@883,0%@883,0%@883,0%@729,0%@729,0%@729,0%@729] EMC_FREQ 0% GR3D_FREQ 0% GR3D2_FREQ 0%@0 CV0@55.593C CPU@58.25C SOC2@56.75C SOC0@57.75C CV1@55.593C GPU@56.406C tj@59.093C SOC1@59.093C CV2@56C
08-21-2026 20:00:09 RAM 4310/15389MB (lfb 1152x4MB) SWAP 0/7694MB (cached 0MB) CPU [50%@1984,0%@1984,100%@1984,0%@1984,0%@729,0%@729,0%@729,0%@729] EMC_FREQ 0% GR3D_FREQ 0% GR3D2_FREQ 0%@0 CV0@55.531C CPU@58.312C SOC2@56.906C SOC0@57.687C CV1@55.562C GPU@56.093C tj@59.093C SOC1@59.093C CV2@56C
08-21-2026 20:00:09 RAM 4310/15389MB (lfb 1152x4MB) SWAP 0/7694MB (cached 0MB) CPU [0%@883,50%@883,50%@883,0%@883,0%@729,0%@729,0%@729,0%@729] EMC_FREQ 0% GR3D_FREQ 0% GR3D2_FREQ 0%@0 CV0@55.531C CPU@58.531C SOC2@56.843C SOC0@57.656C CV1@55.687C GPU@56.281C tj@59.062C SOC1@59.062C CV2@55.968C
08-21-2026 20:00:09 RAM 4310/15389MB (lfb 1152x4MB) SWAP 0/7694MB (cached 0MB) CPU [0%@1984,0%@1984,0%@1984,0%@1984,0%@729,0%@729,0%@729,0%@729] EMC_FREQ 0% GR3D_FREQ 0% GR3D2_FREQ 0%@0 CV0@55.531C CPU@58.468C SOC2@56.656C SOC0@57.625C CV1@55.656C GPU@56.062C tj@58.937C SOC1@58.937C CV2@55.937C
08-21-2026 20:00:09 RAM 4310/15389MB (lfb 1152x4MB) SWAP 0/7694MB (cached 0MB) CPU [50%@883,0%@883,50%@883,0%@883,0%@729,0%@729,0%@729,0%@729] EMC_FREQ 0% GR3D_FREQ 0% GR3D2_FREQ 0%@0 CV0@55.625C CPU@58.468C SOC2@56.718C SOC0@57.687C CV1@55.625C GPU@56.281C tj@59C SOC1@59C CV2@55.937C
08-21-2026 20:00:09 RAM 4310/15389MB (lfb 1152x4MB) SWAP 0/7694MB (cached 0MB) CPU [0%@1984,0%@1984,100%@1984,0%@1984,0%@729,0%@729,0%@729,0%@729] EMC_FREQ 0% GR3D_FREQ 0% GR3D2_FREQ 0%@0 CV0@55.625C CPU@58.593C SOC2@56.718C SOC0@57.593C CV1@55.593C GPU@56.156C tj@59.156C SOC1@59.156C CV2@55.875C
08-21-2026 20:00:09 RAM 4310/15389MB (lfb 1152x4MB) SWAP 0/7694MB (cached 0MB) CPU [0%@960,0%@960,0%@960,0%@960,0%@729,0%@729,0%@729,0%@729] EMC_FREQ 0% GR3D_FREQ 0% GR3D2_FREQ 0%@0 CV0@55.625C CPU@58.343C SOC2@56.843C SOC0@57.718C CV1@55.593C GPU@56.343C tj@59.156C SOC1@59.156C CV2@55.968C
08-21-2026 20:00:09 RAM 4310/15389MB (lfb 1152x4MB) SWAP 0/7694MB (cached 0MB) CPU [50%@806,50%@1984,0%@1984,0%@1984,0%@729,0%@729,0%@729,0%@729] EMC_FREQ 0% GR3D_FREQ 0% GR3D2_FREQ 0%@0 CV0@55.625C CPU@58.343C SOC2@56.718C SOC0@57.718C CV1@55.562C GPU@56.156C tj@59.156C SOC1@59.156C CV2@55.875C
08-21-2026 20:00:09 RAM 4310/15389MB (lfb 1152x4MB) SWAP 0/7694MB (cached 0MB) CPU [0%@883,0%@883,0%@883,66%@883,0%@729,0%@729,0%@729,0%@729] EMC_FREQ 0% GR3D_FREQ 0% GR3D2_FREQ 0%@0 CV0@55.625C CPU@58.687C SOC2@56.718C SOC0@57.687C CV1@55.593C GPU@56.312C tj@59.093C SOC1@59.093C CV2@55.968C
08-21-2026 20:00:09 RAM 4310/15389MB (lfb 1152x4MB) SWAP 0/7694MB (cached 0MB) CPU [0%@1984,0%@1984,0%@1984,0%@1984,0%@729,0%@729,0%@729,0%@729] EMC_FREQ 0% GR3D_FREQ 0% GR3D2_FREQ 0%@0 CV0@55.625C CPU@58.656C SOC2@56.75C SOC0@57.656C CV1@55.531C GPU@56.187C tj@59.062C SOC1@59.062C CV2@56.062C
08-21-2026 20:00:09 RAM 4310/15389MB (lfb 1152x4MB) SWAP 0/7694MB (cached 0MB) CPU [0%@729,100%@729,0%@729,0%@729,0%@729,0%@729,0%@729,0%@729] EMC_FREQ 0% GR3D_FREQ 0% GR3D2_FREQ 0%@0 CV0@55.562C CPU@58.625C SOC2@56.781C SOC0@57.656C CV1@55.718C GPU@56C tj@58.968C SOC1@58.968C CV2@55.968C
08-21-2026 20:00:09 RAM 4310/15389MB (lfb 1152x4MB) SWAP 0/7694MB (cached 0MB) CPU [0%@806,0%@806,0%@806,0%@806,0%@729,0%@729,0%@729,0%@729] EMC_FREQ 0% GR3D_FREQ 0% GR3D2_FREQ 0%@0 CV0@55.656C CPU@58.531C SOC2@56.906C SOC0@57.718C CV1@55.718C GPU@56.125C tj@59.093C SOC1@59.093C CV2@55.968C
08-21-2026 20:00:09 RAM 4310/15389MB (lfb 1152x4MB) SWAP 0/7694MB (cached 0MB) CPU [0%@729,0%@729,33%@729,0%@729,0%@729,0%@729,0%@729,0%@729] EMC_FREQ 0% GR3D_FREQ 0% GR3D2_FREQ 0%@0 CV0@55.531C CPU@58.406C SOC2@56.812C SOC0@57.625C CV1@55.718C GPU@56.281C tj@59C SOC1@59C CV2@55.937C
08-21-2026 20:00:09 RAM 4310/15389MB (lfb 1152x4MB) SWAP 0/7694MB (cached 0MB) CPU [0%@1984,0%@1984,0%@1984,100%@1984,0%@729,0%@729,0%@729,0%@729] EMC_FREQ 0% GR3D_FREQ 0% GR3D2_FREQ 0%@0 CV0@55.687C CPU@58.468C SOC2@56.718C SOC0@57.562C CV1@55.625C GPU@56.375C tj@58.968C SOC1@58.968C CV2@56C
08-21-2026 20:00:09 RAM 4310/15389MB (lfb 1152x4MB) SWAP 0/7694MB (cached 0MB) CPU [50%@883,0%@883,50%@883,0%@883,0%@729,0%@729,0%@729,0%@729] EMC_FREQ 0% GR3D_FREQ 0% GR3D2_FREQ 0%@0 CV0@55.625C CPU@58.406C SOC2@56.625C SOC0@57.687C CV1@55.593C GPU@56.031C tj@59.218C SOC1@59.218C CV2@55.875C
08-21-2026 20:00:09 RAM 4310/15389MB (lfb 1152x4MB) SWAP 0/7694MB (cached 0MB) CPU [0%@1984,0%@1984,0%@1984,0%@1984,0%@729,0%@729,0%@729,0%@729] EMC_FREQ 0% GR3D_FREQ 0% GR3D2_FREQ 0%@0 CV0@55.625C CPU@58.375C SOC2@56.812C SOC0@57.687C CV1@55.593C GPU@56.187C tj@59.187C SOC1@59.187C CV2@55.937C
08-21-2026 20:00:09 RAM 4310/15389MB (lfb 1152x4MB) SWAP 0/7694MB (cached 0MB) CPU [0%@1984,0%@1984,0%@1984,0%@1984,0%@729,0%@729,0%@729,0%@729] EMC_FREQ 0% GR3D_FREQ 0% GR3D2_FREQ 0%@0 CV0@55.625C CPU@58.218C SOC2@56.781C SOC0@57.687C CV1@55.625C GPU@56C tj@59.156C SOC1@59.156C CV2@56.125C
08-21-2026 20:00:09 RAM 4310/15389MB (lfb 1152x4MB) SWAP 0/7694MB (cached 0MB) CPU [0%@1984,0%@1984,0%@1984,100%@1984,0%@729,0%@729,0%@729,0%@729] EMC_FREQ 0% GR3D_FREQ 0% GR3D2_FREQ 0%@0 CV0@55.625C CPU@58.25C SOC2@56.843C SOC0@57.718C CV1@55.593C GPU@56.343C tj@59.125C SOC1@59.125C CV2@56.125C
08-21-2026 20:00:09 RAM 4310/15389MB (lfb 1152x4MB) SWAP 0/7694MB (cached 0MB) CPU [0%@1984,0%@1984,0%@1984,0%@1984,0%@729,0%@729,0%@729,0%@729] EMC_FREQ 0% GR3D_FREQ 0% GR3D2_FREQ 0%@0 CV0@55.562C CPU@58.718C SOC2@56.843C SOC0@57.656C CV1@55.625C GPU@56.125C tj@59.125C SOC1@59.125C CV2@55.968C
08-21-2026 20:00:09 RAM 4310/15389MB (lfb 1152x4MB) SWAP 0/7694MB (cached 0MB) CPU [0%@1984,0%@1984,0%@1984,0%@1984,0%@729,0%@729,0%@729,0%@729] EMC_FREQ 0% GR3D_FREQ 0% GR3D2_FREQ 0%@0 CV0@55.562C CPU@58.562C SOC2@56.718C SOC0@57.5C CV1@55.593C GPU@56.25C tj@58.968C SOC1@58.968C CV2@56C
08-21-2026 20:00:09 RAM 4310/15389MB (lfb 1152x4MB) SWAP 0/7694MB (cached 0MB) CPU [50%@1984,0%@1984,0%@1984,50%@1984,0%@729,0%@729,0%@729,0%@729] EMC_FREQ 0% GR3D_FREQ 0% GR3D2_FREQ 0%@0 CV0@55.687C CPU@58.625C SOC2@56.625C SOC0@57.562C CV1@55.718C GPU@56.093C tj@58.906C SOC1@58.906C CV2@55.875C
08-21-2026 20:00:09 RAM 4310/15389MB (lfb 1152x4MB) SWAP 0/7694MB (cached 0MB) CPU [50%@1984,0%@1984,0%@1984,100%@1984,0%@729,0%@729,0%@729,0%@729] EMC_FREQ 0% GR3D_FREQ 0% GR3D2_FREQ 0%@0 CV0@55.718C CPU@58.531C SOC2@56.75C SOC0@57.75C CV1@55.625C GPU@56.25C tj@59.062C SOC1@59.062C CV2@55.843C
08-21-2026 20:00:09 RAM 4310/15389MB (lfb 1152x4MB) SWAP 0/7694MB (cached 0MB) CPU [0%@1984,0%@1984,0%@1984,0%@1984,0%@729,0%@729,0%@729,0%@729] EMC_FREQ 0% GR3D_FREQ 0% GR3D2_FREQ 0%@0 CV0@55.656C CPU@58.406C SOC2@56.75C SOC0@57.656C CV1@55.625C GPU@56.031C tj@59.125C SOC1@59.125C CV2@55.875C
08-21-2026 20:00:09 RAM 4310/15389MB (lfb 1152x4MB) SWAP 0/7694MB (cached 0MB) CPU [0%@1984,0%@1984,0%@1984,0%@1984,0%@729,0%@729,0%@729,0%@729] EMC_FREQ 0% GR3D_FREQ 0% GR3D2_FREQ 0%@0 CV0@55.593C CPU@58.312C SOC2@56.718C SOC0@57.687C CV1@55.531C GPU@56.468C tj@59.062C SOC1@59.062C CV2@56C
08-21-2026 20:00:09 RAM 4310/15389MB (lfb 1152x4MB) SWAP 0/7694MB (cached 0MB) CPU [0%@1984,0%@1984,0%@1984,100%@1984,0%@729,0%@729,0%@729,0%@729] EMC_FREQ 0% GR3D_FREQ 0% GR3D2_FREQ 0%@0 CV0@55.593C CPU@58.375C SOC2@56.875C SOC0@57.593C CV1@55.531C GPU@56.218C tj@59.062C SOC1@59.062C CV2@56C
08-21-2026 20:00:09 RAM 4310/15389MB (lfb 1152x4MB) SWAP 0/7694MB (cached 0MB) CPU [0%@1984,0%@1984,0%@1984,0%@1984,0%@729,0%@729,0%@729,0%@729] EMC_FREQ 0% GR3D_FREQ 0% GR3D2_FREQ 0%@0 CV0@55.531C CPU@58.312C SOC2@56.968C SOC0@57.687C CV1@55.656C GPU@56.312C tj@59C SOC1@59C CV2@55.875C
08-21-2026 20:00:09 RAM 4310/15389MB (lfb 1152x4MB) SWAP 0/7694MB (cached 0MB) CPU [50%@806,0%@806,0%@806,50%@806,0%@729,0%@729,0%@729,0%@729] EMC_FREQ 0% GR3D_FREQ 0% GR3D2_FREQ 0%@0 CV0@55.531C CPU@58.218C SOC2@56.781C SOC0@57.562C CV1@55.75C GPU@56.062C tj@59.125C SOC1@59.125C CV2@56.031C
08-21-2026 20:00:09 RAM 4310/15389MB (lfb 1152x4MB) SWAP 0/7694MB (cached 0MB) CPU [0%@960,0%@960,0%@960,0%@960,0%@729,0%@729,0%@729,0%@729] EMC_FREQ 0% GR3D_FREQ 0% GR3D2_FREQ 0%@0 CV0@55.718C CPU@58.5C SOC2@56.781C SOC0@57.625C CV1@55.75C GPU@56.187C tj@59.125C SOC1@59.125C CV2@55.906C
08-21-2026 20:00:09 RAM 4310/15389MB (lfb 1152x4MB) SWAP 0/7694MB (cached 0MB) CPU [0%@1984,0%@1984,0%@1984,0%@1984,0%@729,0%@729,0%@729,0%@729] EMC_FREQ 0% GR3D_FREQ 0% GR3D2_FREQ 0%@0 CV0@55.656C CPU@58.25C SOC2@56.875C SOC0@57.656C CV1@55.718C GPU@56.156C tj@59.031C SOC1@59.031C CV2@55.968C
08-21-2026 20:00:09 RAM 4310/15389MB (lfb 1152x4MB) SWAP 0/7694MB (cached 0MB) CPU [50%@729,0%@729,0%@729,50%@729,0%@729,0%@729,0%@729,50%@729] EMC_FREQ 0% GR3D_FREQ 0% GR3D2_FREQ 0%@0 CV0@55.687C CPU@58.343C SOC2@56.718C SOC0@57.75C CV1@55.656C GPU@56C tj@59.062C SOC1@59.062C CV2@55.812C
08-21-2026 20:00:09 RAM 4310/15389MB (lfb 1152x4MB) SWAP 0/7694MB (cached 0MB) CPU [0%@1984,0%@1984,0%@1984,0%@1984,0%@729,0%@729,0%@729,0%@729] EMC_FREQ 0% GR3D_FREQ 0% GR3D2_FREQ 0%@0 CV0@55.656C CPU@58.343C SOC2@56.718C SOC0@57.718C CV1@55.593C GPU@56.156C tj@59.093C SOC1@59.093C CV2@55.875C
08-21-2026 20:00:09 RAM 4310/15389MB (lfb 1152x4MB) SWAP 0/7694MB (cached 0MB) CPU [0%@806,50%@806,0%@806,0%@806,0%@729,0%@729,0%@729,0%@729] EMC_FREQ 0% GR3D_FREQ 0% GR3D2_FREQ 0%@0 CV0@55.656C CPU@58.406C SOC2@56.718C SOC0@57.625C CV1@55.593C GPU@56.312C tj@59.218C SOC1@59.218C CV2@55.781C
08-21-2026 20:00:09 RAM 4310/15389MB (lfb 1152x4MB) SWAP 0/7694MB (cached 0MB) CPU [0%@1984,0%@1984,0%@1984,50%@1984,0%@729,0%@729,0%@729,0%@729] EMC_FREQ 0% GR3D_FREQ 0% GR3D2_FREQ 0%@0 CV0@55.656C CPU@58.312C SOC2@56.781C SOC0@57.593C CV1@55.562C GPU@56.281C tj@59.125C SOC1@59.125C CV2@55.875C
08-21-2026 20:00:09 RAM 4310/15389MB (lfb 1152x4MB) SWAP 0/7694MB (cached 0MB) CPU [0%@1984,0%@1984,0%@1984,100%@1984,0%@729,0%@729,0%@729,0%@729] EMC_FREQ 0% GR3D_FREQ 0% GR3D2_FREQ 0%@0 CV0@55.593C CPU@58.406C SOC2@56.718C SOC0@57.625C CV1@55.562C GPU@56.031C tj@59.031C SOC1@59.031C CV2@56.062C
08-21-2026 20:00:09 RAM 4310/15389MB (lfb 1152x4MB) SWAP 0/7694MB (cached 0MB) CPU [0%@1984,0%@1984,0%@1984,0%@1984,0%@729,0%@729,0%@729,0%@729] EMC_FREQ 0% GR3D_FREQ 0% GR3D2_FREQ 0%@0 CV0@55.5C CPU@58.312C SOC2@56.718C SOC0@57.656C CV1@55.718C GPU@56.125C tj@59.031C SOC1@59.031C CV2@55.968C
08-21-2026 20:00:09 RAM 4310/15389MB (lfb 1152x4MB) SWAP 0/7694MB (cached 0MB) CPU [50%@1984,0%@1984,50%@1984,0%@1984,0%@729,0%@729,0%@729,0%@729] EMC_FREQ 0% GR3D_FREQ 0% GR3D2_FREQ 0%@0 CV0@55.531C CPU@58.5C SOC2@56.656C SOC0@57.656C CV1@55.687C GPU@56.093C tj@59.062C SOC1@59.062C CV2@55.968C
08-21-2026 20:00:09 RAM 4310/15389MB (lfb 1152x4MB) SWAP 0/7694MB (cached 0MB) CPU [0%@1984,0%@1984,0%@1984,50%@1984,0%@729,0%@729,0%@729,0%@729] EMC_FREQ 0% GR3D_FREQ 0% GR3D2_FREQ 0%@0 CV0@55.718C CPU@58.5C SOC2@56.875C SOC0@57.531C CV1@55.625C GPU@56.343C tj@59C SOC1@59C CV2@56.031C
08-21-2026 20:00:09 RAM 4310/15389MB (lfb 1152x4MB) SWAP 0/7694MB (cached 0MB) CPU [0%@1984,50%@1984,0%@1984,0%@1984,0%@729,0%@729,0%@729,0%@729] EMC_FREQ 0% GR3D_FREQ 0% GR3D2_FREQ 0%@0 CV0@55.625C CPU@58.406C SOC2@56.687C SOC0@57.562C CV1@55.593C GPU@56.093C tj@59.25C SOC1@59.25C CV2@55.937C
08-21-2026 20:00:09 RAM 4310/15389MB (lfb 1152x4MB) SWAP 0/7694MB (cached 0MB) CPU [0%@1984,0%@1984,50%@1984,0%@1984,0%@729,0%@729,0%@729,0%@729] EMC_FREQ 0% GR3D_FREQ 0% GR3D2_FREQ 0%@0 CV0@55.625C CPU@58.406C SOC2@56.75C SOC0@57.687C CV1@55.593C GPU@56.312C tj@59.031C SOC1@59.156C CV2@55.906C
08-21-2026 20:00:09 RAM 4310/15389MB (lfb 1152x4MB) SWAP 0/7694MB (cached 0MB) CPU [0%@1984,0%@1984,0%@1984,0%@1984,0%@729,0%@729,0%@729,0%@729] EMC_FREQ 0% GR3D_FREQ 0% GR3D2_FREQ 0%@0 CV0@55.562C CPU@58.375C SOC2@56.718C SOC0@57.687C CV1@55.625C GPU@56.062C tj@59.062C SOC1@59.062C CV2@55.875C
08-21-2026 20:00:09 RAM 4310/15389MB (lfb 1152x4MB) SWAP 0/7694MB (cached 0MB) CPU [0%@1984,0%@1984,0%@1984,0%@1984,0%@729,0%@729,0%@729,0%@729] EMC_FREQ 0% GR3D_FREQ 0% GR3D2_FREQ 0%@0 CV0@55.656C CPU@58.593C SOC2@56.656C SOC0@57.562C CV1@55.562C GPU@56.156C tj@59.125C SOC1@59.125C CV2@56.093C
08-21-2026 20:00:09 RAM 4310/15389MB (lfb 1152x4MB) SWAP 0/7694MB (cached 0MB) CPU [0%@1984,0%@1984,0%@1984,0%@1984,0%@729,0%@729,0%@729,0%@729] EMC_FREQ 0% GR3D_FREQ 0% GR3D2_FREQ 0%@0 CV0@55.562C CPU@58.656C SOC2@56.781C SOC0@57.625C CV1@55.718C GPU@56C tj@59.031C SOC1@59.031C CV2@56C
08-21-2026 20:00:09 RAM 4310/15389MB (lfb 1152x4MB) SWAP 0/7694MB (cached 0MB) CPU [0%@1984,0%@1984,0%@1984,100%@1984,0%@729,0%@729,0%@729,0%@729] EMC_FREQ 0% GR3D_FREQ 0% GR3D2_FREQ 0%@0 CV0@55.562C CPU@58.593C SOC2@56.843C SOC0@57.625C CV1@55.687C GPU@56.343C tj@58.968C SOC1@58.968C CV2@56C
08-21-2026 20:00:09 RAM 4310/15389MB (lfb 1152x4MB) SWAP 0/7694MB (cached 0MB) CPU [0%@1984,0%@1984,0%@1984,100%@1984,0%@729,0%@729,0%@729,0%@729] EMC_FREQ 0% GR3D_FREQ 0% GR3D2_FREQ 0%@0 CV0@55.656C CPU@58.562C SOC2@56.656C SOC0@57.593C CV1@55.656C GPU@56.125C tj@58.906C SOC1@58.906C CV2@55.906C
08-21-2026 20:00:09 RAM 4310/15389MB (lfb 1152x4MB) SWAP 0/7694MB (cached 0MB) CPU [0%@1036,0%@1036,0%@1036,0%@1036,0%@729,0%@729,0%@729,0%@729] EMC_FREQ 0% GR3D_FREQ 0% GR3D2_FREQ 0%@0 CV0@55.562C CPU@58.437C SOC2@56.718C SOC0@57.531C CV1@55.562C GPU@56.281C tj@59C SOC1@59C CV2@55.906C
08-21-2026 20:00:09 RAM 4310/15389MB (lfb 1152x4MB) SWAP 0/7694MB (cached 0MB) CPU [0%@1113,0%@1113,0%@1113,0%@1113,0%@729,0%@729,0%@729,0%@729] EMC_FREQ 0% GR3D_FREQ 0% GR3D2_FREQ 0%@0 CV0@55.593C CPU@58.312C SOC2@56.75C SOC0@57.75C CV1@55.625C GPU@56C tj@59.093C SOC1@59.093C CV2@56C
08-21-2026 20:00:09 RAM 4310/15389MB (lfb 1152x4MB) SWAP 0/7694MB (cached 0MB) CPU [0%@1984,0%@1984,0%@1984,0%@1984,0%@729,0%@729,0%@729,0%@729] EMC_FREQ 0% GR3D_FREQ 0% GR3D2_FREQ 0%@0 CV0@55.656C CPU@58.375C SOC2@56.656C SOC0@57.656C CV1@55.562C GPU@56.218C tj@59.062C SOC1@59.062C CV2@56C
08-21-2026 20:00:09 RAM 4310/15389MB (lfb 1152x4MB) SWAP 0/7694MB (cached 0MB) CPU [0%@1036,0%@1036,0%@1036,50%@1036,0%@729,0%@729,0%@729,0%@729] EMC_FREQ 0% GR3D_FREQ 0% GR3D2_FREQ 0%@0 CV0@55.531C CPU@58.281C SOC2@56.625C SOC0@57.656C CV1@55.593C GPU@56.187C tj@59.187C SOC1@59.187C CV2@56C
08-21-2026 20:00:09 RAM 4310/15389MB (lfb 1152x4MB) SWAP 0/7694MB (cached 0MB) CPU [0%@1984,0%@1984,0%@1984,0%@1984,0%@729,0%@729,0%@729,0%@729] EMC_FREQ 0% GR3D_FREQ 0% GR3D2_FREQ 0%@0 CV0@55.593C CPU@58.281C SOC2@56.843C SOC0@57.656C CV1@55.593C GPU@56.406C tj@59.062C SOC1@59.062C CV2@55.968C
08-21-2026 20:00:09 RAM 4310/15389MB (lfb 1152x4MB) SWAP 0/7694MB (cached 0MB) CPU [50%@1984,0%@1984,0%@1984,0%@1984,0%@729,0%@729,0%@729,0%@729] EMC_FREQ 0% GR3D_FREQ 0% GR3D2_FREQ 0%@0 CV0@55.531C CPU@58.25C SOC2@56.875C SOC0@57.562C CV1@55.718C GPU@56.062C tj@59C SOC1@59C CV2@56C
08-21-2026 20:00:09 RAM 4310/15389MB (lfb 1152x4MB) SWAP 0/7694MB (cached 0MB) CPU [100%@1984,0%@1984,0%@1984,50%@1984,0%@729,0%@729,0%@729,0%@729] EMC_FREQ 0% GR3D_FREQ 0% GR3D2_FREQ 0%@0 CV0@55.75C CPU@58.687C SOC2@56.718C SOC0@57.656C CV1@55.625C GPU@56.25C tj@59.062C SOC1@59.062C CV2@55.968C
08-21-2026 20:00:09 RAM 4310/15389MB (lfb 1152x4MB) SWAP 0/7694MB (cached 0MB) CPU [100%@960,0%@960,50%@960,0%@960,0%@729,0%@729,0%@729,0%@729] EMC_FREQ 0% GR3D_FREQ 0% GR3D2_FREQ 0%@0 CV0@55.718C CPU@58.5C SOC2@56.718C SOC0@57.656C CV1@55.625C GPU@56.187C tj@59.156C SOC1@59.156C CV2@55.937C
08-21-2026 20:00:09 RAM 4310/15389MB (lfb 1152x4MB) SWAP 0/7694MB (cached 0MB) CPU [0%@883,0%@883,0%@883,100%@883,50%@729,0%@729,0%@729,0%@729] EMC_FREQ 0% GR3D_FREQ 0% GR3D2_FREQ 0%@0 CV0@55.656C CPU@58.343C SOC2@56.718C SOC0@57.562C CV1@55.625C GPU@56.031C tj@59.187C SOC1@59.156C CV2@55.875C
08-21-2026 20:00:09 RAM 4310/15389MB (lfb 1152x4MB) SWAP 0/7694MB (cached 0MB) CPU [0%@1984,0%@1984,0%@1984,0%@1984,0%@729,0%@729,0%@729,0%@729] EMC_FREQ 0% GR3D_FREQ 0% GR3D2_FREQ 0%@0 CV0@55.531C CPU@58.437C SOC2@56.625C SOC0@57.687C CV1@55.625C GPU@56.125C tj@59.25C SOC1@59.25C CV2@55.937C
08-21-2026 20:00:09 RAM 4310/15389MB (lfb 1152x4MB) SWAP 0/7694MB (cached 0MB) CPU [50%@806,0%@806,0%@1984,0%@1984,0%@729,0%@729,0%@729,0%@729] EMC_FREQ 0% GR3D_FREQ 0% GR3D2_FREQ 0%@0 CV0@55.656C CPU@58.281C SOC2@56.781C SOC0@57.781C CV1@55.625C GPU@56.437C tj@59.187C SOC1@59.125C CV2@55.812C
08-21-2026 20:00:09 RAM 4310/15389MB (lfb 1152x4MB) SWAP 0/7694MB (cached 0MB) CPU [0%@960,0%@960,0%@960,100%@1984,0%@729,0%@729,0%@729,0%@729] EMC_FREQ 0% GR3D_FREQ 0% GR3D2_FREQ 0%@0 CV0@55.625C CPU@58.281C SOC2@56.625C SOC0@57.656C CV1@55.562C GPU@56.343C tj@59.093C SOC1@59.093C CV2@56.062C
08-21-2026 20:00:09 RAM 4310/15389MB (lfb 1152x4MB) SWAP 0/7694MB (cached 0MB) CPU [0%@806,0%@806,0%@806,0%@729,0%@729,0%@729,0%@729,0%@729] EMC_FREQ 0% GR3D_FREQ 0% GR3D2_FREQ 0%@0 CV0@55.625C CPU@58.281C SOC2@56.906C SOC0@57.562C CV1@55.531C GPU@56.156C tj@58.968C SOC1@58.968C CV2@56C
08-21-2026 20:00:09 RAM 4310/15389MB (lfb 1152x4MB) SWAP 0/7694MB (cached 0MB) CPU [0%@806,0%@806,0%@806,100%@806,0%@729,0%@729,0%@729,0%@729] EMC_FREQ 0% GR3D_FREQ 0% GR3D2_FREQ 0%@0 CV0@55.562C CPU@58.312C SOC2@56.781C SOC0@57.625C CV1@55.75C GPU@56.25C tj@59.093C SOC1@59.093C CV2@56C
08-21-2026 20:00:09 RAM 4310/15389MB (lfb 1152x4MB) SWAP 0/7694MB (cached 0MB) CPU [50%@1984,0%@1984,0%@1984,0%@1984,0%@729,0%@729,0%@729,0%@729] EMC_FREQ 0% GR3D_FREQ 0% GR3D2_FREQ 0%@0 CV0@55.5C CPU@58.343C SOC2@56.656C SOC0@57.593C CV1@55.687C GPU@56.156C tj@58.937C SOC1@58.937C CV2@55.968C
08-21-2026 20:00:09 RAM 4310/15389MB (lfb 1152x4MB) SWAP 0/7694MB (cached 0MB) CPU [0%@729,0%@729,50%@729,50%@729,0%@729,0%@729,0%@729,0%@729] EMC_FREQ 0% GR3D_FREQ 0% GR3D2_FREQ 0%@0 CV0@55.687C CPU@58.343C SOC2@56.75C SOC0@57.593C CV1@55.718C GPU@56C tj@58.937C SOC1@58.937C CV2@55.937C
08-21-2026 20:00:09 RAM 4310/15389MB (lfb 1152x4MB) SWAP 0/7694MB (cached 0MB) CPU [0%@1984,0%@1984,0%@1984,100%@1984,0%@729,0%@729,0%@729,0%@729] EMC_FREQ 0% GR3D_FREQ 0% GR3D2_FREQ 0%@0 CV0@55.812C CPU@58.468C SOC2@56.687C SOC0@57.562C CV1@55.625C GPU@56.093C tj@59.031C SOC1@59.031C CV2@55.937C
08-21-2026 20:00:09 RAM 4310/15389MB (lfb 1152x4MB) SWAP 0/7694MB (cached 0MB) CPU [0%@1984,0%@1984,0%@1984,0%@1984,0%@729,0%@729,0%@729,0%@729] EMC_FREQ 0% GR3D_FREQ 0% GR3D2_FREQ 0%@0 CV0@55.656C CPU@58.375C SOC2@56.75C SOC0@57.75C CV1@55.593C GPU@56.312C tj@59C SOC1@59C CV2@55.906C
08-21-2026 20:00:09 RAM 4310/15389MB (lfb 1152x4MB) SWAP 0/7694MB (cached 0MB) CPU [0%@729,50%@729,0%@729,0%@729,0%@729,0%@729,0%@729,0%@729] EMC_FREQ 0% GR3D_FREQ 0% GR3D2_FREQ 0%@0 CV0@55.625C CPU@58.343C SOC2@56.656C SOC0@57.625C CV1@55.593C GPU@56.062C tj@59.156C SOC1@59.156C CV2@55.906C
08-21-2026 20:00:09 RAM 4310/15389MB (lfb 1152x4MB) SWAP 0/7694MB (cached 0MB) CPU [0%@1984,0%@1984,0%@1984,0%@1984,0%@729,0%@729,0%@729,0%@729] EMC_FREQ 0% GR3D_FREQ 0% GR3D2_FREQ 0%@0 CV0@55.562C CPU@58.375C SOC2@56.718C SOC0@57.656C CV1@55.625C GPU@56.062C tj@59.125C SOC1@59.125C CV2@56C
08-21-2026 20:00:09 RAM 4310/15389MB (lfb 1152x4MB) SWAP 0/7694MB (cached 0MB) CPU [50%@1984,0%@1984,0%@1984,0%@1984,0%@729,0%@729,0%@729,0%@729] EMC_FREQ 0% GR3D_FREQ 0% GR3D2_FREQ 0%@0 CV0@55.625C CPU@58.375C SOC2@56.687C SOC0@57.593C CV1@55.531C GPU@56.187C tj@59.062C SOC1@59.062C CV2@55.906C
08-21-2026 20:00:09 RAM 4310/15389MB (lfb 1152x4MB) SWAP 0/7694MB (cached 0MB) CPU [0%@1984,50%@1984,0%@1984,50%@1984,0%@729,0%@729,0%@729,0%@729] EMC_FREQ 0% GR3D_FREQ 0% GR3D2_FREQ 0%@0 CV0@55.562C CPU@58.562C SOC2@56.656C SOC0@57.562C CV1@55.656C GPU@56C tj@58.968C SOC1@58.968C CV2@56C
08-21-2026 20:00:09 RAM 4310/15389MB (lfb 1152x4MB) SWAP 0/7694MB (cached 0MB) CPU [0%@883,0%@883,0%@883,100%@883,0%@729,0%@729,0%@729,0%@729] EMC_FREQ 0% GR3D_FREQ 0% GR3D2_FREQ 0%@0 CV0@55.531C CPU@58.468C SOC2@56.687C SOC0@57.625C CV1@55.625C GPU@56.187C tj@58.968C SOC1@58.968C CV2@55.843C
08-21-2026 20:00:10 RAM 4310/15389MB (lfb 1152x4MB) SWAP 0/7694MB (cached 0MB) CPU [0%@960,0%@960,50%@960,50%@960,0%@729,0%@729,0%@729,0%@729] EMC_FREQ 0% GR3D_FREQ 0% GR3D2_FREQ 0%@0 CV0@55.625C CPU@58.406C SOC2@56.718C SOC0@57.531C CV1@55.562C GPU@56.343C tj@58.937C SOC1@58.937C CV2@55.906C
08-21-2026 20:00:10 RAM 4310/15389MB (lfb 1152x4MB) SWAP 0/7694MB (cached 0MB) CPU [0%@1984,0%@1984,0%@1984,0%@1984,50%@729,0%@729,50%@729,0%@729] EMC_FREQ 0% GR3D_FREQ 0% GR3D2_FREQ 0%@0 CV0@55.531C CPU@58.5C SOC2@56.781C SOC0@57.75C CV1@55.625C GPU@56.125C tj@59C SOC1@59C CV2@55.843C
08-21-2026 20:00:10 RAM 4310/15389MB (lfb 1152x4MB) SWAP 0/7694MB (cached 0MB) CPU [0%@1984,0%@1984,0%@1984,0%@1984,0%@729,0%@729,0%@729,0%@729] EMC_FREQ 0% GR3D_FREQ 0% GR3D2_FREQ 0%@0 CV0@55.593C CPU@58.406C SOC2@56.718C SOC0@57.75C CV1@55.531C GPU@56.062C tj@59.156C SOC1@59.156C CV2@55.843C
08-21-2026 20:00:10 RAM 4310/15389MB (lfb 1152x4MB) SWAP 0/7694MB (cached 0MB) CPU [0%@1984,0%@1984,0%@1984,100%@1984,0%@729,0%@729,0%@729,0%@729] EMC_FREQ 0% GR3D_FREQ 0% GR3D2_FREQ 0%@0 CV0@55.531C CPU@58.312C SOC2@56.656C SOC0@57.687C CV1@55.531C GPU@56.156C tj@59.062C SOC1@59.062C CV2@56.093C
08-21-2026 20:00:10 RAM 4310/15389MB (lfb 1152x4MB) SWAP 0/7694MB (cached 0MB) CPU [0%@883,50%@1984,0%@1984,0%@1984,0%@729,0%@729,0%@729,0%@729] EMC_FREQ 0% GR3D_FREQ 0% GR3D2_FREQ 0%@0 CV0@55.5C CPU@58.375C SOC2@56.687C SOC0@57.625C CV1@55.531C GPU@56C tj@59.093C SOC1@59.093C CV2@55.968C
08-21-2026 20:00:10 RAM 4310/15389MB (lfb 1152x4MB) SWAP 0/7694MB (cached 0MB) CPU [0%@883,0%@883,0%@883,50%@883,0%@729,0%@729,0%@729,0%@729] EMC_FREQ 0% GR3D_FREQ 0% GR3D2_FREQ 0%@0 CV0@55.656C CPU@58.687C SOC2@56.812C SOC0@57.625C CV1@55.718C GPU@56.156C tj@59.125C SOC1@59.125C CV2@55.968C
08-21-2026 20:00:10 RAM 4310/15389MB (lfb 1152x4MB) SWAP 0/7694MB (cached 0MB) CPU [50%@1984,0%@1984,50%@1984,0%@1984,0%@729,0%@729,0%@729,50%@729] EMC_FREQ 0% GR3D_FREQ 0% GR3D2_FREQ 0%@0 CV0@55.531C CPU@58.718C SOC2@56.687C SOC0@57.562C CV1@55.687C GPU@56.406C tj@59.156C SOC1@59.156C CV2@55.906C
08-21-2026 20:00:10 RAM 4311/15389MB (lfb 1152x4MB) SWAP 0/7694MB (cached 0MB) CPU [0%@1984,0%@1984,0%@1984,0%@1984,0%@729,0%@729,0%@729,100%@729] EMC_FREQ 0% GR3D_FREQ 0% GR3D2_FREQ 0%@0 CV0@55.781C CPU@58.562C SOC2@56.687C SOC0@57.468C CV1@55.656C GPU@56.312C tj@59.062C SOC1@59.062C CV2@56C
08-21-2026 20:00:10 RAM 4312/15389MB (lfb 1152x4MB) SWAP 0/7694MB (cached 0MB) CPU [0%@1984,0%@1984,0%@1984,0%@1984,0%@729,0%@729,0%@729,100%@883] EMC_FREQ 0% GR3D_FREQ 0% GR3D2_FREQ 0%@0 CV0@55.656C CPU@58.656C SOC2@56.75C SOC0@57.75C CV1@55.625C GPU@56.093C tj@58.937C SOC1@58.937C CV2@55.906C
08-21-2026 20:00:10 RAM 4313/15389MB (lfb 1152x4MB) SWAP 0/7694MB (cached 0MB) CPU [0%@1984,0%@1984,0%@1984,0%@1984,0%@1190,0%@1190,0%@1190,100%@1190] EMC_FREQ 0% GR3D_FREQ 0% GR3D2_FREQ 0%@0 CV0@55.562C CPU@58.312C SOC2@56.656C SOC0@57.75C CV1@55.562C GPU@56.156C tj@58.968C SOC1@58.968C CV2@55.843C
08-21-2026 20:00:10 RAM 4313/15389MB (lfb 1151x4MB) SWAP 0/7694MB (cached 0MB) CPU [0%@1984,0%@1984,0%@1984,50%@1984,0%@1651,0%@1651,0%@1651,100%@1651] EMC_FREQ 0% GR3D_FREQ 0% GR3D2_FREQ 0%@0 CV0@55.625C CPU@58.375C SOC2@56.75C SOC0@57.687C CV1@55.531C GPU@56.031C tj@59.031C SOC1@59.031C CV2@55.937C
08-21-2026 20:00:10 RAM 4314/15389MB (lfb 1151x4MB) SWAP 0/7694MB (cached 0MB) CPU [0%@729,0%@729,0%@729,0%@729,0%@1984,0%@1984,0%@1984,100%@1984] EMC_FREQ 0% GR3D_FREQ 0% GR3D2_FREQ 0%@0 CV0@55.562C CPU@58.375C SOC2@56.562C SOC0@57.656C CV1@55.593C GPU@56.218C tj@59.187C SOC1@59.187C CV2@56.062C
08-21-2026 20:00:10 RAM 4315/15389MB (lfb 1151x4MB) SWAP 0/7694MB (cached 0MB) CPU [0%@960,0%@960,50%@960,50%@960,0%@1984,0%@1984,0%@1984,100%@1984] EMC_FREQ 0% GR3D_FREQ 0% GR3D2_FREQ 0%@0 CV0@55.656C CPU@58.375C SOC2@56.781C SOC0@57.562C CV1@55.625C GPU@56.218C tj@59.125C SOC1@59.125C CV2@56.093C
08-21-2026 20:00:10 RAM 4315/15389MB (lfb 1151x4MB) SWAP 0/7694MB (cached 0MB) CPU [50%@1984,0%@1984,0%@1984,50%@1984,0%@1984,0%@1984,0%@1984,100%@1984] EMC_FREQ 0% GR3D_FREQ 0% GR3D2_FREQ 0%@0 CV0@55.687C CPU@58.468C SOC2@56.906C SOC0@57.531C CV1@55.781C GPU@56.406C tj@59.093C SOC1@59.093C CV2@56.031C
08-21-2026 20:00:10 RAM 4315/15389MB (lfb 1151x4MB) SWAP 0/7694MB (cached 0MB) CPU [0%@1984,0%@1984,0%@1984,0%@1984,0%@1984,0%@1984,0%@1984,100%@1984] EMC_FREQ 0% GR3D_FREQ 0% GR3D2_FREQ 0%@0 CV0@55.625C CPU@58.562C SOC2@56.843C SOC0@57.593C CV1@55.75C GPU@56.156C tj@58.937C SOC1@58.937C CV2@55.937C
08-21-2026 20:00:10 RAM 4317/15389MB (lfb 1151x4MB) SWAP 0/7694MB (cached 0MB) CPU [50%@1984,0%@1984,0%@1984,50%@1984,0%@1984,0%@1984,0%@1984,50%@1984] EMC_FREQ 0% GR3D_FREQ 0% GR3D2_FREQ 0%@0 CV0@55.687C CPU@58.562C SOC2@56.812C SOC0@57.562C CV1@55.781C GPU@56.343C tj@58.937C SOC1@58.937C CV2@56C
08-21-2026 20:00:10 RAM 4317/15389MB (lfb 1150x4MB) SWAP 0/7694MB (cached 0MB) CPU [0%@883,0%@883,0%@883,50%@883,0%@1984,0%@1984,0%@1984,100%@1984] EMC_FREQ 0% GR3D_FREQ 0% GR3D2_FREQ 0%@0 CV0@55.75C CPU@58.625C SOC2@56.718C SOC0@57.593C CV1@55.656C GPU@56.281C tj@59C SOC1@59C CV2@55.843C
08-21-2026 20:00:10 RAM 4317/15389MB (lfb 1150x4MB) SWAP 0/7694MB (cached 0MB) CPU [50%@1984,0%@1984,0%@1984,0%@1984,0%@1984,0%@1984,0%@1984,100%@1984] EMC_FREQ 0% GR3D_FREQ 0% GR3D2_FREQ 0%@0 CV0@55.656C CPU@58.562C SOC2@56.75C SOC0@57.812C CV1@55.687C GPU@56.156C tj@59.156C SOC1@59.156C CV2@55.906C
08-21-2026 20:00:10 RAM 4317/15389MB (lfb 1150x4MB) SWAP 0/7694MB (cached 0MB) CPU [0%@1984,50%@1984,0%@1984,100%@1984,0%@1984,0%@1984,0%@1984,100%@1984] EMC_FREQ 0% GR3D_FREQ 0% GR3D2_FREQ 0%@0 CV0@55.625C CPU@58.625C SOC2@56.812C SOC0@57.687C CV1@55.625C GPU@56.25C tj@59C SOC1@59C CV2@55.875C
08-21-2026 20:00:10 RAM 4317/15389MB (lfb 1150x4MB) SWAP 0/7694MB (cached 0MB) CPU [0%@806,0%@806,0%@806,0%@806,0%@1984,0%@1984,0%@1984,100%@1984] EMC_FREQ 0% GR3D_FREQ 0% GR3D2_FREQ 0%@0 CV0@55.75C CPU@58.593C SOC2@56.781C SOC0@57.656C CV1@55.593C GPU@56.437C tj@59.093C SOC1@59.093C CV2@55.968C
08-21-2026 20:00:10 RAM 4317/15389MB (lfb 1150x4MB) SWAP 0/7694MB (cached 0MB) CPU [0%@1984,0%@1984,0%@1984,0%@1984,0%@1984,0%@1984,0%@1984,100%@1984] EMC_FREQ 0% GR3D_FREQ 0% GR3D2_FREQ 0%@0 CV0@55.656C CPU@58.687C SOC2@56.781C SOC0@57.531C CV1@55.718C GPU@56.25C tj@59.062C SOC1@59.062C CV2@56C
08-21-2026 20:00:10 RAM 4317/15389MB (lfb 1150x4MB) SWAP 0/7694MB (cached 0MB) CPU [0%@729,0%@729,0%@729,0%@729,0%@1984,0%@1984,0%@1984,100%@1984] EMC_FREQ 0% GR3D_FREQ 0% GR3D2_FREQ 0%@0 CV0@55.718C CPU@58.687C SOC2@56.906C SOC0@57.562C CV1@55.75C GPU@56.25C tj@59.031C SOC1@59.031C CV2@55.937C
08-21-2026 20:00:10 RAM 4317/15389MB (lfb 1150x4MB) SWAP 0/7694MB (cached 0MB) CPU [0%@1984,0%@1984,0%@1984,100%@1984,0%@1984,0%@1984,0%@1984,100%@1984] EMC_FREQ 0% GR3D_FREQ 0% GR3D2_FREQ 0%@0 CV0@55.593C CPU@58.781C SOC2@56.875C SOC0@57.656C CV1@55.843C GPU@56.312C tj@59C SOC1@59C CV2@55.906C
08-21-2026 20:00:10 RAM 4317/15389MB (lfb 1150x4MB) SWAP 0/7694MB (cached 0MB) CPU [0%@1984,0%@1984,0%@1984,50%@1984,0%@1984,0%@1984,0%@1984,100%@1984] EMC_FREQ 0% GR3D_FREQ 0% GR3D2_FREQ 0%@0 CV0@55.812C CPU@58.687C SOC2@56.781C SOC0@57.562C CV1@55.718C GPU@56.156C tj@59.125C SOC1@59.125C CV2@55.937C
08-21-2026 20:00:10 RAM 4317/15389MB (lfb 1150x4MB) SWAP 0/7694MB (cached 0MB) CPU [0%@883,0%@883,0%@883,50%@883,0%@1984,0%@1984,0%@1984,100%@1984] EMC_FREQ 0% GR3D_FREQ 0% GR3D2_FREQ 0%@0 CV0@55.718C CPU@58.687C SOC2@56.843C SOC0@57.531C CV1@55.687C GPU@56.281C tj@59.25C SOC1@59.25C CV2@55.937C
08-21-2026 20:00:10 RAM 4317/15389MB (lfb 1150x4MB) SWAP 0/7694MB (cached 0MB) CPU [50%@806,0%@806,0%@806,0%@806,0%@1984,0%@1984,0%@1984,100%@1984] EMC_FREQ 0% GR3D_FREQ 0% GR3D2_FREQ 0%@0 CV0@55.781C CPU@58.687C SOC2@56.718C SOC0@57.625C CV1@55.531C GPU@56.531C tj@59.093C SOC1@59.093C CV2@55.906C
08-21-2026 20:00:10 RAM 4317/15389MB (lfb 1150x4MB) SWAP 0/7694MB (cached 0MB) CPU [0%@1984,0%@1984,0%@1984,0%@1984,0%@1984,0%@1984,0%@1984,100%@1984] EMC_FREQ 0% GR3D_FREQ 0% GR3D2_FREQ 0%@0 CV0@55.718C CPU@58.687C SOC2@56.656C SOC0@57.625C CV1@55.531C GPU@56.5C tj@59C SOC1@59C CV2@55.937C
08-21-2026 20:00:10 RAM 4317/15389MB (lfb 1150x4MB) SWAP 0/7694MB (cached 0MB) CPU [0%@806,0%@806,0%@806,100%@806,0%@1984,0%@1984,0%@1984,100%@1984] EMC_FREQ 0% GR3D_FREQ 0% GR3D2_FREQ 0%@0 CV0@55.75C CPU@58.625C SOC2@56.75C SOC0@57.625C CV1@55.593C GPU@56.25C tj@59.093C SOC1@59.093C CV2@56C
08-21-2026 20:00:10 RAM 4317/15389MB (lfb 1150x4MB) SWAP 0/7694MB (cached 0MB) CPU [50%@1984,50%@1984,0%@1984,0%@1984,0%@1984,0%@1984,0%@1984,100%@1984] EMC_FREQ 0% GR3D_FREQ 0% GR3D2_FREQ 0%@0 CV0@55.625C CPU@58.843C SOC2@56.875C SOC0@57.656C CV1@55.687C GPU@56.375C tj@59.031C SOC1@59.031C CV2@56C
08-21-2026 20:00:10 RAM 4317/15389MB (lfb 1150x4MB) SWAP 0/7694MB (cached 0MB) CPU [0%@1984,0%@1984,0%@1984,50%@1984,0%@1984,0%@1984,0%@1984,100%@1984] EMC_FREQ 0% GR3D_FREQ 0% GR3D2_FREQ 0%@0 CV0@55.656C CPU@58.875C SOC2@56.843C SOC0@57.593C CV1@55.718C GPU@56.343C tj@58.968C SOC1@58.968C CV2@55.875C
08-21-2026 20:00:10 RAM 4317/15389MB (lfb 1150x4MB) SWAP 0/7694MB (cached 0MB) CPU [0%@1984,0%@1984,0%@1984,0%@1984,0%@1984,0%@1984,0%@1984,100%@1984] EMC_FREQ 0% GR3D_FREQ 0% GR3D2_FREQ 0%@0 CV0@55.687C CPU@58.718C SOC2@56.812C SOC0@57.625C CV1@55.718C GPU@56.312C tj@59.062C SOC1@59.062C CV2@55.906C
08-21-2026 20:00:10 RAM 4317/15389MB (lfb 1150x4MB) SWAP 0/7694MB (cached 0MB) CPU [0%@806,0%@806,50%@806,0%@806,0%@1984,0%@1984,0%@1984,100%@1984] EMC_FREQ 0% GR3D_FREQ 0% GR3D2_FREQ 0%@0 CV0@55.906C CPU@58.812C SOC2@56.843C SOC0@57.5C CV1@55.75C GPU@56.281C tj@59.125C SOC1@59.125C CV2@55.968C
08-21-2026 20:00:10 RAM 4317/15389MB (lfb 1150x4MB) SWAP 0/7694MB (cached 0MB) CPU [0%@883,0%@883,0%@883,100%@1984,0%@1984,0%@1984,0%@1984,100%@1984] EMC_FREQ 0% GR3D_FREQ 0% GR3D2_FREQ 0%@0 CV0@55.812C CPU@58.718C SOC2@56.875C SOC0@57.656C CV1@55.687C GPU@56.5C tj@59.281C SOC1@59.281C CV2@56C
08-21-2026 20:00:10 RAM 4317/15389MB (lfb 1150x4MB) SWAP 0/7694MB (cached 0MB) CPU [0%@1984,0%@1984,0%@1984,50%@1984,0%@1984,0%@1984,0%@1984,100%@1984] EMC_FREQ 0% GR3D_FREQ 0% GR3D2_FREQ 0%@0 CV0@55.781C CPU@58.562C SOC2@56.781C SOC0@57.593C CV1@55.75C GPU@56.218C tj@59.218C SOC1@59.218C CV2@55.968C
08-21-2026 20:00:10 RAM 4317/15389MB (lfb 1150x4MB) SWAP 0/7694MB (cached 0MB) CPU [0%@1984,0%@1984,0%@1984,0%@1984,0%@1984,0%@1984,0%@1984,100%@1984] EMC_FREQ 0% GR3D_FREQ 0% GR3D2_FREQ 0%@0 CV0@55.656C CPU@58.718C SOC2@56.812C SOC0@57.656C CV1@55.593C GPU@56.468C tj@59.218C SOC1@59.218C CV2@55.906C
08-21-2026 20:00:10 RAM 4317/15389MB (lfb 1150x4MB) SWAP 0/7694MB (cached 0MB) CPU [0%@1984,0%@1984,0%@1984,50%@1984,0%@1984,0%@1984,0%@1984,100%@1984] EMC_FREQ 0% GR3D_FREQ 0% GR3D2_FREQ 0%@0 CV0@55.625C CPU@58.625C SOC2@56.75C SOC0@57.625C CV1@55.656C GPU@56.343C tj@59.156C SOC1@59.156C CV2@56.031C
08-21-2026 20:00:10 RAM 4317/15389MB (lfb 1150x4MB) SWAP 0/7694MB (cached 0MB) CPU [0%@1984,0%@1984,0%@1984,0%@1984,50%@1984,0%@1984,0%@1984,100%@1984] EMC_FREQ 0% GR3D_FREQ 0% GR3D2_FREQ 0%@0 CV0@55.656C CPU@58.593C SOC2@56.843C SOC0@57.531C CV1@55.687C GPU@56.531C tj@59.031C SOC1@59.031C CV2@56.093C
08-21-2026 20:00:10 RAM 4317/15389MB (lfb 1150x4MB) SWAP 0/7694MB (cached 0MB) CPU [0%@806,0%@806,0%@806,0%@806,0%@1984,0%@1984,0%@1984,100%@1984] EMC_FREQ 0% GR3D_FREQ 0% GR3D2_FREQ 0%@0 CV0@55.593C CPU@58.968C SOC2@56.937C SOC0@57.562C CV1@55.843C GPU@56.281C tj@58.968C SOC1@58.968C CV2@56C
08-21-2026 20:00:10 RAM 4317/15389MB (lfb 1150x4MB) SWAP 0/7694MB (cached 0MB) CPU [0%@1984,0%@1984,0%@1984,50%@1984,0%@1984,0%@1984,0%@1984,100%@1984] EMC_FREQ 0% GR3D_FREQ 0% GR3D2_FREQ 0%@0 CV0@55.687C CPU@58.875C SOC2@56.906C SOC0@57.562C CV1@55.781C GPU@56.562C tj@59.093C SOC1@59.093C CV2@56C
08-21-2026 20:00:10 RAM 4317/15389MB (lfb 1150x4MB) SWAP 0/7694MB (cached 0MB) CPU [0%@729,0%@729,0%@729,0%@729,0%@1984,0%@1984,0%@1984,100%@1984] EMC_FREQ 0% GR3D_FREQ 0% GR3D2_FREQ 0%@0 CV0@55.875C CPU@58.812C SOC2@56.906C SOC0@57.593C CV1@55.687C GPU@56.343C tj@59C SOC1@59C CV2@56C
08-21-2026 20:00:10 RAM 4317/15389MB (lfb 1150x4MB) SWAP 0/7694MB (cached 0MB) CPU [0%@1984,0%@1984,50%@1984,50%@1984,0%@1984,0%@1984,0%@1984,100%@1984] EMC_FREQ 0% GR3D_FREQ 0% GR3D2_FREQ 0%@0 CV0@55.781C CPU@58.625C SOC2@56.812C SOC0@57.75C CV1@55.75C GPU@56.25C tj@58.937C SOC1@58.937C CV2@55.843C
08-21-2026 20:00:10 RAM 4317/15389MB (lfb 1150x4MB) SWAP 0/7694MB (cached 0MB) CPU [0%@1984,0%@1984,0%@1984,0%@1984,0%@1984,0%@1984,50%@1984,100%@1984] EMC_FREQ 0% GR3D_FREQ 0% GR3D2_FREQ 0%@0 CV0@55.656C CPU@58.562C SOC2@56.843C SOC0@57.75C CV1@55.75C GPU@56.437C tj@59.281C SOC1@59.281C CV2@55.906C
08-21-2026 20:00:10 RAM 4317/15389MB (lfb 1150x4MB) SWAP 0/7694MB (cached 0MB) CPU [0%@1984,0%@1984,0%@1984,0%@1984,0%@1984,0%@1984,0%@1984,100%@1984] EMC_FREQ 0% GR3D_FREQ 0% GR3D2_FREQ 0%@0 CV0@55.781C CPU@58.562C SOC2@56.875C SOC0@57.75C CV1@55.718C GPU@56.625C tj@59.093C SOC1@59.093C CV2@56.062C
08-21-2026 20:00:10 RAM 4178/15389MB (lfb 1166x4MB) SWAP 0/7694MB (cached 0MB) CPU [66%@1984,50%@1984,0%@1984,100%@1984,0%@1984,0%@1984,0%@1984,100%@1984] EMC_FREQ 0% GR3D_FREQ 0% GR3D2_FREQ 0%@0 CV0@55.687C CPU@58.687C SOC2@56.937C SOC0@57.625C CV1@55.75C GPU@56.343C tj@59.093C SOC1@59.093C CV2@56C
08-21-2026 20:00:10 RAM 4178/15389MB (lfb 1166x4MB) SWAP 0/7694MB (cached 0MB) CPU [0%@1984,100%@1984,0%@1984,0%@1984,0%@1984,0%@1984,0%@1984,100%@1984] EMC_FREQ 0% GR3D_FREQ 0% GR3D2_FREQ 0%@0 CV0@55.656C CPU@58.656C SOC2@56.937C SOC0@57.656C CV1@55.75C GPU@56.5C tj@59.093C SOC1@59.093C CV2@56C
08-21-2026 20:00:10 RAM 4174/15389MB (lfb 1166x4MB) SWAP 0/7694MB (cached 0MB) CPU [0%@729,0%@729,0%@729,33%@729,0%@1984,0%@1984,0%@1984,100%@1984] EMC_FREQ 0% GR3D_FREQ 0% GR3D2_FREQ 0%@0 CV0@55.718C CPU@58.625C SOC2@56.781C SOC0@57.5C CV1@55.687C GPU@56.406C tj@58.968C SOC1@58.968C CV2@55.937C
08-21-2026 20:00:10 RAM 4106/15389MB (lfb 1166x4MB) SWAP 0/7694MB (cached 0MB) CPU [0%@960,0%@960,0%@960,0%@960,0%@1984,0%@1984,0%@1984,100%@1984] EMC_FREQ 0% GR3D_FREQ 0% GR3D2_FREQ 0%@0 CV0@55.906C CPU@58.718C SOC2@56.875C SOC0@57.593C CV1@55.812C GPU@56.281C tj@59C SOC1@59C CV2@56.062C
08-21-2026 20:00:10 RAM 4105/15389MB (lfb 1166x4MB) SWAP 0/7694MB (cached 0MB) CPU [0%@1984,0%@1984,0%@1984,100%@1984,0%@1984,0%@1984,0%@1984,100%@1984] EMC_FREQ 0% GR3D_FREQ 0% GR3D2_FREQ 0%@0 CV0@55.75C CPU@58.718C SOC2@56.843C SOC0@57.75C CV1@55.75C GPU@56.5C tj@59.031C SOC1@59.031C CV2@55.875C
08-21-2026 20:00:10 RAM 4105/15389MB (lfb 1166x4MB) SWAP 0/7694MB (cached 0MB) CPU [0%@806,0%@806,0%@806,0%@806,0%@1984,0%@1984,0%@1984,100%@1984] EMC_FREQ 0% GR3D_FREQ 0% GR3D2_FREQ 0%@0 CV0@55.75C CPU@58.687C SOC2@56.812C SOC0@57.75C CV1@55.718C GPU@56.25C tj@59.187C SOC1@59.187C CV2@55.937C
08-21-2026 20:00:10 RAM 4105/15389MB (lfb 1166x4MB) SWAP 0/7694MB (cached 0MB) CPU [0%@1984,0%@1984,0%@1984,100%@1984,0%@1984,0%@1984,0%@1984,100%@1984] EMC_FREQ 0% GR3D_FREQ 0% GR3D2_FREQ 0%@0 CV0@55.781C CPU@58.625C SOC2@56.906C SOC0@57.687C CV1@55.656C GPU@56.312C tj@59.125C SOC1@59.125C CV2@56.125C
08-21-2026 20:00:10 RAM 4105/15389MB (lfb 1166x4MB) SWAP 0/7694MB (cached 0MB) CPU [0%@960,0%@960,0%@960,0%@960,0%@1984,0%@1984,0%@1984,100%@1984] EMC_FREQ 0% GR3D_FREQ 0% GR3D2_FREQ 0%@0 CV0@55.687C CPU@58.593C SOC2@57C SOC0@57.75C CV1@55.687C GPU@56.593C tj@59.125C SOC1@59.125C CV2@56.062C
08-21-2026 20:00:10 RAM 4105/15389MB (lfb 1166x4MB) SWAP 0/7694MB (cached 0MB) CPU [0%@1984,0%@1984,0%@1984,0%@1984,0%@1984,0%@1984,0%@1984,100%@1984] EMC_FREQ 0% GR3D_FREQ 0% GR3D2_FREQ 0%@0 CV0@55.781C CPU@58.906C SOC2@56.968C SOC0@57.625C CV1@55.718C GPU@56.437C tj@59C SOC1@59C CV2@56.125C
08-21-2026 20:00:10 RAM 4105/15389MB (lfb 1166x4MB) SWAP 0/7694MB (cached 0MB) CPU [0%@1984,0%@1984,0%@1984,0%@1984,0%@1984,0%@1984,0%@1984,100%@1984] EMC_FREQ 0% GR3D_FREQ 0% GR3D2_FREQ 0%@0 CV0@55.75C CPU@58.843C SOC2@56.812C SOC0@57.562C CV1@55.906C GPU@56.281C tj@59.031C SOC1@59.031C CV2@55.968C
08-21-2026 20:00:10 RAM 4105/15389MB (lfb 1166x4MB) SWAP 0/7694MB (cached 0MB) CPU [0%@729,50%@729,0%@729,50%@729,0%@1984,0%@1984,0%@1984,100%@1984] EMC_FREQ 0% GR3D_FREQ 0% GR3D2_FREQ 0%@0 CV0@55.906C CPU@58.75C SOC2@56.937C SOC0@57.593C CV1@55.781C GPU@56.406C tj@59.062C SOC1@59.062C CV2@56C
08-21-2026 20:00:10 RAM 4105/15389MB (lfb 1166x4MB) SWAP 0/7694MB (cached 0MB) CPU [0%@1984,0%@1984,0%@1984,100%@1984,0%@1984,0%@1984,0%@1984,100%@1984] EMC_FREQ 0% GR3D_FREQ 0% GR3D2_FREQ 0%@0 CV0@55.718C CPU@58.812C SOC2@56.75C SOC0@57.75C CV1@55.718C GPU@56.218C tj@59.031C SOC1@59.031C CV2@56.093C
08-21-2026 20:00:10 RAM 4105/15389MB (lfb 1166x4MB) SWAP 0/7694MB (cached 0MB) CPU [0%@1984,0%@1984,0%@1984,0%@1984,0%@1984,0%@1984,0%@1984,100%@1984] EMC_FREQ 0% GR3D_FREQ 0% GR3D2_FREQ 0%@0 CV0@55.718C CPU@58.812C SOC2@56.906C SOC0@57.718C CV1@55.718C GPU@56.406C tj@59.156C SOC1@59.156C CV2@55.812C
08-21-2026 20:00:10 RAM 4105/15389MB (lfb 1166x4MB) SWAP 0/7694MB (cached 0MB) CPU [0%@1984,0%@1984,0%@1984,50%@1984,0%@1984,0%@1984,0%@1984,100%@1984] EMC_FREQ 0% GR3D_FREQ 0% GR3D2_FREQ 0%@0 CV0@55.718C CPU@58.75C SOC2@56.75C SOC0@57.718C CV1@55.562C GPU@56.593C tj@59.093C SOC1@59.218C CV2@56.125C
08-21-2026 20:00:10 RAM 4105/15389MB (lfb 1166x4MB) SWAP 0/7694MB (cached 0MB) CPU [0%@729,0%@729,0%@729,0%@729,0%@1984,0%@1984,0%@1984,100%@1984] EMC_FREQ 0% GR3D_FREQ 0% GR3D2_FREQ 0%@0 CV0@55.718C CPU@58.625C SOC2@56.75C SOC0@57.656C CV1@55.687C GPU@56.437C tj@59.062C SOC1@59.062C CV2@56.031C
08-21-2026 20:00:10 RAM 4105/15389MB (lfb 1166x4MB) SWAP 0/7694MB (cached 0MB) CPU [0%@1984,0%@1984,0%@1984,0%@1984,0%@1984,0%@1984,0%@1984,100%@1984] EMC_FREQ 0% GR3D_FREQ 0% GR3D2_FREQ 0%@0 CV0@55.687C CPU@58.718C SOC2@56.937C SOC0@57.593C CV1@55.781C GPU@56.437C tj@59C SOC1@59C CV2@56C
08-21-2026 20:00:10 RAM 4105/15389MB (lfb 1166x4MB) SWAP 0/7694MB (cached 0MB) CPU [0%@1984,0%@1984,0%@1984,100%@1984,0%@1984,0%@1984,0%@1984,100%@1984] EMC_FREQ 0% GR3D_FREQ 0% GR3D2_FREQ 0%@0 CV0@55.687C CPU@58.843C SOC2@56.937C SOC0@57.593C CV1@55.875C GPU@56.437C tj@59.093C SOC1@59.093C CV2@56C
08-21-2026 20:00:10 RAM 4105/15389MB (lfb 1166x4MB) SWAP 0/7694MB (cached 0MB) CPU [0%@1984,0%@1984,0%@1984,50%@1984,0%@1984,0%@1984,0%@1984,100%@1984] EMC_FREQ 0% GR3D_FREQ 0% GR3D2_FREQ 0%@0 CV0@55.781C CPU@58.937C SOC2@56.875C SOC0@57.656C CV1@55.812C GPU@56.25C tj@59.031C SOC1@59.031C CV2@56C
08-21-2026 20:00:10 RAM 4105/15389MB (lfb 1166x4MB) SWAP 0/7694MB (cached 0MB) CPU [50%@729,50%@729,0%@729,0%@1984,0%@1984,0%@1984,0%@1984,100%@1984] EMC_FREQ 0% GR3D_FREQ 0% GR3D2_FREQ 0%@0 CV0@55.718C CPU@58.75C SOC2@56.75C SOC0@57.75C CV1@55.875C GPU@56.468C tj@59.281C SOC1@59.281C CV2@55.937C
08-21-2026 20:00:10 RAM 4105/15389MB (lfb 1166x4MB) SWAP 0/7694MB (cached 0MB) CPU [0%@806,0%@806,0%@806,0%@806,0%@1984,0%@1984,0%@1984,100%@1984] EMC_FREQ 0% GR3D_FREQ 0% GR3D2_FREQ 0%@0 CV0@55.75C CPU@58.781C SOC2@56.843C SOC0@57.593C CV1@55.687C GPU@56.593C tj@59.218C SOC1@59.218C CV2@55.937C
08-21-2026 20:00:10 RAM 4105/15389MB (lfb 1166x4MB) SWAP 0/7694MB (cached 0MB) CPU [0%@1984,0%@1984,0%@1984,50%@1984,0%@1984,0%@1984,0%@1984,100%@1984] EMC_FREQ 0% GR3D_FREQ 0% GR3D2_FREQ 0%@0 CV0@55.812C CPU@58.718C SOC2@56.843C SOC0@57.75C CV1@55.656C GPU@56.375C tj@59.187C SOC1@59.187C CV2@56.031C
08-21-2026 20:00:10 RAM 4103/15389MB (lfb 1166x4MB) SWAP 0/7694MB (cached 0MB) CPU [50%@1984,0%@1984,0%@1984,100%@1984,0%@1984,0%@1984,0%@1984,100%@1984] EMC_FREQ 0% GR3D_FREQ 0% GR3D2_FREQ 0%@0 CV0@55.75C CPU@58.656C SOC2@56.875C SOC0@57.656C CV1@55.687C GPU@56.531C tj@59.062C SOC1@59.062C CV2@56.093C
08-21-2026 20:00:10 RAM 4104/15389MB (lfb 1166x4MB) SWAP 0/7694MB (cached 0MB) CPU [0%@1984,0%@1984,0%@1984,0%@1984,0%@1984,0%@1984,0%@1984,100%@1984] EMC_FREQ 0% GR3D_FREQ 0% GR3D2_FREQ 0%@0 CV0@55.593C CPU@58.687C SOC2@56.968C SOC0@57.625C CV1@55.875C GPU@56.437C tj@59.125C SOC1@59.125C CV2@56C
08-21-2026 20:00:10 RAM 4104/15389MB (lfb 1166x4MB) SWAP 0/7694MB (cached 0MB) CPU [0%@1984,0%@1984,0%@1984,0%@1984,0%@1984,0%@1984,0%@1984,100%@1984] EMC_FREQ 0% GR3D_FREQ 0% GR3D2_FREQ 0%@0 CV0@55.625C CPU@58.656C SOC2@56.906C SOC0@57.625C CV1@55.843C GPU@56.343C tj@59.062C SOC1@59.062C CV2@56C
08-21-2026 20:00:10 RAM 4104/15389MB (lfb 1166x4MB) SWAP 0/7694MB (cached 0MB) CPU [0%@1984,0%@1984,50%@1984,50%@1984,0%@1984,0%@1984,0%@1984,100%@1984] EMC_FREQ 0% GR3D_FREQ 0% GR3D2_FREQ 0%@0 CV0@55.843C CPU@58.75C SOC2@56.843C SOC0@57.593C CV1@55.718C GPU@56.312C tj@59C SOC1@59C CV2@56C
08-21-2026 20:00:10 RAM 4102/15389MB (lfb 1166x4MB) SWAP 0/7694MB (cached 0MB) CPU [0%@1984,0%@1984,50%@1984,100%@1984,0%@1984,0%@1984,0%@1984,100%@1984] EMC_FREQ 0% GR3D_FREQ 0% GR3D2_FREQ 0%@0 CV0@55.687C CPU@58.75C SOC2@56.968C SOC0@57.593C CV1@55.687C GPU@56.562C tj@59.125C SOC1@59.125C CV2@55.875C
08-21-2026 20:00:10 RAM 3997/15389MB (lfb 1166x4MB) SWAP 0/7694MB (cached 0MB) CPU [0%@1984,0%@1984,0%@1984,0%@1984,0%@1984,0%@1984,0%@1984,50%@1984] EMC_FREQ 0% GR3D_FREQ 0% GR3D2_FREQ 0%@0 CV0@55.656C CPU@58.718C SOC2@56.843C SOC0@57.75C CV1@55.718C GPU@56.312C tj@59.343C SOC1@59.343C CV2@55.906C
08-21-2026 20:00:10 RAM 3854/15389MB (lfb 1166x4MB) SWAP 0/7694MB (cached 0MB) CPU [0%@806,0%@806,0%@806,0%@806,0%@1984,0%@1984,0%@1984,100%@1984] EMC_FREQ 0% GR3D_FREQ 0% GR3D2_FREQ 0%@0 CV0@55.75C CPU@58.718C SOC2@56.875C SOC0@57.75C CV1@55.75C GPU@56.531C tj@59.281C SOC1@59.281C CV2@56.062C
08-21-2026 20:00:10 RAM 3853/15389MB (lfb 1166x4MB) SWAP 0/7694MB (cached 0MB) CPU [0%@1984,0%@1984,0%@1984,50%@1984,0%@1984,0%@1984,0%@1984,100%@1984] EMC_FREQ 0% GR3D_FREQ 0% GR3D2_FREQ 0%@0 CV0@55.75C CPU@59.062C SOC2@56.843C SOC0@57.687C CV1@55.75C GPU@56.343C tj@59.125C SOC1@59.125C CV2@56C
08-21-2026 20:00:10 RAM 3853/15389MB (lfb 1166x4MB) SWAP 0/7694MB (cached 0MB) CPU [0%@883,50%@883,0%@883,50%@883,0%@1984,0%@1984,0%@1984,100%@1984] EMC_FREQ 0% GR3D_FREQ 0% GR3D2_FREQ 0%@0 CV0@55.625C CPU@58.875C SOC2@56.906C SOC0@57.687C CV1@55.906C GPU@56.312C tj@59.125C SOC1@59.125C CV2@55.968C
08-21-2026 20:00:10 RAM 3853/15389MB (lfb 1166x4MB) SWAP 0/7694MB (cached 0MB) CPU [0%@729,0%@729,0%@729,0%@729,0%@1984,0%@1984,0%@1984,100%@1984] EMC_FREQ 0% GR3D_FREQ 0% GR3D2_FREQ 0%@0 CV0@55.656C CPU@58.875C SOC2@56.937C SOC0@57.625C CV1@55.812C GPU@56.437C tj@59.125C SOC1@59.125C CV2@55.937C
08-21-2026 20:00:10 RAM 3853/15389MB (lfb 1166x4MB) SWAP 0/7694MB (cached 0MB) CPU [0%@1984,0%@1984,0%@1984,0%@1984,0%@1984,0%@1984,0%@1984,100%@1984] EMC_FREQ 0% GR3D_FREQ 0% GR3D2_FREQ 0%@0 CV0@55.906C CPU@58.875C SOC2@56.906C SOC0@57.625C CV1@55.718C GPU@56.687C tj@59.125C SOC1@59.125C CV2@56C
08-21-2026 20:00:10 RAM 3853/15389MB (lfb 1166x4MB) SWAP 0/7694MB (cached 0MB) CPU [0%@1984,0%@1984,0%@1984,50%@1984,0%@1984,0%@1984,0%@1984,100%@1984] EMC_FREQ 0% GR3D_FREQ 0% GR3D2_FREQ 0%@0 CV0@55.718C CPU@58.937C SOC2@56.843C SOC0@57.718C CV1@55.718C GPU@56.343C tj@59.281C SOC1@59.281C CV2@55.843C
08-21-2026 20:00:10 RAM 3853/15389MB (lfb 1166x4MB) SWAP 0/7694MB (cached 0MB) CPU [0%@729,0%@729,0%@729,0%@729,0%@1984,0%@1984,0%@1984,100%@1984] EMC_FREQ 0% GR3D_FREQ 0% GR3D2_FREQ 0%@0 CV0@55.687C CPU@58.75C SOC2@56.812C SOC0@57.687C CV1@55.718C GPU@56.531C tj@59.187C SOC1@59.187C CV2@55.937C
08-21-2026 20:00:10 RAM 3853/15389MB (lfb 1166x4MB) SWAP 0/7694MB (cached 0MB) CPU [0%@1984,0%@1984,50%@1984,0%@1984,0%@1984,0%@1984,0%@1984,100%@1984] EMC_FREQ 0% GR3D_FREQ 0% GR3D2_FREQ 0%@0 CV0@55.75C CPU@58.75C SOC2@56.843C SOC0@57.593C CV1@55.687C GPU@56.531C tj@59.25C SOC1@59.25C CV2@56C
08-21-2026 20:00:10 RAM 3853/15389MB (lfb 1166x4MB) SWAP 0/7694MB (cached 0MB) CPU [0%@806,0%@806,0%@806,50%@806,0%@1984,0%@1984,0%@1984,100%@1984] EMC_FREQ 0% GR3D_FREQ 0% GR3D2_FREQ 0%@0 CV0@55.781C CPU@58.781C SOC2@56.812C SOC0@57.656C CV1@55.718C GPU@56.375C tj@59.093C SOC1@59.093C CV2@56.156C
08-21-2026 20:00:10 RAM 3853/15389MB (lfb 1166x4MB) SWAP 0/7694MB (cached 0MB) CPU [0%@1984,0%@1984,0%@1984,0%@1984,0%@1984,0%@1984,0%@1984,100%@1984] EMC_FREQ 0% GR3D_FREQ 0% GR3D2_FREQ 0%@0 CV0@55.656C CPU@58.812C SOC2@56.906C SOC0@57.562C CV1@55.812C GPU@56.5C tj@59.093C SOC1@59.093C CV2@56.031C
08-21-2026 20:00:11 RAM 3853/15389MB (lfb 1166x4MB) SWAP 0/7694MB (cached 0MB) CPU [50%@806,0%@806,0%@806,50%@806,0%@1984,0%@1984,0%@1984,100%@1984] EMC_FREQ 0% GR3D_FREQ 0% GR3D2_FREQ 0%@0 CV0@55.656C CPU@58.781C SOC2@56.875C SOC0@57.625C CV1@55.812C GPU@56.593C tj@59.062C SOC1@59.062C CV2@55.937C
08-21-2026 20:00:11 RAM 3853/15389MB (lfb 1166x4MB) SWAP 0/7694MB (cached 0MB) CPU [0%@729,50%@729,0%@729,50%@729,0%@1984,0%@1984,0%@1984,100%@1984] EMC_FREQ 0% GR3D_FREQ 0% GR3D2_FREQ 0%@0 CV0@55.781C CPU@59.125C SOC2@56.968C SOC0@57.656C CV1@55.812C GPU@56.437C tj@59.125C SOC1@59C CV2@55.937C
08-21-2026 20:00:11 RAM 3851/15389MB (lfb 1166x4MB) SWAP 0/7694MB (cached 0MB) CPU [0%@1984,0%@1984,0%@1984,0%@1984,0%@1984,0%@1984,0%@1984,100%@1984] EMC_FREQ 0% GR3D_FREQ 0% GR3D2_FREQ 0%@0 CV0@55.843C CPU@58.781C SOC2@56.843C SOC0@57.593C CV1@55.75C GPU@56.5C tj@59.281C SOC1@59.281C CV2@55.906C
08-21-2026 20:00:11 RAM 3851/15389MB (lfb 1166x4MB) SWAP 0/7694MB (cached 0MB) CPU [0%@1984,0%@1984,0%@1984,0%@1984,0%@1984,0%@1984,0%@1984,100%@1984] EMC_FREQ 0% GR3D_FREQ 0% GR3D2_FREQ 0%@0 CV0@55.937C CPU@58.812C SOC2@56.812C SOC0@57.656C CV1@55.656C GPU@56.468C tj@59.156C SOC1@59.156C CV2@55.968C
08-21-2026 20:00:11 RAM 3851/15389MB (lfb 1166x4MB) SWAP 0/7694MB (cached 0MB) CPU [0%@1984,0%@1984,0%@1984,0%@1984,0%@1984,0%@1984,0%@1984,100%@1984] EMC_FREQ 0% GR3D_FREQ 0% GR3D2_FREQ 0%@0 CV0@55.625C CPU@58.812C SOC2@56.843C SOC0@57.656C CV1@55.687C GPU@56.343C tj@59.156C SOC1@59.156C CV2@55.968C
08-21-2026 20:00:11 RAM 3841/15389MB (lfb 1166x4MB) SWAP 0/7694MB (cached 0MB) CPU [0%@1984,0%@1984,0%@1984,0%@1984,0%@1984,0%@1984,0%@1984,100%@1984] EMC_FREQ 0% GR3D_FREQ 0% GR3D2_FREQ 0%@0 CV0@55.75C CPU@58.75C SOC2@56.843C SOC0@57.593C CV1@55.687C GPU@56.468C tj@59.125C SOC1@59.125C CV2@56C
08-21-2026 20:00:11 RAM 3841/15389MB (lfb 1166x4MB) SWAP 0/7694MB (cached 0MB) CPU [0%@729,0%@1984,0%@1984,50%@1984,0%@729,100%@729,0%@729,0%@729] EMC_FREQ 0% GR3D_FREQ 0% GR3D2_FREQ 0%@0 CV0@55.656C CPU@58.937C SOC2@56.875C SOC0@57.625C CV1@55.875C GPU@56.562C tj@59.218C SOC1@59.218C CV2@56.031C
08-21-2026 20:00:11 RAM 3841/15389MB (lfb 1166x4MB) SWAP 0/7694MB (cached 0MB) CPU [0%@1984,0%@1984,0%@1984,0%@1984,0%@883,100%@883,0%@883,0%@883] EMC_FREQ 0% GR3D_FREQ 0% GR3D2_FREQ 0%@0 CV0@55.875C CPU@58.781C SOC2@56.906C SOC0@57.562C CV1@55.843C GPU@56.375C tj@59C SOC1@59C CV2@56.031C
08-21-2026 20:00:11 RAM 3802/15389MB (lfb 1166x4MB) SWAP 0/7694MB (cached 0MB) CPU [0%@1984,50%@1984,0%@1984,50%@1984,0%@1267,100%@1267,0%@1267,0%@1267] EMC_FREQ 0% GR3D_FREQ 0% GR3D2_FREQ 0%@0 CV0@55.843C CPU@58.718C SOC2@56.843C SOC0@57.656C CV1@55.781C GPU@56.468C tj@59C SOC1@59C CV2@56.031C
08-21-2026 20:00:11 RAM 3578/15389MB (lfb 1183x4MB) SWAP 0/7694MB (cached 0MB) CPU [0%@729,0%@729,0%@729,0%@729,0%@1728,100%@1728,0%@1728,0%@1728] EMC_FREQ 0% GR3D_FREQ 0% GR3D2_FREQ 0%@0 CV0@55.812C CPU@58.718C SOC2@56.937C SOC0@57.625C CV1@55.875C GPU@56.468C tj@59.312C SOC1@59.312C CV2@55.968C
08-21-2026 20:00:11 RAM 3288/15389MB (lfb 1220x4MB) SWAP 0/7694MB (cached 0MB) CPU [0%@1984,0%@1984,0%@1984,0%@1984,0%@1984,100%@1984,0%@1984,0%@1984] EMC_FREQ 0% GR3D_FREQ 0% GR3D2_FREQ 0%@0 CV0@55.656C CPU@58.718C SOC2@56.843C SOC0@57.718C CV1@55.75C GPU@56.281C tj@59.093C SOC1@59.093C CV2@55.968C
08-21-2026 20:00:11 RAM 3054/15389MB (lfb 1241x4MB) SWAP 0/7694MB (cached 0MB) CPU [50%@1984,0%@1984,0%@1984,0%@1984,0%@1984,100%@1984,0%@1984,0%@1984] EMC_FREQ 0% GR3D_FREQ 0% GR3D2_FREQ 0%@0 CV0@55.75C CPU@58.531C SOC2@56.968C SOC0@57.656C CV1@55.781C GPU@56.375C tj@59.156C SOC1@59.156C CV2@56.031C
08-21-2026 20:00:11 RAM 2635/15389MB (lfb 1311x4MB) SWAP 0/7694MB (cached 0MB) CPU [0%@1984,0%@1984,0%@1984,0%@1984,0%@1984,100%@1984,0%@1984,0%@1984] EMC_FREQ 0% GR3D_FREQ 0% GR3D2_FREQ 0%@0 CV0@55.812C CPU@58.937C SOC2@56.906C SOC0@57.687C CV1@56.125C GPU@56.687C tj@59.187C SOC1@59.187C CV2@56.093C
08-21-2026 20:00:11 RAM 2393/15389MB (lfb 1329x4MB) SWAP 0/7694MB (cached 0MB) CPU [0%@1984,0%@1984,0%@1984,0%@1984,0%@1984,100%@1984,0%@1984,0%@1984] EMC_FREQ 0% GR3D_FREQ 0% GR3D2_FREQ 0%@0 CV0@55.656C CPU@58.968C SOC2@56.937C SOC0@57.687C CV1@56.031C GPU@56.343C tj@59.125C SOC1@59.125C CV2@56C
08-21-2026 20:00:11 RAM 2280/15389MB (lfb 1361x4MB) SWAP 0/7694MB (cached 0MB) CPU [0%@1984,0%@1984,0%@1984,0%@1984,0%@1984,100%@1984,0%@1984,0%@1984] EMC_FREQ 0% GR3D_FREQ 0% GR3D2_FREQ 0%@0 CV0@55.843C CPU@58.812C SOC2@56.906C SOC0@57.593C CV1@55.968C GPU@56.593C tj@58.968C SOC1@59.093C CV2@56.031C
08-21-2026 20:00:11 RAM 2196/15389MB (lfb 1368x4MB) SWAP 0/7694MB (cached 0MB) CPU [0%@1984,0%@1984,0%@1984,50%@1984,0%@1984,100%@1984,0%@1984,0%@1984] EMC_FREQ 0% GR3D_FREQ 0% GR3D2_FREQ 0%@0 CV0@55.875C CPU@58.781C SOC2@56.843C SOC0@57.812C CV1@56.031C GPU@56.343C tj@59.125C SOC1@59.125C CV2@55.968C
08-21-2026 20:00:11 RAM 2162/15389MB (lfb 1368x4MB) SWAP 0/7694MB (cached 0MB) CPU [0%@1984,0%@1984,0%@1984,50%@1984,0%@1984,100%@1984,0%@1984,0%@1984] EMC_FREQ 0% GR3D_FREQ 0% GR3D2_FREQ 0%@0 CV0@55.875C CPU@58.593C SOC2@56.875C SOC0@57.718C CV1@56.031C GPU@56.5C tj@59.156C SOC1@59.156C CV2@56.031C
08-21-2026 20:00:11 RAM 2156/15389MB (lfb 1368x4MB) SWAP 0/7694MB (cached 0MB) CPU [0%@729,0%@729,0%@729,0%@729,0%@1984,100%@1984,0%@1984,0%@1984] EMC_FREQ 0% GR3D_FREQ 0% GR3D2_FREQ 0%@0 CV0@55.781C CPU@58.687C SOC2@56.968C SOC0@57.687C CV1@55.906C GPU@56.312C tj@59.187C SOC1@59.187C CV2@56.125C
08-21-2026 20:00:11 RAM 2149/15389MB (lfb 1368x4MB) SWAP 0/7694MB (cached 0MB) CPU [0%@1984,0%@1984,0%@1984,0%@1984,0%@1984,100%@1984,0%@1984,0%@1984] EMC_FREQ 0% GR3D_FREQ 4% GR3D2_FREQ 4%@0 CV0@55.687C CPU@58.562C SOC2@56.906C SOC0@57.687C CV1@55.937C GPU@56.687C tj@59.25C SOC1@59.25C CV2@56.031C
08-21-2026 20:00:11 RAM 2149/15389MB (lfb 1368x4MB) SWAP 0/7694MB (cached 0MB) CPU [50%@729,0%@729,0%@729,0%@729,0%@1984,100%@1984,0%@1984,0%@1984] EMC_FREQ 0% GR3D_FREQ 4% GR3D2_FREQ 4%@0 CV0@55.843C CPU@58.562C SOC2@56.937C SOC0@57.625C CV1@56.031C GPU@56.468C tj@59.031C SOC1@59.031C CV2@56.031C
08-21-2026 20:00:11 RAM 2149/15389MB (lfb 1368x4MB) SWAP 0/7694MB (cached 0MB) CPU [0%@1984,0%@1984,0%@1984,0%@1984,0%@1984,100%@1984,0%@1984,0%@1984] EMC_FREQ 0% GR3D_FREQ 5% GR3D2_FREQ 5%@0 CV0@55.687C CPU@58.531C SOC2@56.937C SOC0@57.625C CV1@56.031C GPU@56.625C tj@59.093C SOC1@59.093C CV2@56C
08-21-2026 20:00:11 RAM 2145/15389MB (lfb 1368x4MB) SWAP 0/7694MB (cached 0MB) CPU [0%@806,0%@806,0%@806,0%@806,0%@1984,100%@1984,0%@1984,0%@1984] EMC_FREQ 0% GR3D_FREQ 5% GR3D2_FREQ 5%@0 CV0@55.937C CPU@58.656C SOC2@56.875C SOC0@57.656C CV1@56.093C GPU@56.437C tj@59.125C SOC1@59.125C CV2@56.031C
08-21-2026 20:00:11 RAM 2145/15389MB (lfb 1368x4MB) SWAP 0/7694MB (cached 0MB) CPU [0%@883,0%@883,100%@883,50%@883,0%@729,0%@729,0%@729,0%@729] EMC_FREQ 0% GR3D_FREQ 5% GR3D2_FREQ 0%@0 CV0@55.781C CPU@58.687C SOC2@57C SOC0@57.625C CV1@55.968C GPU@56.625C tj@59.062C SOC1@59.062C CV2@56C
08-21-2026 20:00:11 RAM 2145/15389MB (lfb 1368x4MB) SWAP 0/7694MB (cached 0MB) CPU [0%@1036,0%@1036,100%@1984,0%@1984,0%@729,0%@729,0%@729,0%@729] EMC_FREQ 0% GR3D_FREQ 0% GR3D2_FREQ 0%@0 CV0@55.75C CPU@58.687C SOC2@56.812C SOC0@57.75C CV1@55.906C GPU@56.5C tj@59.187C SOC1@59.187C CV2@56C
08-21-2026 20:00:11 RAM 2145/15389MB (lfb 1368x4MB) SWAP 0/7694MB (cached 0MB) CPU [0%@1984,0%@1984,100%@1984,0%@1984,0%@729,0%@729,0%@729,0%@729] EMC_FREQ 0% GR3D_FREQ 0% GR3D2_FREQ 0%@0 CV0@55.75C CPU@58.593C SOC2@56.937C SOC0@57.781C CV1@55.937C GPU@56.375C tj@59.343C SOC1@59.375C CV2@55.937C
08-21-2026 20:00:11 RAM 2145/15389MB (lfb 1368x4MB) SWAP 0/7694MB (cached 0MB) CPU [0%@1984,0%@1984,100%@1984,50%@1984,0%@729,0%@729,0%@729,0%@729] EMC_FREQ 0% GR3D_FREQ 0% GR3D2_FREQ 0%@0 CV0@55.718C CPU@58.562C SOC2@56.812C SOC0@57.75C CV1@55.843C GPU@56.437C tj@59.156C SOC1@59.156C CV2@56C
08-21-2026 20:00:11 RAM 2144/15389MB (lfb 1368x4MB) SWAP 0/7694MB (cached 0MB) CPU [0%@1984,50%@1984,100%@1984,0%@1984,0%@729,0%@729,0%@729,0%@729] EMC_FREQ 0% GR3D_FREQ 0% GR3D2_FREQ 0%@0 CV0@55.781C CPU@58.75C SOC2@56.875C SOC0@57.593C CV1@55.781C GPU@56.625C tj@59.093C SOC1@59.093C CV2@56.125C
08-21-2026 20:00:11 RAM 2145/15389MB (lfb 1368x4MB) SWAP 0/7694MB (cached 0MB) CPU [0%@1984,0%@1984,100%@1984,0%@1984,0%@729,0%@729,0%@729,0%@729] EMC_FREQ 0% GR3D_FREQ 0% GR3D2_FREQ 0%@0 CV0@55.718C CPU@58.75C SOC2@57C SOC0@57.625C CV1@55.937C GPU@56.5C tj@59.062C SOC1@59.062C CV2@56.062C
08-21-2026 20:00:11 RAM 2145/15389MB (lfb 1368x4MB) SWAP 0/7694MB (cached 0MB) CPU [0%@1984,0%@1984,100%@1984,0%@1984,0%@729,0%@729,0%@729,0%@729] EMC_FREQ 0% GR3D_FREQ 0% GR3D2_FREQ 0%@0 CV0@55.625C CPU@58.718C SOC2@56.968C SOC0@57.656C CV1@55.906C GPU@56.437C tj@59.156C SOC1@59.156C CV2@55.968C
08-21-2026 20:00:11 RAM 2145/15389MB (lfb 1368x4MB) SWAP 0/7694MB (cached 0MB) CPU [0%@1984,0%@1984,100%@1984,0%@1984,0%@729,0%@729,0%@729,0%@729] EMC_FREQ 0% GR3D_FREQ 0% GR3D2_FREQ 0%@0 CV0@55.812C CPU@58.718C SOC2@56.875C SOC0@57.593C CV1@55.75C GPU@56.5C tj@59.156C SOC1@59.156C CV2@55.937C
08-21-2026 20:00:11 RAM 2145/15389MB (lfb 1368x4MB) SWAP 0/7694MB (cached 0MB) CPU [0%@1984,0%@1984,100%@1984,0%@1984,0%@729,0%@729,0%@729,0%@729] EMC_FREQ 0% GR3D_FREQ 0% GR3D2_FREQ 0%@0 CV0@55.718C CPU@58.781C SOC2@56.937C SOC0@57.687C CV1@55.812C GPU@56.343C tj@59.125C SOC1@59.125C CV2@55.875C
08-21-2026 20:00:11 RAM 2144/15389MB (lfb 1368x4MB) SWAP 0/7694MB (cached 0MB) CPU [0%@1984,0%@1984,100%@1984,50%@1984,0%@729,0%@729,0%@729,0%@729] EMC_FREQ 0% GR3D_FREQ 0% GR3D2_FREQ 0%@0 CV0@55.781C CPU@58.718C SOC2@56.937C SOC0@57.781C CV1@55.781C GPU@56.5C tj@59.281C SOC1@59.281C CV2@55.875C
08-21-2026 20:00:11 RAM 2144/15389MB (lfb 1368x4MB) SWAP 0/7694MB (cached 0MB) CPU [0%@1984,0%@1984,100%@1984,50%@1984,0%@729,0%@729,0%@729,0%@729] EMC_FREQ 0% GR3D_FREQ 0% GR3D2_FREQ 0%@0 CV0@55.75C CPU@58.687C SOC2@56.875C SOC0@57.718C CV1@55.781C GPU@56.656C tj@59.281C SOC1@59.281C CV2@55.937C
08-21-2026 20:00:11 RAM 2144/15389MB (lfb 1368x4MB) SWAP 0/7694MB (cached 0MB) CPU [0%@1984,0%@1984,100%@1984,0%@1984,0%@729,0%@729,0%@729,0%@729] EMC_FREQ 0% GR3D_FREQ 0% GR3D2_FREQ 0%@0 CV0@55.812C CPU@58.687C SOC2@56.937C SOC0@57.656C CV1@55.687C GPU@56.406C tj@59.218C SOC1@59.218C CV2@56.093C
08-21-2026 20:00:11 RAM 2144/15389MB (lfb 1368x4MB) SWAP 0/7694MB (cached 0MB) CPU [0%@1984,0%@1984,100%@1984,50%@1984,0%@729,0%@729,0%@729,0%@729] EMC_FREQ 0% GR3D_FREQ 0% GR3D2_FREQ 0%@0 CV0@55.718C CPU@58.843C SOC2@56.937C SOC0@57.625C CV1@55.781C GPU@56.468C tj@59.125C SOC1@59.125C CV2@56.062C
08-21-2026 20:00:11 RAM 2144/15389MB (lfb 1368x4MB) SWAP 0/7694MB (cached 0MB) CPU [0%@1984,0%@1984,100%@1984,0%@1984,0%@729,0%@729,0%@729,0%@729] EMC_FREQ 0% GR3D_FREQ 0% GR3D2_FREQ 0%@0 CV0@56C CPU@58.875C SOC2@56.937C SOC0@57.625C CV1@55.812C GPU@56.562C tj@59C SOC1@59C CV2@56.187C
08-21-2026 20:00:11 RAM 2144/15389MB (lfb 1368x4MB) SWAP 0/7694MB (cached 0MB) CPU [0%@1984,0%@1984,100%@1984,0%@1984,0%@729,0%@729,0%@729,0%@729] EMC_FREQ 0% GR3D_FREQ 0% GR3D2_FREQ 0%@0 CV0@55.875C CPU@59C SOC2@57C SOC0@57.687C CV1@55.812C GPU@56.437C tj@59.093C SOC1@59.093C CV2@56C
08-21-2026 20:00:11 RAM 2144/15389MB (lfb 1368x4MB) SWAP 0/7694MB (cached 0MB) CPU [0%@1984,0%@1984,100%@1984,0%@1984,0%@729,0%@729,0%@729,0%@729] EMC_FREQ 0% GR3D_FREQ 0% GR3D2_FREQ 0%@0 CV0@55.812C CPU@58.781C SOC2@56.843C SOC0@57.75C CV1@55.687C GPU@56.562C tj@58.968C SOC1@58.968C CV2@56C
08-21-2026 20:00:11 RAM 2144/15389MB (lfb 1368x4MB) SWAP 0/7694MB (cached 0MB) CPU [0%@1984,0%@1984,100%@1984,0%@1984,0%@729,0%@729,0%@729,0%@729] EMC_FREQ 0% GR3D_FREQ 0% GR3D2_FREQ 0%@0 CV0@55.812C CPU@58.656C SOC2@56.968C SOC0@57.718C CV1@55.781C GPU@56.625C tj@59.25C SOC1@59.25C CV2@56.031C
08-21-2026 20:00:11 RAM 2144/15389MB (lfb 1368x4MB) SWAP 0/7694MB (cached 0MB) CPU [0%@1984,0%@1984,50%@1984,50%@1984,0%@729,0%@729,0%@729,0%@729] EMC_FREQ 0% GR3D_FREQ 0% GR3D2_FREQ 0%@0 CV0@55.812C CPU@58.531C SOC2@56.937C SOC0@57.656C CV1@55.812C GPU@56.5C tj@59.093C SOC1@59.093C CV2@56.187C
08-21-2026 20:00:11 RAM 2144/15389MB (lfb 1368x4MB) SWAP 0/7694MB (cached 0MB) CPU [0%@1984,0%@1984,0%@1984,0%@1984,0%@729,0%@729,0%@729,0%@729] EMC_FREQ 0% GR3D_FREQ 0% GR3D2_FREQ 0%@0 CV0@55.812C CPU@58.625C SOC2@56.968C SOC0@57.656C CV1@55.656C GPU@56.437C tj@59.218C SOC1@59.218C CV2@56C
08-21-2026 20:00:11 RAM 2144/15389MB (lfb 1368x4MB) SWAP 0/7694MB (cached 0MB) CPU [0%@1984,0%@1984,0%@1984,0%@1984,0%@729,0%@729,0%@729,0%@729] EMC_FREQ 0% GR3D_FREQ 0% GR3D2_FREQ 0%@0 CV0@55.718C CPU@58.625C SOC2@57C SOC0@57.625C CV1@55.843C GPU@56.531C tj@58.968C SOC1@58.968C CV2@55.968C
08-21-2026 20:00:11 RAM 2144/15389MB (lfb 1368x4MB) SWAP 0/7694MB (cached 0MB) CPU [0%@1420,0%@1420,0%@1420,0%@1420,0%@729,0%@729,0%@729,0%@729] EMC_FREQ 0% GR3D_FREQ 0% GR3D2_FREQ 0%@0 CV0@55.843C CPU@58.562C SOC2@56.875C SOC0@57.656C CV1@55.75C GPU@56.343C tj@59.125C SOC1@59.125C CV2@56.031C
08-21-2026 20:00:11 RAM 2144/15389MB (lfb 1368x4MB) SWAP 0/7694MB (cached 0MB) CPU [0%@1984,0%@1984,0%@1984,0%@1984,0%@729,0%@729,0%@729,0%@729] EMC_FREQ 0% GR3D_FREQ 0% GR3D2_FREQ 0%@0 CV0@55.906C CPU@58.656C SOC2@56.843C SOC0@57.812C CV1@55.687C GPU@56.5C tj@59.031C SOC1@59.031C CV2@56C
08-21-2026 20:00:11 RAM 2144/15389MB (lfb 1368x4MB) SWAP 0/7694MB (cached 0MB) CPU [0%@1984,50%@1984,0%@1984,0%@1984,0%@729,0%@729,0%@729,0%@729] EMC_FREQ 0% GR3D_FREQ 0% GR3D2_FREQ 0%@0 CV0@55.718C CPU@58.593C SOC2@56.875C SOC0@57.718C CV1@55.75C GPU@56.656C tj@59.218C SOC1@59.218C CV2@55.968C
08-21-2026 20:00:11 RAM 2144/15389MB (lfb 1368x4MB) SWAP 0/7694MB (cached 0MB) CPU [0%@960,0%@960,0%@960,100%@960,0%@729,0%@729,0%@729,0%@729] EMC_FREQ 0% GR3D_FREQ 0% GR3D2_FREQ 0%@0 CV0@55.656C CPU@58.531C SOC2@56.937C SOC0@57.718C CV1@55.656C GPU@56.406C tj@59.343C SOC1@59.343C CV2@56C
08-21-2026 20:00:11 RAM 2144/15389MB (lfb 1368x4MB) SWAP 0/7694MB (cached 0MB) CPU [0%@883,0%@883,0%@883,50%@883,0%@729,0%@729,0%@729,0%@729] EMC_FREQ 0% GR3D_FREQ 0% GR3D2_FREQ 0%@0 CV0@55.718C CPU@58.531C SOC2@56.968C SOC0@57.75C CV1@55.718C GPU@56.437C tj@59.218C SOC1@59.218C CV2@56.093C
08-21-2026 20:00:11 RAM 2144/15389MB (lfb 1368x4MB) SWAP 0/7694MB (cached 0MB) CPU [0%@806,0%@806,0%@806,0%@806,0%@729,0%@729,0%@729,0%@729] EMC_FREQ 0% GR3D_FREQ 0% GR3D2_FREQ 0%@0 CV0@55.687C CPU@58.5C SOC2@56.875C SOC0@57.718C CV1@55.75C GPU@56.375C tj@59.125C SOC1@59.125C CV2@56.125C
08-21-2026 20:00:11 RAM 2144/15389MB (lfb 1368x4MB) SWAP 0/7694MB (cached 0MB) CPU [0%@1984,0%@1984,0%@1984,0%@1984,0%@729,0%@729,0%@729,0%@729] EMC_FREQ 0% GR3D_FREQ 0% GR3D2_FREQ 0%@0 CV0@55.656C CPU@58.687C SOC2@57C SOC0@57.687C CV1@55.875C GPU@56.187C tj@59.156C SOC1@59.156C CV2@56C
08-21-2026 20:00:11 RAM 2144/15389MB (lfb 1368x4MB) SWAP 0/7694MB (cached 0MB) CPU [0%@1984,0%@1984,0%@1984,50%@1984,0%@729,0%@729,0%@729,0%@729] EMC_FREQ 0% GR3D_FREQ 0% GR3D2_FREQ 0%@0 CV0@55.718C CPU@58.531C SOC2@56.812C SOC0@57.656C CV1@55.75C GPU@56.437C tj@59C SOC1@59C CV2@56.062C
08-21-2026 20:00:11 RAM 2144/15389MB (lfb 1368x4MB) SWAP 0/7694MB (cached 0MB) CPU [0%@1984,0%@1984,0%@1984,0%@1984,0%@729,0%@729,0%@729,0%@729] EMC_FREQ 0% GR3D_FREQ 0% GR3D2_FREQ 0%@0 CV0@55.843C CPU@58.562C SOC2@56.906C SOC0@57.781C CV1@55.656C GPU@56.593C tj@59.062C SOC1@59.062C CV2@55.937C
08-21-2026 20:00:11 RAM 2144/15389MB (lfb 1368x4MB) SWAP 0/7694MB (cached 0MB) CPU [0%@960,0%@960,0%@960,100%@960,0%@729,0%@729,0%@729,0%@729] EMC_FREQ 0% GR3D_FREQ 0% GR3D2_FREQ 0%@0 CV0@55.906C CPU@58.531C SOC2@56.906C SOC0@57.843C CV1@55.656C GPU@56.281C tj@59.312C SOC1@59.312C CV2@56C
08-21-2026 20:00:11 RAM 2144/15389MB (lfb 1368x4MB) SWAP 0/7694MB (cached 0MB) CPU [0%@960,0%@960,0%@960,0%@960,0%@729,0%@729,0%@729,0%@729] EMC_FREQ 0% GR3D_FREQ 0% GR3D2_FREQ 0%@0 CV0@55.687C CPU@58.5C SOC2@56.781C SOC0@57.75C CV1@55.781C GPU@56.468C tj@59.187C SOC1@59.187C CV2@56C
08-21-2026 20:00:11 RAM 2144/15389MB (lfb 1368x4MB) SWAP 0/7694MB (cached 0MB) CPU [0%@1984,0%@1984,0%@1984,50%@1984,0%@729,0%@729,0%@729,0%@729] EMC_FREQ 0% GR3D_FREQ 0% GR3D2_FREQ 0%@0 CV0@55.687C CPU@58.468C SOC2@56.781C SOC0@57.75C CV1@55.625C GPU@56.281C tj@59.156C SOC1@59.156C CV2@56.093C
08-21-2026 20:00:11 RAM 2144/15389MB (lfb 1368x4MB) SWAP 0/7694MB (cached 0MB) CPU [0%@883,0%@883,0%@883,0%@883,0%@729,0%@729,0%@729,0%@729] EMC_FREQ 0% GR3D_FREQ 0% GR3D2_FREQ 0%@0 CV0@55.781C CPU@58.375C SOC2@56.906C SOC0@57.625C CV1@55.75C GPU@56.156C tj@59.218C SOC1@59.062C CV2@56.062C
08-21-2026 20:00:11 RAM 2144/15389MB (lfb 1368x4MB) SWAP 0/7694MB (cached 0MB) CPU [0%@806,0%@806,0%@806,50%@806,0%@729,0%@729,0%@729,0%@729] EMC_FREQ 0% GR3D_FREQ 0% GR3D2_FREQ 0%@0 CV0@55.656C CPU@58.812C SOC2@56.843C SOC0@57.718C CV1@55.875C GPU@56.375C tj@59.093C SOC1@59.093C CV2@56.125C
08-21-2026 20:00:11 RAM 2144/15389MB (lfb 1368x4MB) SWAP 0/7694MB (cached 0MB) CPU [0%@806,0%@806,0%@806,0%@806,0%@729,0%@729,0%@729,0%@729] EMC_FREQ 0% GR3D_FREQ 0% GR3D2_FREQ 0%@0 CV0@55.593C CPU@58.718C SOC2@56.937C SOC0@57.718C CV1@55.718C GPU@56.531C tj@59.125C SOC1@59.125C CV2@55.937C
08-21-2026 20:00:11 RAM 2144/15389MB (lfb 1368x4MB) SWAP 0/7694MB (cached 0MB) CPU [50%@1984,0%@1984,0%@1984,0%@1984,0%@729,0%@729,0%@729,0%@729] EMC_FREQ 0% GR3D_FREQ 0% GR3D2_FREQ 0%@0 CV0@55.812C CPU@58.656C SOC2@56.843C SOC0@57.625C CV1@55.718C GPU@56.218C tj@59.093C SOC1@59.093C CV2@56C
08-21-2026 20:00:11 RAM 2144/15389MB (lfb 1368x4MB) SWAP 0/7694MB (cached 0MB) CPU [0%@1984,0%@1984,0%@1984,100%@1984,0%@729,0%@729,0%@729,0%@729] EMC_FREQ 0% GR3D_FREQ 0% GR3D2_FREQ 0%@0 CV0@55.843C CPU@58.531C SOC2@56.875C SOC0@57.75C CV1@55.781C GPU@56.437C tj@59.312C SOC1@59.312C CV2@56C
08-21-2026 20:00:11 RAM 2144/15389MB (lfb 1368x4MB) SWAP 0/7694MB (cached 0MB) CPU [0%@1984,0%@1984,0%@1984,0%@1984,0%@729,0%@729,0%@729,0%@729] EMC_FREQ 0% GR3D_FREQ 0% GR3D2_FREQ 0%@0 CV0@55.656C CPU@58.468C SOC2@56.781C SOC0@57.75C CV1@55.625C GPU@56.187C tj@59.156C SOC1@59.156C CV2@56C
08-21-2026 20:00:11 RAM 2144/15389MB (lfb 1368x4MB) SWAP 0/7694MB (cached 0MB) CPU [0%@1984,0%@1984,0%@1984,0%@1984,0%@729,0%@729,0%@729,0%@729] EMC_FREQ 0% GR3D_FREQ 0% GR3D2_FREQ 0%@0 CV0@55.625C CPU@58.375C SOC2@56.875C SOC0@57.781C CV1@55.656C GPU@56.281C tj@59.218C SOC1@59.218C CV2@56.093C
08-21-2026 20:00:11 RAM 2144/15389MB (lfb 1368x4MB) SWAP 0/7694MB (cached 0MB) CPU [0%@1984,50%@1984,0%@1984,0%@1984,0%@729,0%@729,0%@729,0%@729] EMC_FREQ 0% GR3D_FREQ 0% GR3D2_FREQ 0%@0 CV0@55.718C CPU@58.468C SOC2@56.937C SOC0@57.718C CV1@55.718C GPU@56.343C tj@59.187C SOC1@59.187C CV2@56.062C
08-21-2026 20:00:11 RAM 2144/15389MB (lfb 1368x4MB) SWAP 0/7694MB (cached 0MB) CPU [0%@883,0%@883,0%@883,50%@883,0%@729,0%@729,0%@729,0%@729] EMC_FREQ 0% GR3D_FREQ 0% GR3D2_FREQ 0%@0 CV0@55.75C CPU@58.406C SOC2@56.781C SOC0@57.625C CV1@55.718C GPU@56.531C tj@59.031C SOC1@59.031C CV2@56C
08-21-2026 20:00:11 RAM 2144/15389MB (lfb 1368x4MB) SWAP 0/7694MB (cached 0MB) CPU [0%@806,0%@806,0%@806,0%@806,0%@729,0%@729,0%@729,0%@729] EMC_FREQ 0% GR3D_FREQ 0% GR3D2_FREQ 0%@0 CV0@55.656C CPU@58.593C SOC2@56.937C SOC0@57.687C CV1@55.812C GPU@56.25C tj@59.187C SOC1@59.156C CV2@56C
08-21-2026 20:00:11 RAM 2144/15389MB (lfb 1368x4MB) SWAP 0/7694MB (cached 0MB) CPU [0%@1984,0%@1984,0%@1984,50%@1984,0%@729,0%@729,0%@729,0%@729] EMC_FREQ 0% GR3D_FREQ 0% GR3D2_FREQ 0%@0 CV0@55.718C CPU@58.437C SOC2@56.906C SOC0@57.625C CV1@55.718C GPU@56.437C tj@59.062C SOC1@59.062C CV2@55.968C
08-21-2026 20:00:11 RAM 2144/15389MB (lfb 1368x4MB) SWAP 0/7694MB (cached 0MB) CPU [0%@729,0%@729,0%@729,0%@729,0%@729,0%@729,0%@729,0%@729] EMC_FREQ 0% GR3D_FREQ 0% GR3D2_FREQ 0%@0 CV0@55.75C CPU@58.531C SOC2@56.781C SOC0@57.781C CV1@55.718C GPU@56.25C tj@59.343C SOC1@59.343C CV2@56C
08-21-2026 20:00:11 RAM 2144/15389MB (lfb 1368x4MB) SWAP 0/7694MB (cached 0MB) CPU [0%@1984,0%@1984,0%@1984,0%@1984,0%@729,0%@729,0%@729,0%@729] EMC_FREQ 0% GR3D_FREQ 0% GR3D2_FREQ 0%@0 CV0@55.625C CPU@58.531C SOC2@56.843C SOC0@57.75C CV1@55.687C GPU@56.218C tj@59.312C SOC1@59.312C CV2@56C
08-21-2026 20:00:11 RAM 2144/15389MB (lfb 1368x4MB) SWAP 0/7694MB (cached 0MB) CPU [50%@1984,0%@1984,0%@1984,0%@1984,0%@729,0%@729,0%@729,0%@729] EMC_FREQ 0% GR3D_FREQ 0% GR3D2_FREQ 0%@0 CV0@55.687C CPU@58.593C SOC2@56.812C SOC0@57.687C CV1@55.718C GPU@56.281C tj@59.125C SOC1@59.125C CV2@56.031C
08-21-2026 20:00:11 RAM 2144/15389MB (lfb 1368x4MB) SWAP 0/7694MB (cached 0MB) CPU [0%@1984,0%@1984,0%@1984,0%@1984,0%@729,0%@729,0%@729,0%@729] EMC_FREQ 0% GR3D_FREQ 0% GR3D2_FREQ 0%@0 CV0@55.562C CPU@58.718C SOC2@56.968C SOC0@57.75C CV1@55.718C GPU@56.593C tj@59.156C SOC1@59.156C CV2@56.031C
08-21-2026 20:00:11 RAM 2144/15389MB (lfb 1368x4MB) SWAP 0/7694MB (cached 0MB) CPU [0%@1984,0%@1984,0%@1984,100%@1984,0%@729,0%@729,0%@729,0%@729] EMC_FREQ 0% GR3D_FREQ 0% GR3D2_FREQ 0%@0 CV0@55.718C CPU@58.625C SOC2@56.781C SOC0@57.625C CV1@55.687C GPU@56.281C tj@59.031C SOC1@59.031C CV2@56C
08-21-2026 20:00:11 RAM 2144/15389MB (lfb 1368x4MB) SWAP 0/7694MB (cached 0MB) CPU [0%@1984,0%@1984,0%@1984,50%@1984,0%@729,0%@729,0%@729,0%@729] EMC_FREQ 0% GR3D_FREQ 0% GR3D2_FREQ 0%@0 CV0@55.718C CPU@58.625C SOC2@56.843C SOC0@57.656C CV1@55.75C GPU@56.437C tj@59.031C SOC1@59.031C CV2@56.031C
08-21-2026 20:00:11 RAM 2144/15389MB (lfb 1368x4MB) SWAP 0/7694MB (cached 0MB) CPU [0%@1984,0%@1984,0%@1984,0%@1984,0%@729,0%@729,0%@729,0%@729] EMC_FREQ 0% GR3D_FREQ 0% GR3D2_FREQ 0%@0 CV0@55.75C CPU@58.5C SOC2@56.781C SOC0@57.625C CV1@55.656C GPU@56.218C tj@59.406C SOC1@59.406C CV2@56C
08-21-2026 20:00:11 RAM 2144/15389MB (lfb 1368x4MB) SWAP 0/7694MB (cached 0MB) CPU [0%@1984,0%@1984,0%@1984,50%@1984,0%@729,0%@729,0%@729,0%@729] EMC_FREQ 0% GR3D_FREQ 0% GR3D2_FREQ 0%@0 CV0@55.687C CPU@58.375C SOC2@56.812C SOC0@57.781C CV1@55.75C GPU@56.312C tj@59.281C SOC1@59.281C CV2@55.906C
08-21-2026 20:00:11 RAM 2144/15389MB (lfb 1368x4MB) SWAP 0/7694MB (cached 0MB) CPU [0%@1984,0%@1984,0%@1984,50%@1984,0%@729,0%@729,0%@729,0%@729] EMC_FREQ 0% GR3D_FREQ 0% GR3D2_FREQ 0%@0 CV0@55.656C CPU@58.343C SOC2@56.875C SOC0@57.687C CV1@55.718C GPU@56.187C tj@59.156C SOC1@59.156C CV2@56C
08-21-2026 20:00:11 RAM 2144/15389MB (lfb 1368x4MB) SWAP 0/7694MB (cached 0MB) CPU [0%@1984,0%@1984,0%@1984,0%@1984,0%@729,0%@729,0%@729,0%@729] EMC_FREQ 0% GR3D_FREQ 0% GR3D2_FREQ 0%@0 CV0@55.625C CPU@58.375C SOC2@56.781C SOC0@57.625C CV1@55.562C GPU@56.281C tj@59.156C SOC1@59.156C CV2@56.062C
08-21-2026 20:00:11 RAM 2144/15389MB (lfb 1368x4MB) SWAP 0/7694MB (cached 0MB) CPU [0%@1984,0%@1984,0%@1984,0%@1984,0%@729,0%@729,0%@729,0%@729] EMC_FREQ 0% GR3D_FREQ 0% GR3D2_FREQ 0%@0 CV0@55.656C CPU@58.375C SOC2@56.843C SOC0@57.75C CV1@55.875C GPU@56.5C tj@59.156C SOC1@59.218C CV2@56C
08-21-2026 20:00:11 RAM 2144/15389MB (lfb 1368x4MB) SWAP 0/7694MB (cached 0MB) CPU [0%@729,0%@729,0%@729,0%@729,0%@729,0%@729,0%@729,0%@729] EMC_FREQ 0% GR3D_FREQ 0% GR3D2_FREQ 0%@0 CV0@55.843C CPU@58.375C SOC2@56.843C SOC0@57.593C CV1@55.781C GPU@56.437C tj@59.156C SOC1@59.156C CV2@56C
08-21-2026 20:00:11 RAM 2144/15389MB (lfb 1368x4MB) SWAP 0/7694MB (cached 0MB) CPU [0%@806,0%@806,0%@806,100%@806,0%@729,0%@729,0%@729,0%@729] EMC_FREQ 0% GR3D_FREQ 0% GR3D2_FREQ 0%@0 CV0@55.812C CPU@58.5C SOC2@56.843C SOC0@57.593C CV1@55.75C GPU@56.218C tj@59.062C SOC1@59.093C CV2@56C
08-21-2026 20:00:11 RAM 2144/15389MB (lfb 1368x4MB) SWAP 0/7694MB (cached 0MB) CPU [0%@806,0%@806,0%@806,0%@806,0%@729,0%@729,0%@729,0%@729] EMC_FREQ 0% GR3D_FREQ 0% GR3D2_FREQ 0%@0 CV0@55.718C CPU@58.343C SOC2@56.781C SOC0@57.75C CV1@55.75C GPU@56.312C tj@59.343C SOC1@59.343C CV2@55.968C
08-21-2026 20:00:11 RAM 2144/15389MB (lfb 1368x4MB) SWAP 0/7694MB (cached 0MB) CPU [0%@1984,0%@1984,0%@1984,50%@1984,0%@729,0%@729,0%@729,0%@729] EMC_FREQ 0% GR3D_FREQ 0% GR3D2_FREQ 0%@0 CV0@55.656C CPU@58.375C SOC2@56.875C SOC0@57.812C CV1@55.718C GPU@56.156C tj@59.187C SOC1@59.187C CV2@55.906C
08-21-2026 20:00:12 RAM 2144/15389MB (lfb 1368x4MB) SWAP 0/7694MB (cached 0MB) CPU [0%@806,50%@806,0%@806,0%@806,0%@729,0%@729,0%@729,0%@729] EMC_FREQ 0% GR3D_FREQ 0% GR3D2_FREQ 0%@0 CV0@55.593C CPU@58.437C SOC2@56.843C SOC0@57.781C CV1@55.656C GPU@56.375C tj@59.093C SOC1@59.093C CV2@55.968C
08-21-2026 20:00:12 RAM 2144/15389MB (lfb 1368x4MB) SWAP 0/7694MB (cached 0MB) CPU [0%@1984,0%@1984,0%@1984,50%@1984,0%@729,0%@729,0%@729,0%@729] EMC_FREQ 0% GR3D_FREQ 0% GR3D2_FREQ 0%@0 CV0@55.656C CPU@58.375C SOC2@56.781C SOC0@57.625C CV1@55.593C GPU@56.281C tj@59.093C SOC1@59.093C CV2@56.125C
08-21-2026 20:00:12 RAM 2144/15389MB (lfb 1368x4MB) SWAP 0/7694MB (cached 0MB) CPU [0%@1984,0%@1984,0%@1984,0%@1984,0%@729,0%@729,0%@729,0%@729] EMC_FREQ 0% GR3D_FREQ 0% GR3D2_FREQ 0%@0 CV0@55.625C CPU@58.531C SOC2@56.812C SOC0@57.687C CV1@55.875C GPU@56.437C tj@59.062C SOC1@59.062C CV2@56C
08-21-2026 20:00:12 RAM 2144/15389MB (lfb 1368x4MB) SWAP 0/7694MB (cached 0MB) CPU [0%@1984,0%@1984,0%@1984,0%@1984,0%@729,0%@729,0%@729,0%@729] EMC_FREQ 0% GR3D_FREQ 0% GR3D2_FREQ 0%@0 CV0@55.718C CPU@58.531C SOC2@56.718C SOC0@57.656C CV1@55.687C GPU@56.156C tj@59.125C SOC1@59.125C CV2@55.906C
08-21-2026 20:00:12 RAM 2144/15389MB (lfb 1368x4MB) SWAP 0/7694MB (cached 0MB) CPU [0%@729,0%@729,0%@729,0%@729,0%@729,0%@729,0%@729,0%@729] EMC_FREQ 0% GR3D_FREQ 0% GR3D2_FREQ 0%@0 CV0@55.75C CPU@58.593C SOC2@56.843C SOC0@57.687C CV1@55.718C GPU@56.406C tj@59.031C SOC1@59.031C CV2@55.843C
08-21-2026 20:00:12 RAM 2144/15389MB (lfb 1368x4MB) SWAP 0/7694MB (cached 0MB) CPU [0%@806,0%@806,0%@806,0%@806,0%@729,0%@729,0%@729,0%@729] EMC_FREQ 0% GR3D_FREQ 0% GR3D2_FREQ 0%@0 CV0@55.625C CPU@58.5C SOC2@56.812C SOC0@57.75C CV1@55.687C GPU@56.187C tj@59C SOC1@59C CV2@55.875C
08-21-2026 20:00:12 RAM 2144/15389MB (lfb 1368x4MB) SWAP 0/7694MB (cached 0MB) CPU [0%@729,0%@729,0%@729,50%@729,0%@729,0%@729,0%@729,0%@729] EMC_FREQ 0% GR3D_FREQ 0% GR3D2_FREQ 0%@0 CV0@55.593C CPU@58.406C SOC2@56.625C SOC0@57.75C CV1@55.593C GPU@56.25C tj@59.125C SOC1@59.125C CV2@55.875C
08-21-2026 20:00:12 RAM 2144/15389MB (lfb 1368x4MB) SWAP 0/7694MB (cached 0MB) CPU [0%@1984,0%@1984,0%@1984,0%@1984,0%@729,0%@729,0%@729,0%@729] EMC_FREQ 0% GR3D_FREQ 0% GR3D2_FREQ 0%@0 CV0@55.593C CPU@58.343C SOC2@56.718C SOC0@57.75C CV1@55.562C GPU@56.156C tj@59.187C SOC1@59.187C CV2@56C
08-21-2026 20:00:12 RAM 2144/15389MB (lfb 1368x4MB) SWAP 0/7694MB (cached 0MB) CPU [0%@729,0%@729,0%@729,50%@1984,0%@729,0%@729,0%@729,0%@729] EMC_FREQ 0% GR3D_FREQ 0% GR3D2_FREQ 0%@0 CV0@55.625C CPU@58.75C SOC2@56.75C SOC0@57.656C CV1@55.687C GPU@56.406C tj@59.156C SOC1@59.156C CV2@56C
08-21-2026 20:00:12 RAM 2144/15389MB (lfb 1368x4MB) SWAP 0/7694MB (cached 0MB) CPU [0%@1984,0%@1984,50%@1984,0%@1984,0%@729,0%@729,0%@729,0%@729] EMC_FREQ 0% GR3D_FREQ 0% GR3D2_FREQ 0%@0 CV0@55.625C CPU@58.625C SOC2@56.781C SOC0@57.562C CV1@55.781C GPU@56.125C tj@58.937C SOC1@59.218C CV2@55.968C
08-21-2026 20:00:12 RAM 2144/15389MB (lfb 1368x4MB) SWAP 0/7694MB (cached 0MB) CPU [0%@1984,0%@1984,0%@1984,50%@1984,0%@729,0%@729,0%@729,0%@729] EMC_FREQ 0% GR3D_FREQ 0% GR3D2_FREQ 0%@0 CV0@55.843C CPU@58.531C SOC2@56.781C SOC0@57.593C CV1@55.75C GPU@56.343C tj@59.031C SOC1@59.031C CV2@56C
08-21-2026 20:00:12 RAM 2144/15389MB (lfb 1368x4MB) SWAP 0/7694MB (cached 0MB) CPU [0%@1984,0%@1984,0%@1984,0%@1984,0%@729,0%@729,0%@729,0%@729] EMC_FREQ 0% GR3D_FREQ 0% GR3D2_FREQ 0%@0 CV0@55.843C CPU@58.562C SOC2@56.875C SOC0@57.625C CV1@55.687C GPU@56.125C tj@59.125C SOC1@59.125C CV2@56C
08-21-2026 20:00:12 RAM 2144/15389MB (lfb 1368x4MB) SWAP 0/7694MB (cached 0MB) CPU [0%@1984,0%@1984,0%@1984,100%@1984,0%@729,0%@729,0%@729,0%@729] EMC_FREQ 0% GR3D_FREQ 0% GR3D2_FREQ 0%@0 CV0@55.687C CPU@58.593C SOC2@56.781C SOC0@57.75C CV1@55.593C GPU@56.281C tj@58.968C SOC1@58.968C CV2@55.812C
08-21-2026 20:00:12 RAM 2144/15389MB (lfb 1368x4MB) SWAP 0/7694MB (cached 0MB) CPU [0%@729,0%@729,33%@729,0%@729,0%@729,0%@729,0%@729,0%@729] EMC_FREQ 0% GR3D_FREQ 0% GR3D2_FREQ 0%@0 CV0@55.656C CPU@58.375C SOC2@56.843C SOC0@57.812C CV1@55.781C GPU@56.187C tj@59.125C SOC1@59.125C CV2@55.906C
08-21-2026 20:00:12 RAM 2144/15389MB (lfb 1368x4MB) SWAP 0/7694MB (cached 0MB) CPU [0%@1984,0%@1984,0%@1984,50%@1984,0%@729,0%@729,0%@729,0%@729] EMC_FREQ 0% GR3D_FREQ 0% GR3D2_FREQ 0%@0 CV0@55.562C CPU@58.375C SOC2@56.687C SOC0@57.718C CV1@55.625C GPU@56.437C tj@59.093C SOC1@59.093C CV2@55.968C
08-21-2026 20:00:12 RAM 2144/15389MB (lfb 1368x4MB) SWAP 0/7694MB (cached 0MB) CPU [0%@1984,0%@1984,0%@1984,50%@1984,0%@729,0%@729,0%@729,0%@729] EMC_FREQ 0% GR3D_FREQ 0% GR3D2_FREQ 0%@0 CV0@55.75C CPU@58.281C SOC2@56.718C SOC0@57.75C CV1@55.656C GPU@56.25C tj@59.187C SOC1@59.187C CV2@56.062C
08-21-2026 20:00:12 RAM 2144/15389MB (lfb 1368x4MB) SWAP 0/7694MB (cached 0MB) CPU [50%@729,0%@729,0%@729,0%@729,0%@729,0%@729,0%@729,0%@729] EMC_FREQ 0% GR3D_FREQ 0% GR3D2_FREQ 0%@0 CV0@55.531C CPU@58.375C SOC2@56.781C SOC0@57.687C CV1@55.718C GPU@56.343C tj@59.093C SOC1@59.093C CV2@56.031C
08-21-2026 20:00:12 RAM 2144/15389MB (lfb 1368x4MB) SWAP 0/7694MB (cached 0MB) CPU [0%@1984,0%@1984,0%@1984,0%@1984,0%@729,0%@729,0%@729,0%@729] EMC_FREQ 0% GR3D_FREQ 0% GR3D2_FREQ 0%@0 CV0@55.5C CPU@58.375C SOC2@56.843C SOC0@57.656C CV1@55.75C GPU@56.125C tj@59.062C SOC1@59.062C CV2@55.875C
08-21-2026 20:00:12 RAM 2144/15389MB (lfb 1368x4MB) SWAP 0/7694MB (cached 0MB) CPU [0%@1984,0%@1984,0%@1984,100%@1984,0%@729,0%@729,0%@729,0%@729] EMC_FREQ 0% GR3D_FREQ 0% GR3D2_FREQ 0%@0 CV0@55.781C CPU@58.437C SOC2@56.718C SOC0@57.562C CV1@55.718C GPU@56.281C tj@59.031C SOC1@59.031C CV2@56C
08-21-2026 20:00:12 RAM 2144/15389MB (lfb 1368x4MB) SWAP 0/7694MB (cached 0MB) CPU [0%@1984,0%@1984,0%@1984,50%@1984,0%@729,0%@729,0%@729,0%@729] EMC_FREQ 0% GR3D_FREQ 0% GR3D2_FREQ 0%@0 CV0@55.625C CPU@58.468C SOC2@56.687C SOC0@57.75C CV1@55.625C GPU@56.187C tj@58.937C SOC1@58.937C CV2@55.843C
08-21-2026 20:00:12 RAM 2144/15389MB (lfb 1368x4MB) SWAP 0/7694MB (cached 0MB) CPU [0%@1984,0%@1984,0%@1984,0%@1984,0%@729,0%@729,0%@729,0%@729] EMC_FREQ 0% GR3D_FREQ 0% GR3D2_FREQ 0%@0 CV0@55.625C CPU@58.375C SOC2@56.75C SOC0@57.718C CV1@55.687C GPU@56.468C tj@59.156C SOC1@59.156C CV2@55.906C
08-21-2026 20:00:12 RAM 2144/15389MB (lfb 1368x4MB) SWAP 0/7694MB (cached 0MB) CPU [0%@1984,0%@1984,0%@1984,0%@1984,0%@729,0%@729,0%@729,0%@729] EMC_FREQ 0% GR3D_FREQ 0% GR3D2_FREQ 0%@0 CV0@55.687C CPU@58.406C SOC2@56.781C SOC0@57.718C CV1@55.656C GPU@56.156C tj@59.187C SOC1@59.187C CV2@56.093C
08-21-2026 20:00:12 RAM 2144/15389MB (lfb 1368x4MB) SWAP 0/7694MB (cached 0MB) CPU [0%@1984,0%@1984,0%@1984,100%@1984,0%@729,0%@729,0%@729,0%@729] EMC_FREQ 0% GR3D_FREQ 0% GR3D2_FREQ 0%@0 CV0@55.625C CPU@58.375C SOC2@56.875C SOC0@57.75C CV1@55.656C GPU@56.25C tj@59.031C SOC1@59.031C CV2@56C
08-21-2026 20:00:12 RAM 2144/15389MB (lfb 1368x4MB) SWAP 0/7694MB (cached 0MB) CPU [0%@1984,0%@1984,0%@1984,50%@1984,0%@729,0%@729,0%@729,0%@729] EMC_FREQ 0% GR3D_FREQ 0% GR3D2_FREQ 0%@0 CV0@55.593C CPU@58.531C SOC2@56.843C SOC0@57.718C CV1@55.812C GPU@56.093C tj@59.031C SOC1@59.031C CV2@55.968C
08-21-2026 20:00:12 RAM 2144/15389MB (lfb 1368x4MB) SWAP 0/7694MB (cached 0MB) CPU [0%@806,0%@806,0%@806,0%@806,0%@729,0%@729,0%@729,0%@729] EMC_FREQ 0% GR3D_FREQ 0% GR3D2_FREQ 0%@0 CV0@55.625C CPU@58.531C SOC2@56.843C SOC0@57.562C CV1@55.656C GPU@56.156C tj@58.937C SOC1@58.937C CV2@56C
08-21-2026 20:00:12 RAM 2144/15389MB (lfb 1368x4MB) SWAP 0/7694MB (cached 0MB) CPU [50%@729,0%@729,0%@729,0%@729,0%@729,0%@729,0%@729,0%@729] EMC_FREQ 0% GR3D_FREQ 0% GR3D2_FREQ 0%@0 CV0@55.718C CPU@58.375C SOC2@56.75C SOC0@57.562C CV1@55.687C GPU@56.062C tj@58.937C SOC1@58.937C CV2@55.906C
08-21-2026 20:00:12 RAM 2144/15389MB (lfb 1368x4MB) SWAP 0/7694MB (cached 0MB) CPU [0%@1984,0%@1984,0%@1984,100%@1984,0%@729,0%@729,0%@729,0%@729] EMC_FREQ 0% GR3D_FREQ 0% GR3D2_FREQ 0%@0 CV0@55.656C CPU@58.5C SOC2@56.687C SOC0@57.781C CV1@55.593C GPU@56.375C tj@58.937C SOC1@58.937C CV2@55.875C
08-21-2026 20:00:12 RAM 2144/15389MB (lfb 1368x4MB) SWAP 0/7694MB (cached 0MB) CPU [0%@1984,0%@1984,50%@1984,0%@1984,0%@729,0%@729,0%@729,0%@729] EMC_FREQ 0% GR3D_FREQ 0% GR3D2_FREQ 0%@0 CV0@55.687C CPU@58.343C SOC2@56.781C SOC0@57.75C CV1@55.687C GPU@56.093C tj@59.25C SOC1@59.25C CV2@55.843C
08-21-2026 20:00:12 RAM 2144/15389MB (lfb 1368x4MB) SWAP 0/7694MB (cached 0MB) CPU [0%@1984,0%@1984,0%@1984,0%@1984,0%@729,0%@729,0%@729,0%@729] EMC_FREQ 0% GR3D_FREQ 0% GR3D2_FREQ 0%@0 CV0@55.687C CPU@58.312C SOC2@56.781C SOC0@57.781C CV1@55.625C GPU@56.375C tj@59.093C SOC1@59.093C CV2@56C
08-21-2026 20:00:12 RAM 2144/15389MB (lfb 1368x4MB) SWAP 0/7694MB (cached 0MB) CPU [0%@1984,0%@1984,0%@1984,50%@1984,0%@729,0%@729,0%@729,0%@729] EMC_FREQ 0% GR3D_FREQ 0% GR3D2_FREQ 0%@0 CV0@55.656C CPU@58.281C SOC2@56.75C SOC0@57.593C CV1@55.625C GPU@56.156C tj@59.093C SOC1@59.093C CV2@56.031C
08-21-2026 20:00:12 RAM 2144/15389MB (lfb 1368x4MB) SWAP 0/7694MB (cached 0MB) CPU [0%@1984,0%@1984,0%@1984,0%@1984,0%@729,0%@729,0%@729,0%@729] EMC_FREQ 0% GR3D_FREQ 0% GR3D2_FREQ 0%@0 CV0@55.687C CPU@58.593C SOC2@56.875C SOC0@57.531C CV1@55.75C GPU@56.281C tj@59.093C SOC1@59.093C CV2@56C
08-21-2026 20:00:12 RAM 2144/15389MB (lfb 1368x4MB) SWAP 0/7694MB (cached 0MB) CPU [0%@960,0%@960,0%@960,50%@960,0%@729,0%@729,0%@729,0%@729] EMC_FREQ 0% GR3D_FREQ 0% GR3D2_FREQ 0%@0 CV0@55.593C CPU@58.625C SOC2@56.75C SOC0@57.593C CV1@55.625C GPU@56.093C tj@58.968C SOC1@58.968C CV2@55.875C
08-21-2026 20:00:12 RAM 2144/15389MB (lfb 1368x4MB) SWAP 0/7694MB (cached 0MB) CPU [0%@1984,0%@1984,0%@1984,0%@1984,0%@729,0%@729,0%@729,0%@729] EMC_FREQ 0% GR3D_FREQ 0% GR3D2_FREQ 0%@0 CV0@55.687C CPU@58.593C SOC2@56.75C SOC0@57.625C CV1@55.75C GPU@56.437C tj@58.906C SOC1@58.906C CV2@55.875C
08-21-2026 20:00:12 RAM 2144/15389MB (lfb 1368x4MB) SWAP 0/7694MB (cached 0MB) CPU [33%@883,0%@883,0%@883,0%@883,0%@729,0%@729,0%@729,0%@729] EMC_FREQ 0% GR3D_FREQ 0% GR3D2_FREQ 0%@0 CV0@55.718C CPU@58.468C SOC2@56.781C SOC0@57.875C CV1@55.656C GPU@56.125C tj@58.937C SOC1@58.937C CV2@55.906C
08-21-2026 20:00:12 RAM 2144/15389MB (lfb 1368x4MB) SWAP 0/7694MB (cached 0MB) CPU [0%@1984,0%@1984,0%@1984,50%@1984,0%@729,0%@729,0%@729,0%@729] EMC_FREQ 0% GR3D_FREQ 0% GR3D2_FREQ 0%@0 CV0@55.75C CPU@58.25C SOC2@56.718C SOC0@57.718C CV1@55.625C GPU@56.343C tj@59.156C SOC1@59.156C CV2@55.968C
08-21-2026 20:00:12 RAM 2144/15389MB (lfb 1368x4MB) SWAP 0/7694MB (cached 0MB) CPU [0%@883,0%@883,0%@883,0%@883,0%@729,0%@729,0%@729,0%@729] EMC_FREQ 0% GR3D_FREQ 0% GR3D2_FREQ 0%@0 CV0@55.593C CPU@58.437C SOC2@56.687C SOC0@57.656C CV1@55.531C GPU@56.062C tj@59.156C SOC1@59.156C CV2@56.062C
08-21-2026 20:00:12 RAM 2144/15389MB (lfb 1368x4MB) SWAP 0/7694MB (cached 0MB) CPU [0%@1984,0%@1984,0%@1984,0%@1984,0%@729,0%@729,0%@729,0%@729] EMC_FREQ 0% GR3D_FREQ 0% GR3D2_FREQ 0%@0 CV0@55.531C CPU@58.343C SOC2@56.812C SOC0@57.75C CV1@55.593C GPU@56.218C tj@59.093C SOC1@59.093C CV2@56C
08-21-2026 20:00:12 RAM 2144/15389MB (lfb 1368x4MB) SWAP 0/7694MB (cached 0MB) CPU [0%@1984,0%@1984,0%@1984,0%@1984,0%@729,0%@729,0%@729,0%@729] EMC_FREQ 0% GR3D_FREQ 0% GR3D2_FREQ 0%@0 CV0@55.5C CPU@58.25C SOC2@56.875C SOC0@57.593C CV1@55.75C GPU@56.031C tj@59.031C SOC1@59.031C CV2@55.937C
08-21-2026 20:00:12 RAM 2144/15389MB (lfb 1368x4MB) SWAP 0/7694MB (cached 0MB) CPU [0%@1984,0%@1984,0%@1984,50%@1984,0%@729,0%@729,0%@729,0%@729] EMC_FREQ 0% GR3D_FREQ 0% GR3D2_FREQ 0%@0 CV0@55.531C CPU@58.531C SOC2@56.875C SOC0@57.687C CV1@55.75C GPU@56.468C tj@59.156C SOC1@59.156C CV2@56C
08-21-2026 20:00:12 RAM 2144/15389MB (lfb 1368x4MB) SWAP 0/7694MB (cached 0MB) CPU [50%@806,0%@806,0%@806,0%@806,0%@729,0%@729,0%@729,0%@729] EMC_FREQ 0% GR3D_FREQ 0% GR3D2_FREQ 0%@0 CV0@55.718C CPU@58.5C SOC2@56.75C SOC0@57.718C CV1@55.781C GPU@56.125C tj@59.031C SOC1@59.031C CV2@55.875C
08-21-2026 20:00:12 RAM 2144/15389MB (lfb 1368x4MB) SWAP 0/7694MB (cached 0MB) CPU [0%@1984,0%@1984,0%@1984,50%@1984,0%@729,0%@729,0%@729,0%@729] EMC_FREQ 0% GR3D_FREQ 0% GR3D2_FREQ 0%@0 CV0@55.687C CPU@58.406C SOC2@56.812C SOC0@57.75C CV1@55.718C GPU@56.343C tj@58.968C SOC1@58.968C CV2@55.906C
08-21-2026 20:00:12 RAM 2144/15389MB (lfb 1368x4MB) SWAP 0/7694MB (cached 0MB) CPU [0%@1984,0%@1984,0%@1984,100%@1984,0%@729,0%@729,0%@729,0%@729] EMC_FREQ 0% GR3D_FREQ 0% GR3D2_FREQ 0%@0 CV0@55.625C CPU@58.312C SOC2@56.781C SOC0@57.75C CV1@55.718C GPU@56.062C tj@59.218C SOC1@59.218C CV2@55.937C
08-21-2026 20:00:12 RAM 2144/15389MB (lfb 1368x4MB) SWAP 0/7694MB (cached 0MB) CPU [0%@883,0%@883,0%@1984,50%@1984,0%@729,0%@729,0%@729,0%@729] EMC_FREQ 0% GR3D_FREQ 0% GR3D2_FREQ 0%@0 CV0@55.562C CPU@58.406C SOC2@56.718C SOC0@57.718C CV1@55.593C GPU@56.25C tj@59.031C SOC1@59.031C CV2@56C
08-21-2026 20:00:12 RAM 2144/15389MB (lfb 1368x4MB) SWAP 0/7694MB (cached 0MB) CPU [0%@960,0%@960,0%@960,0%@960,0%@729,0%@729,0%@729,0%@729] EMC_FREQ 0% GR3D_FREQ 0% GR3D2_FREQ 0%@0 CV0@55.5C CPU@58.625C SOC2@56.875C SOC0@57.656C CV1@55.625C GPU@56.062C tj@59.187C SOC1@59.187C CV2@55.968C
08-21-2026 20:00:12 RAM 2144/15389MB (lfb 1368x4MB) SWAP 0/7694MB (cached 0MB) CPU [0%@1984,0%@1984,0%@1984,0%@1984,0%@729,0%@729,0%@729,0%@729] EMC_FREQ 0% GR3D_FREQ 0% GR3D2_FREQ 0%@0 CV0@55.531C CPU@58.593C SOC2@56.843C SOC0@57.718C CV1@55.75C GPU@56.125C tj@59.062C SOC1@59.062C CV2@56C
08-21-2026 20:00:12 RAM 2144/15389MB (lfb 1368x4MB) SWAP 0/7694MB (cached 0MB) CPU [0%@1984,0%@1984,0%@1984,0%@1984,0%@729,0%@729,0%@729,0%@729] EMC_FREQ 0% GR3D_FREQ 0% GR3D2_FREQ 0%@0 CV0@55.562C CPU@58.5C SOC2@56.718C SOC0@57.562C CV1@55.625C GPU@56.5C tj@59.031C SOC1@59.031C CV2@56.031C
08-21-2026 20:00:12 RAM 2144/15389MB (lfb 1368x4MB) SWAP 0/7694MB (cached 0MB) CPU [0%@960,0%@960,0%@1984,0%@1984,0%@729,0%@729,0%@729,0%@729] EMC_FREQ 0% GR3D_FREQ 0% GR3D2_FREQ 0%@0 CV0@55.718C CPU@58.375C SOC2@56.718C SOC0@57.562C CV1@55.687C GPU@56.375C tj@58.937C SOC1@58.937C CV2@55.875C
08-21-2026 20:00:12 RAM 2144/15389MB (lfb 1368x4MB) SWAP 0/7694MB (cached 0MB) CPU [0%@883,0%@883,50%@883,50%@883,0%@729,0%@729,0%@729,0%@729] EMC_FREQ 0% GR3D_FREQ 0% GR3D2_FREQ 0%@0 CV0@55.625C CPU@58.375C SOC2@56.812C SOC0@57.781C CV1@55.656C GPU@56.062C tj@59.375C SOC1@59.375C CV2@55.906C
08-21-2026 20:00:12 RAM 2144/15389MB (lfb 1368x4MB) SWAP 0/7694MB (cached 0MB) CPU [0%@960,0%@960,0%@960,50%@960,0%@729,0%@729,0%@729,0%@729] EMC_FREQ 0% GR3D_FREQ 0% GR3D2_FREQ 0%@0 CV0@55.718C CPU@58.312C SOC2@56.718C SOC0@57.687C CV1@55.531C GPU@56.375C tj@59.093C SOC1@59.093C CV2@55.906C
08-21-2026 20:00:12 RAM 2144/15389MB (lfb 1368x4MB) SWAP 0/7694MB (cached 0MB) CPU [0%@806,0%@806,0%@806,0%@806,0%@729,0%@729,0%@729,0%@729] EMC_FREQ 0% GR3D_FREQ 0% GR3D2_FREQ 0%@0 CV0@55.593C CPU@58.468C SOC2@56.687C SOC0@57.718C CV1@55.593C GPU@56.062C tj@59.187C SOC1@59.187C CV2@56.062C
08-21-2026 20:00:12 RAM 2144/15389MB (lfb 1368x4MB) SWAP 0/7694MB (cached 0MB) CPU [0%@1984,0%@1984,0%@1984,100%@1984,0%@729,0%@729,0%@729,0%@729] EMC_FREQ 0% GR3D_FREQ 0% GR3D2_FREQ 0%@0 CV0@55.531C CPU@58.343C SOC2@56.812C SOC0@57.687C CV1@55.593C GPU@56.25C tj@58.968C SOC1@59.031C CV2@55.968C
08-21-2026 20:00:12 RAM 2144/15389MB (lfb 1368x4MB) SWAP 0/7694MB (cached 0MB) CPU [0%@1984,0%@1984,0%@1984,0%@1984,0%@729,0%@729,0%@729,0%@729] EMC_FREQ 0% GR3D_FREQ 0% GR3D2_FREQ 0%@0 CV0@55.531C CPU@58.281C SOC2@56.75C SOC0@57.687C CV1@55.781C GPU@56.5C tj@59.031C SOC1@59.031C CV2@55.875C
08-21-2026 20:00:12 RAM 2144/15389MB (lfb 1368x4MB) SWAP 0/7694MB (cached 0MB) CPU [0%@883,0%@883,0%@883,50%@883,0%@729,0%@729,0%@729,0%@729] EMC_FREQ 0% GR3D_FREQ 0% GR3D2_FREQ 0%@0 CV0@55.562C CPU@58.562C SOC2@56.906C SOC0@57.625C CV1@55.718C GPU@56.281C tj@59.125C SOC1@59.125C CV2@56C
08-21-2026 20:00:12 RAM 2144/15389MB (lfb 1368x4MB) SWAP 0/7694MB (cached 0MB) CPU [0%@1984,0%@1984,33%@1984,0%@1984,0%@729,0%@729,0%@729,0%@729] EMC_FREQ 0% GR3D_FREQ 0% GR3D2_FREQ 0%@0 CV0@55.718C CPU@58.593C SOC2@56.812C SOC0@57.531C CV1@55.75C GPU@56.031C tj@59C SOC1@59C CV2@56C
08-21-2026 20:00:12 RAM 2144/15389MB (lfb 1368x4MB) SWAP 0/7694MB (cached 0MB) CPU [0%@883,0%@883,0%@883,0%@883,0%@729,0%@729,0%@729,0%@729] EMC_FREQ 0% GR3D_FREQ 0% GR3D2_FREQ 0%@0 CV0@55.656C CPU@58.25C SOC2@56.75C SOC0@57.875C CV1@55.781C GPU@56.25C tj@59.343C SOC1@59.343C CV2@55.875C
08-21-2026 20:00:12 RAM 2144/15389MB (lfb 1368x4MB) SWAP 0/7694MB (cached 0MB) CPU [0%@806,0%@806,0%@806,50%@806,0%@729,0%@729,0%@729,0%@729] EMC_FREQ 0% GR3D_FREQ 0% GR3D2_FREQ 0%@0 CV0@55.562C CPU@58.343C SOC2@56.718C SOC0@57.75C CV1@55.656C GPU@56.093C tj@59.218C SOC1@59.218C CV2@55.968C
08-21-2026 20:00:12 RAM 2144/15389MB (lfb 1368x4MB) SWAP 0/7694MB (cached 0MB) CPU [0%@883,0%@883,0%@883,50%@883,0%@729,0%@729,0%@729,0%@729] EMC_FREQ 0% GR3D_FREQ 0% GR3D2_FREQ 0%@0 CV0@55.531C CPU@58.375C SOC2@56.718C SOC0@57.687C CV1@55.593C GPU@56.031C tj@59.031C SOC1@59.031C CV2@55.906C
08-21-2026 20:00:12 RAM 2144/15389MB (lfb 1368x4MB) SWAP 0/7694MB (cached 0MB) CPU [0%@729,0%@729,0%@729,0%@729,0%@729,0%@729,0%@729,0%@729] EMC_FREQ 0% GR3D_FREQ 0% GR3D2_FREQ 0%@0 CV0@55.531C CPU@58.281C SOC2@56.593C SOC0@57.562C CV1@55.656C GPU@56.187C tj@59.062C SOC1@59.062C CV2@56C
08-21-2026 20:00:12 RAM 2144/15389MB (lfb 1368x4MB) SWAP 0/7694MB (cached 0MB) CPU [0%@1984,0%@1984,0%@1984,50%@1984,0%@729,0%@729,0%@729,0%@729] EMC_FREQ 0% GR3D_FREQ 0% GR3D2_FREQ 0%@0 CV0@55.687C CPU@58.343C SOC2@56.781C SOC0@57.625C CV1@55.625C GPU@56.343C tj@59C SOC1@59C CV2@56.031C
08-21-2026 20:00:12 RAM 2144/15389MB (lfb 1368x4MB) SWAP 0/7694MB (cached 0MB) CPU [0%@806,0%@806,0%@806,0%@806,0%@729,0%@729,0%@729,0%@729] EMC_FREQ 0% GR3D_FREQ 0% GR3D2_FREQ 0%@0 CV0@55.531C CPU@58.25C SOC2@56.75C SOC0@57.625C CV1@55.718C GPU@56.125C tj@58.937C SOC1@58.937C CV2@56C
08-21-2026 20:00:12 RAM 2144/15389MB (lfb 1368x4MB) SWAP 0/7694MB (cached 0MB) CPU [0%@1984,0%@1984,0%@1984,50%@1984,0%@729,0%@729,0%@729,0%@729] EMC_FREQ 0% GR3D_FREQ 0% GR3D2_FREQ 0%@0 CV0@55.531C CPU@58.468C SOC2@56.781C SOC0@57.687C CV1@55.75C GPU@56.25C tj@59.062C SOC1@59.062C CV2@55.968C
08-21-2026 20:00:12 RAM 2144/15389MB (lfb 1368x4MB) SWAP 0/7694MB (cached 0MB) CPU [0%@1984,0%@1984,0%@1984,0%@1984,0%@729,0%@729,0%@729,0%@729] EMC_FREQ 0% GR3D_FREQ 0% GR3D2_FREQ 0%@0 CV0@55.781C CPU@58.375C SOC2@56.718C SOC0@57.75C CV1@55.625C GPU@56C tj@58.937C SOC1@58.937C CV2@55.937C
08-21-2026 20:00:12 RAM 2144/15389MB (lfb 1368x4MB) SWAP 0/7694MB (cached 0MB) CPU [0%@1984,0%@1984,0%@1984,50%@1984,0%@729,0%@729,0%@729,0%@729] EMC_FREQ 0% GR3D_FREQ 0% GR3D2_FREQ 0%@0 CV0@55.687C CPU@58.468C SOC2@56.593C SOC0@57.687C CV1@55.593C GPU@56.156C tj@59.281C SOC1@59.281C CV2@55.875C
08-21-2026 20:00:12 RAM 2144/15389MB (lfb 1368x4MB) SWAP 0/7694MB (cached 0MB) CPU [0%@1984,0%@1984,0%@1984,100%@1984,0%@729,0%@729,0%@729,0%@729] EMC_FREQ 0% GR3D_FREQ 0% GR3D2_FREQ 0%@0 CV0@55.656C CPU@58.312C SOC2@56.812C SOC0@57.718C CV1@55.625C GPU@56.156C tj@59.218C SOC1@59.218C CV2@55.937C
08-21-2026 20:00:12 RAM 2144/15389MB (lfb 1368x4MB) SWAP 0/7694MB (cached 0MB) CPU [0%@1984,0%@1984,50%@1984,0%@1984,0%@729,0%@729,0%@729,0%@729] EMC_FREQ 0% GR3D_FREQ 0% GR3D2_FREQ 0%@0 CV0@55.593C CPU@58.718C SOC2@56.75C SOC0@57.687C CV1@55.531C GPU@56.343C tj@59.031C SOC1@59.031C CV2@55.937C
08-21-2026 20:00:12 RAM 2144/15389MB (lfb 1368x4MB) SWAP 0/7694MB (cached 0MB) CPU [0%@806,0%@806,0%@806,50%@806,0%@729,0%@729,0%@729,0%@729] EMC_FREQ 0% GR3D_FREQ 0% GR3D2_FREQ 0%@0 CV0@55.531C CPU@58.625C SOC2@56.875C SOC0@57.656C CV1@55.781C GPU@56.125C tj@59.093C SOC1@59.093C CV2@55.968C
08-21-2026 20:00:12 RAM 2144/15389MB (lfb 1368x4MB) SWAP 0/7694MB (cached 0MB) CPU [0%@883,0%@883,0%@883,50%@883,0%@729,0%@729,0%@729,0%@729] EMC_FREQ 0% GR3D_FREQ 0% GR3D2_FREQ 0%@0 CV0@55.531C CPU@58.531C SOC2@56.75C SOC0@57.625C CV1@55.781C GPU@56.343C tj@59.156C SOC1@59.156C CV2@55.968C
08-21-2026 20:00:12 RAM 2144/15389MB (lfb 1368x4MB) SWAP 0/7694MB (cached 0MB) CPU [0%@1984,0%@1984,0%@1984,0%@1984,0%@729,0%@729,0%@729,0%@729] EMC_FREQ 0% GR3D_FREQ 0% GR3D2_FREQ 0%@0 CV0@55.75C CPU@58.5C SOC2@56.687C SOC0@57.625C CV1@55.687C GPU@56.062C tj@59.062C SOC1@59.062C CV2@55.968C
08-21-2026 20:00:12 RAM 2144/15389MB (lfb 1368x4MB) SWAP 0/7694MB (cached 0MB) CPU [0%@806,0%@806,0%@806,100%@806,0%@729,0%@729,0%@729,0%@729] EMC_FREQ 0% GR3D_FREQ 0% GR3D2_FREQ 0%@0 CV0@55.718C CPU@58.5C SOC2@56.656C SOC0@57.562C CV1@55.656C GPU@56.187C tj@59.218C SOC1@59.218C CV2@56C
08-21-2026 20:00:12 RAM 2144/15389MB (lfb 1368x4MB) SWAP 0/7694MB (cached 0MB) CPU [0%@1984,0%@1984,50%@1984,0%@1984,0%@729,0%@729,0%@729,0%@729] EMC_FREQ 0% GR3D_FREQ 0% GR3D2_FREQ 0%@0 CV0@55.625C CPU@58.5C SOC2@56.625C SOC0@57.718C CV1@55.625C GPU@56.093C tj@59.125C SOC1@59.125C CV2@56.031C
08-21-2026 20:00:12 RAM 2144/15389MB (lfb 1368x4MB) SWAP 0/7694MB (cached 0MB) CPU [50%@1984,0%@1984,0%@1984,0%@1984,0%@729,0%@729,0%@729,0%@729] EMC_FREQ 0% GR3D_FREQ 0% GR3D2_FREQ 0%@0 CV0@55.531C CPU@58.312C SOC2@56.781C SOC0@57.75C CV1@55.531C GPU@56.343C tj@59.187C SOC1@59.25C CV2@55.875C
08-21-2026 20:00:12 RAM 2144/15389MB (lfb 1368x4MB) SWAP 0/7694MB (cached 0MB) CPU [0%@1984,0%@1984,0%@1984,0%@1984,0%@729,0%@729,0%@729,0%@729] EMC_FREQ 0% GR3D_FREQ 0% GR3D2_FREQ 0%@0 CV0@55.593C CPU@58.343C SOC2@56.781C SOC0@57.656C CV1@55.531C GPU@56.093C tj@59.187C SOC1@59.187C CV2@56.062C
08-21-2026 20:00:12 RAM 2144/15389MB (lfb 1368x4MB) SWAP 0/7694MB (cached 0MB) CPU [0%@806,0%@806,0%@806,100%@806,0%@729,0%@729,0%@729,0%@729] EMC_FREQ 0% GR3D_FREQ 0% GR3D2_FREQ 0%@0 CV0@55.531C CPU@58.343C SOC2@56.875C SOC0@57.687C CV1@55.687C GPU@56.312C tj@59.156C SOC1@59.156C CV2@55.968C
08-21-2026 20:00:12 RAM 2144/15389MB (lfb 1368x4MB) SWAP 0/7694MB (cached 0MB) CPU [66%@1984,0%@1984,0%@1984,0%@1984,0%@729,0%@729,0%@729,0%@729] EMC_FREQ 0% GR3D_FREQ 0% GR3D2_FREQ 0%@0 CV0@55.468C CPU@58.718C SOC2@56.718C SOC0@57.687C CV1@55.812C GPU@56.062C tj@59C SOC1@59C CV2@56C
